machine_id,temperature,vibration,pressure,humidity,failure
1,74.96714153011233,4.364360476965945,46.60752634756389,38.56576783541071,0
2,68.61735698828815,4.319878837424219,48.47250268473174,39.6734409625969,1
3,76.47688538100692,2.3065352410549775,47.01309469477429,40.64294878587582,0
4,85.23029856408026,4.504864712447844,50.5520902347306,49.4686146164618,1
5,67.65846625276664,6.099243622732617,55.98589265730956,32.527826915132565,0
6,67.6586304305082,3.0886518213848073,46.14478921429398,31.5365300848734,0
7,85.79212815507391,6.5727239765758885,55.00410248884207,52.36619742142975,0
8,77.67434729152909,5.731662231626507,46.09163963826556,35.37355258118702,1
9,65.30525614065049,3.898650017043443,45.76186393751558,27.369646464229337,0
10,75.42560043585965,4.787705543993229,54.09297309171607,35.1487005790013,0
11,65.36582307187538,7.397482711461549,54.60968189003808,36.69947264755999,0
12,65.34270246429743,6.1003217202587985,54.25704968381327,55.54962727725765,0
13,72.41962271566034,5.013175482347222,43.421012958909294,49.248262123767375,0
14,50.86719755342202,4.643475024558524,47.670245109639744,51.47520616632242,0
15,52.75082167486967,5.114913605677489,54.114942960016606,48.19973642346786,0
16,64.37712470759027,4.232354663086545,50.20770920281947,49.46243671615314,1
17,59.87168879665576,1.8428757414214783,44.63153576901268,33.11917873419682,0
18,73.14247332595274,8.063266865802095,52.29158969562721,38.01397844646516,0
19,60.91975924478789,5.232987498799102,46.42596370504265,30.10084686976451,0
20,55.87696298664709,5.597220897683806,58.97262424196106,37.89511969462966,1
21,84.65648768921554,4.913138375184637,57.724207312091295,46.84104990934741,0
22,67.74223699513465,3.897324798913118,53.020487131777834,41.34583284812247,0
23,70.67528204687923,4.721113278576844,56.80503352384887,53.114808189602954,0
24,55.75251813786544,2.6009078567085333,50.32395675061691,28.585842077727808,0
25,64.55617275474818,8.415629747079958,53.82718747187508,45.0023835069824,1
26,71.10922589709867,3.148232002366406,57.388601476510374,27.516971981306817,1
27,58.490064225776976,3.4520505742292307,51.22749340897156,40.941764691736424,0
28,73.75698018345672,4.339611193420399,48.72406414242858,47.40333422556479,0
29,63.99361310081195,6.932113587278566,41.47689020911442,37.85497433175781,0
30,67.08306250206724,5.021763498893981,49.58433237139253,45.51126604086956,0
31,63.98293387770603,3.145796305954306,54.11711592281156,30.40267665167066,0
32,88.52278184508938,6.88150754113601,54.72816713783815,23.36310021803617,0
33,69.86502775262066,6.096500940178222,52.52182532859205,45.57029622487803,0
34,59.422890710440996,5.807652435824679,47.2935045251888,57.44010234075733,1
35,78.22544912103189,6.0736013617562605,40.115892155262046,30.03955059830108,0
36,57.791563500289776,8.591542850873676,47.523924509976325,52.221941801067956,0
37,72.08863595004756,8.277642342554168,48.478275644730246,40.43423408816411,0
38,50.403298761202244,3.969926985495057,48.43535516404993,26.64308478306924,0
39,56.71813951101569,7.435827489216728,53.092781784889624,28.684946986478373,0
40,71.96861235869123,5.57475228463835,59.928382055074195,40.1578477336065,0
41,77.3846657999541,5.748643724206624,50.617646009205465,35.95537712075896,0
42,71.7136828118997,2.4615937525350073,48.91634105421769,26.87087023241761,0
43,68.8435171761176,4.744421351917706,48.70389093497954,23.05960718774595,0
44,66.98896304410711,3.7807646144951526,50.62192383453857,31.53280672073494,1
45,55.214780096325725,6.242088222339964,45.85853119825801,41.93809008331118,0
46,62.801557916052914,6.606620750604208,50.60099279373028,39.93599247396862,1
47,65.39361229040213,1.888270473475533,52.254061681658996,34.98762042499922,1
48,80.57122226218915,4.966947703993594,51.04843031787244,42.01887194291483,1
49,73.43618289568461,6.6827922571913785,52.28770967002391,50.40026719862688,1
50,52.36959844637266,4.719981556529833,52.168738046742675,43.941265104341475,0
51,73.24083969394795,6.093595467503547,41.14051658876778,38.786913286104195,1
52,66.14917719583684,5.526748201440626,53.18435079197702,49.28072006660689,0
53,63.23077999694041,5.5124903479289395,46.64492577168773,30.40149697783705,0
54,76.11676288840867,4.593027532897554,44.52080418498021,37.750804604446486,0
55,80.30999522495951,3.1751287937964356,44.47774086072502,37.989120643996316,0
56,79.31280119116198,3.317704778862459,52.16770805236265,27.630467415571545,0
57,61.607824767773614,6.064028771682976,48.88712536387573,35.80125837715642,0
58,66.90787624148786,5.029187383278325,41.590156080072944,19.25040319104697,0
59,73.31263431403563,4.792231633089163,52.390189075961416,59.12178047662954,0
60,79.75545127122359,4.364164936516471,42.801959346005866,30.62586211563687,0
61,65.2082576215471,4.542216731778872,50.69910679259105,55.861141314213114,0
62,68.14341023336183,6.570367691732209,51.19249462836527,40.380845057194925,0
63,58.93665025993972,4.49713387719796,54.42788540847523,45.64864132155959,0
64,58.037933759193294,2.9884029300476467,58.90842393233426,35.112002016490685,0
65,78.12525822394198,6.11547766331026,43.176618370497295,42.079296919616745,0
66,83.56240028570824,4.692685004202924,49.73763071968475,46.50489639988436,0
67,69.27989878419666,5.047093798299165,48.618323524778916,46.64552414394182,0
68,80.03532897892023,7.411367459599266,52.16874842980481,47.74773390074357,0
69,73.61636025047635,4.969159163974239,51.07834385466809,36.316672899608236,0
70,63.54880245394876,5.433775509678088,48.2372687863169,35.196403275086446,0
71,73.61395605508415,3.2316147630525123,47.795489056945726,24.058236747323964,1
72,85.38036566465969,4.67049582147356,44.417745724079765,45.23219011176937,0
73,69.64173960890048,5.914289067812902,54.93930791203255,50.82378711323443,0
74,85.64643655814007,2.6669393992381365,52.296020907997644,56.159816799179296,0
75,43.80254895910255,5.301267639673564,54.58884098897569,43.05172634580508,0
76,78.21902504375224,5.151186608967209,48.44801931762243,32.33520227091431,1
77,70.87047068238171,5.061931183381159,46.71582265652785,23.029038567105445,0
78,67.00992649534132,6.555738347987365,44.608424666853864,50.416667330833505,0
79,70.91760776535503,5.501657772272782,51.7945879187033,22.037234332224646,0
80,50.124310853991076,7.217107847534666,44.801033877358826,36.59395922256233,0
81,67.80328112162488,3.5096157266089456,59.24331534483275,37.75693172056354,0
82,73.57112571511746,5.203886850827522,43.461787094532795,39.30544862148981,0
83,84.77894044741517,5.126700179584921,51.36830059606251,40.3580260003584,0
84,64.81729781726352,3.39611825936738,57.834273536068935,41.38147556367575,1
85,61.91506397106812,6.434442503137019,52.995448796319046,15.846367379214705,0
86,64.98242956415463,8.487009958779227,50.878368562458895,40.14655909870127,0
87,79.15402117702074,4.974490888274254,45.15758176519052,17.70424425888123,0
88,73.28751109659684,5.75753163241065,43.09115405716148,47.32218073090995,0
89,64.70239796232961,5.126777713722991,53.85025054458793,34.44874844196388,0
90,75.13267433113356,3.929622995139236,57.53073620387473,18.429632747766497,0
91,70.9707754934804,2.2688595832969756,47.805750047609145,31.857953226146243,0
92,79.68644990532889,3.941339775356952,44.30469246191824,34.29924660815346,0
93,62.979469061226474,2.912062428572403,37.709152847254906,51.90699617555005,0
94,66.72337853402232,7.556153117088677,45.096175781687315,41.96637741750245,0
95,66.07891846867842,4.827335459115141,49.4317157875048,43.4444494435058,0
96,55.364850518678814,4.481121006429244,57.99561620418367,51.812216342206014,0
97,72.96120277064576,6.333730737181709,53.365668461164844,39.03855712075511,0
98,72.6105527217989,3.317373345716168,51.525427023533766,47.54187961032403,0
99,70.05113456642461,3.8497039429931714,47.99940169349435,46.83861113931992,1
100,67.65412866624852,5.102108403872932,47.08417141372022,27.135305064305875,0
101,55.84629257949586,6.543153487135221,57.02823798753982,54.729835776298295,0
102,65.79354677234642,5.752527567753182,51.00369270379195,25.796982199293055,0
103,66.57285483473231,5.372487713773824,39.48699654039489,49.17366649477848,0
104,61.97722730778381,5.117176602854024,46.63230176051378,24.829269630943674,1
105,68.3871428833399,5.600353783290163,45.708919841141864,46.01236788151673,0
106,74.04050856814538,5.302479357693882,47.26867995411268,58.61914878150173,0
107,88.8618590121053,3.4550415878345966,52.81455330142543,37.870213434497884,0
108,71.74577812831839,5.069118832449727,49.46277559102875,37.43644357146854,0
109,72.57550390722764,3.3894670116233714,49.61567296498169,46.10439999316849,0
110,69.25554084233833,5.121623814351236,56.567365806626185,36.70603544037457,0
111,50.812287847009586,4.279028087767638,46.517694551066555,58.18278703742821,0
112,69.73486124550783,8.809072434174292,59.32099762943675,41.92192249458696,1
113,70.60230209941027,4.940158424372432,46.64346204314457,36.79830491779274,0
114,94.63242112485287,2.893640650607617,50.445990983062856,34.597144721043165,0
115,68.07639035218878,4.798729683984613,48.59398202298617,30.670515298269795,0
116,73.01547342333612,5.779038118456832,50.617095667504806,33.7224501324251,0
117,69.65288230294756,7.510045919228785,52.22295997536565,36.49326606341403,0
118,58.31321962380468,4.115821400091923,52.16917620044438,35.123609265014196,0
119,81.4282281451502,2.62635803896454,46.2344133468971,33.41824725862896,1
120,77.51933032686775,6.225255517146472,44.385426612762146,60.9884123035244,0
121,77.91031947043047,2.929101941150523,62.515858954528554,29.6990492351051,0
122,60.906125452052606,4.345766837738773,47.58007830199723,41.466325876461745,0
123,84.02794310936099,4.613569271733509,53.49606219335993,45.92521009760872,0
124,55.98148937207719,4.895549820049838,41.96179344738402,46.301079955837324,0
125,75.8685709380027,6.033746685611503,48.60193640047662,39.41392924217528,0
126,91.90455625809979,3.9745485765704185,49.364003080087784,37.59297428152691,0
127,60.09463674869312,4.5894061217498585,52.364075349639165,44.515474912395064,0
128,64.33702270397228,4.978594470575917,36.3877292950403,42.665216499782005,0
129,70.99651365087641,5.224396936278182,50.83070306539165,37.41041165232487,1
130,64.965243458838,5.146740762061884,44.25129272316053,24.381214282755693,0
131,54.493365689338674,5.65400866283387,51.62172855597462,35.32076277666752,0
132,70.68562974806028,6.265759264462606,44.818354015809184,28.534498362925422,0
133,59.37696286273895,5.588951173476452,45.72258652037209,33.328404499336735,0
134,74.73592430635182,5.680378285263828,48.63186194803366,40.3322323851696,0
135,60.80575765766197,2.6266652498802836,44.73835265198402,43.58736143996616,0
136,85.4993440501754,5.07534154874852,47.622327766323224,57.80452751292406,0
137,62.16746707663763,5.719261322002413,44.033121157283425,34.62593621096186,0
138,66.77938483794324,6.093411791855676,40.834147741506364,47.74625635275151,0
139,78.1351721736967,3.961473838649309,55.0897852621468,43.059600244378366,0
140,57.69135683566045,4.011441087667032,43.51975653588036,52.959976706397896,0
141,72.2745993460413,4.138848987074603,49.106595561960084,45.76228719595626,0
142,83.07142754282428,5.804620849837015,53.76445540746892,29.915185727136837,0
143,53.92516765438772,6.5508215823863125,46.925279487419786,22.769539707087688,1
144,71.84633858532304,4.388809839062597,45.87417050127231,43.11261699667505,0
145,72.59882794248423,6.361943470440574,51.131190443337104,34.71549002099609,0
146,77.81822871777311,5.185219713746891,55.58966911363576,30.196862540494028,0
147,57.63049289121918,4.813571334256346,44.153423674567655,27.324222954669224,0
148,56.795433869157236,4.682923655273046,49.24926083991281,41.60975497587155,0
149,75.21941565616898,6.119917046903236,41.33752702516336,55.077076993133645,0
150,72.96984673233186,5.488366725180605,48.033994981589046,35.913276542939585,0
151,72.50492850345877,8.413738141471455,50.171023422690375,45.90270311075322,1
152,73.46448209496975,3.721663035504014,45.72687679122467,38.977336497824076,0
153,63.19975278421509,5.777152553044964,47.715040830873846,27.10617910896607,0
154,72.32253697161003,4.206198485282731,42.95886615846275,47.348113435104175,1
155,72.93072473298682,3.6960695195170343,50.38539305690747,29.053079559726285,0
156,62.85648581973632,4.983699294447542,55.27847124441575,40.21626630593565,0
157,88.65774511144757,5.206028719110554,44.51428065114768,36.58479584994695,0
158,74.73832920911788,9.377260332590138,46.88664116723808,48.930774345656914,0
159,58.08696502797351,4.723781276475197,52.51273123227091,29.418490075293136,0
160,76.5655360863383,3.3047319057729747,56.060453596613684,43.908699078019595,0
161,60.253183297726785,5.409516076241578,42.534050938955346,31.60202592651299,0
162,77.87084603742451,1.8880399436804476,49.156076312920256,34.88894787671215,0
163,81.58595579007404,4.862064826093601,51.415654111597625,3.64799772459898,0
164,61.7931768164829,5.024037923442741,49.489718046855764,60.92098571617909,0
165,79.63376129244321,6.191900574417817,37.616039665614565,45.50556932826232,0
166,74.12780926936499,6.46043337414177,52.50545004654386,32.32652514061836,0
167,78.2206015999449,4.244645571638424,57.59668175545322,28.753443116670063,0
168,88.96792982653947,4.7740789780551,50.58330875584752,35.0435124712066,0
169,67.5461188399713,3.8508187540839938,44.84446973352868,47.168795348194514,0
170,62.4626383564251,3.307906167788459,47.434363768178585,21.079150744150745,0
171,61.10485570374477,5.464842169070952,58.84956533827797,38.58415580705662,0
172,61.841897150345616,3.089621677105101,54.549812704302795,57.70641872462673,0
173,69.22898290585896,4.378059649142205,53.20013309192164,28.660536640321958,0
174,73.41151974816644,3.507239060151144,51.78206291767188,40.80385038763655,1
175,72.7669079933002,5.824524779435389,46.69431443904514,62.03309815257758,0
176,78.27183249036024,7.7021451488997315,48.99714409672116,46.32151629690773,0
177,70.13001891877907,3.0476180257950034,49.61038632160742,41.259238204854555,0
178,84.53534077157317,2.2204722756536466,52.74787158032222,45.066364549090025,0
179,67.35343166762044,4.8126696719748985,57.54459447133452,35.99134664990298,1
180,97.20169166589619,5.0235466939366376,55.59169068396564,52.9963128530344,1
181,76.25667347765007,5.327988960135946,42.9030782210198,36.00669977099788,0
182,61.42842443583717,4.330519227148483,51.11997484450524,20.40818391264023,0
183,59.29107501938888,4.699041051761852,53.683816725839485,36.0869689605954,0
184,74.82472415243186,5.5512656158109035,53.094301650723175,30.332654701232965,0
185,67.7653721467415,6.560646338967258,46.8538311830629,37.188059878025705,0
186,77.14000494092092,2.0674268445225756,64.5705460788418,37.40915940919369,0
187,74.73237624573545,4.446590841452807,43.614577188344406,51.97423199804908,0
188,69.27171087343127,5.3207131909115954,44.58405776666975,46.952927266643854,0
189,61.532062819315954,3.623035843083896,51.16797540630788,42.632654875753964,0
190,54.851527753141355,7.59675444765095,60.584015274819265,39.970545886674046,0
191,65.53485047932979,4.046885179656894,45.81902574647915,29.411419911420055,0
192,78.56398794323472,4.938060969489076,48.67085817176504,18.188247623343226,0
193,72.14093744130204,5.834033145263437,55.386468365078464,41.13160011392783,0
194,57.542612212880115,4.113072816797159,49.910689225561335,47.946412035736586,0
195,71.73180925851182,2.2301404282933746,48.32698072734852,38.91666116755411,0
196,73.85317379728836,4.3570182096252,52.8281645094336,34.651456772132995,0
197,61.16142563798867,6.544160833890561,51.36258995114797,44.64502165214213,0
198,71.53725105945527,4.494657309822292,55.152193928183955,39.16667799375653,0
199,70.58208718446,3.7303485478115324,56.45734444532682,56.857441919739614,0
200,58.57029702169377,6.388508314254082,51.53501530002681,52.327283420682846,0
201,73.57787360348283,4.503837655965421,51.45866362689154,49.59508057023329,0
202,75.60784526368235,4.234758779524674,51.07055491143067,47.57734114209904,0
203,80.83051243175277,5.224184134494965,52.44565278324644,27.09832585548543,0
204,80.53802052034902,6.156125314428181,50.27585318935732,46.629937020526,0
205,56.22330632042909,8.57257029759882,49.996957588388554,43.76325957646575,0
206,60.62174960084877,6.240854161486134,55.98313560413621,46.064247283911634,1
207,75.1503526720866,6.739759949582517,57.580580901775214,44.92609486813053,0
208,75.1378595091221,4.241050701518217,42.4622352768329,44.527625878480656,0
209,75.15047686306048,3.4611978410457853,50.05010575870285,67.00866469549595,0
210,108.52731490654722,5.093497024428684,46.556527832773824,39.23814330048081,0
211,75.70890510693167,5.160754872889394,48.44514266756964,49.363373808293304,0
212,81.35565640180599,3.3822308879531042,52.01258104867661,35.29010189735997,1
213,79.54001763493203,4.737058205143981,53.34719185771234,47.90641583887672,0
214,76.51391251305797,5.598976402578696,49.439367781943275,49.393198902324556,0
215,66.84730755359655,5.54059009252712,40.43329832638599,43.64426077135348,0
216,77.58969220493267,5.756431780076409,45.1747720971191,56.692469423765004,0
217,62.27174785462428,5.436447095206164,54.48249835100083,31.157239636395825,1
218,67.63181393259991,4.2394870110949165,36.29786788982534,35.127790583317775,0
219,65.14636452170896,4.229149060026735,55.93713575841,42.123800860234894,0
220,70.81874139386322,3.201572903009186,52.606149953222705,48.80806853484222,0
221,93.14658566673509,7.677162558777642,56.58088040765011,41.79429521294933,1
222,51.32734807408252,5.0201755469289395,49.007154065595195,52.85759036510566,0
223,76.86260190374513,4.662720416307722,39.692972879885474,33.3831012903368,0
224,53.87284128810349,3.606811877821312,52.15181320753249,28.594215105114458,0
225,65.28068134210567,9.403486853491668,56.3732656201917,43.081283365365046,0
226,80.88950596967366,3.3900079516656567,54.623609027567106,39.22819723886304,0
227,70.64280019095463,4.35672811159089,46.686542582559824,45.4286372035822,0
228,59.22255222070694,5.62375525442909,50.433805377313234,39.72597709133496,0
229,62.84696290740032,5.9003194486164166,47.33581865610038,36.59980209376543,0
230,76.79597748934675,6.436898082823526,45.90366767905314,39.250624282762764,0
231,62.69633368282864,7.711412761653895,54.77694285589926,40.288488947931846,0
232,72.16458589581976,5.759236483191069,44.01233844367419,36.950187001516696,0
233,70.45571839903813,3.4159538000499987,45.530917847091935,37.96867953676572,1
234,63.483996523941826,4.614582312317328,44.479871832638075,35.9640666301309,0
235,91.43944089325325,5.461748558770827,42.548762383504766,48.56665119869407,0
236,76.33919022318011,8.102339062258736,50.73207145921302,41.940210045057995,0
237,49.74857413342393,2.9032917823635547,55.80751524240988,62.56752472168766,0
238,71.86454314769428,6.803864757837841,49.075616218773675,41.607045512784616,0
239,63.38213535231612,5.269871554319625,42.471260997179165,34.49142529671338,0
240,78.52433334796224,6.256745802844221,54.19972269871014,66.70675374863065,0
241,62.07479261567299,4.847007925046102,58.42850877017486,44.136263777143355,0
242,68.85263558533102,3.7363510548105103,46.76878837926703,49.901247868928166,0
243,75.04987278980457,6.126309169101998,47.60722866641141,45.921029832024914,0
244,78.65755194170121,5.981646540658431,52.57830315041697,46.230110292977486,0
245,57.997035929442234,6.458085448609583,58.109368738925255,45.35654051352474,0
246,66.65498764159051,4.980043046932047,47.40082927137387,28.979154352239348,0
247,65.25054688839043,4.100266965020226,43.337751095008976,43.67529047561412,0
248,63.46670767426288,2.6618195074642377,53.15709303136203,26.75138696149761,0
249,87.65454240281096,6.2290599022091095,53.9953403657115,38.25637163587466,0
250,74.04981710960955,5.635834223665979,50.030657252176134,32.743825434367125,0
251,57.391160456649544,3.551326050704061,47.209333701712744,43.57470185848724,0
252,79.17861947054776,4.192139490055064,54.97189365496023,43.34126247338234,0
253,91.22156197012633,4.299861782072839,52.64018002273982,44.81145890765187,0
254,80.32465260551147,2.7755233520263727,46.157822415482535,42.87296572749087,0
255,54.80630034045987,3.7734764050922993,50.245473656528354,33.931746582136014,0
256,65.15765927133748,3.2992544647904687,43.24146233987677,37.3899651064832,0
257,82.66911149186623,4.381281482168095,53.4294522821896,49.203961612544845,0
258,62.92330534381219,3.891953752505656,48.68883215308572,50.678566772943995,0
259,74.43819428146229,2.5594926186998768,47.821445838076315,28.532169013734507,0
260,77.74634053429337,8.033885345854223,49.835627574237826,24.690723674873535,0
261,60.730695284219166,6.878811096543846,50.20153849665124,32.73110616795288,0
262,69.404746439382,3.8314708677200215,54.4746503078278,50.452075820322506,1
263,37.58732659930927,5.4086320949804145,52.95545265662611,52.14884030183035,0
264,59.756123586657104,5.626197634731943,49.217953606035984,30.752881195988284,1
265,67.4743184860684,6.786628782160215,53.81834074859498,43.073093537363384,0
266,57.52216818035151,3.772092460009882,52.00368626845807,58.344313331400876,0
267,86.32411303931636,6.638160175973639,47.86700181856982,44.15311477240334,0
268,55.69858622039367,4.178142043689597,49.37640920881757,54.215032852330935,0
269,65.59955513303017,2.99620639374708,49.258885555784396,49.98726570083098,0
270,71.30740577286092,6.086204838971746,52.52630671587101,30.898012937720893,0
271,84.41273289066116,6.936137636183642,48.164886926391794,38.10018576502922,0
272,55.6413784882056,8.881863460296028,48.04795406789184,40.347544782918476,1
273,81.63163752154959,3.20041210236468,59.84378654716979,41.0413338802134,1
274,70.10233061019586,6.048379527621183,54.69867740873552,49.16328953438571,0
275,60.18491348952049,4.3852981343097,46.1969966778743,44.086847622754085,1
276,74.6210347426327,6.175038065786047,52.854704969710994,10.63799056221885,0
277,71.9905969557347,2.794265673153124,50.591750328275886,26.87159726907274,0
278,63.99783122841205,3.1058453364521537,51.95775587630047,18.12619085023957,0
279,70.69802084990019,3.8361877652502745,50.686706622825525,41.75365240655334,0
280,66.14686403138239,5.118446068502127,55.94821322742618,42.40487649467761,1
281,71.13517345251248,4.038378100192467,51.72810172325723,42.83224958610718,0
282,76.62130674521046,5.98858151587013,49.68955650892856,30.410717322853838,1
283,85.86016816145352,6.540341927386871,55.21095288491509,46.74144005119989,1
284,57.62184501173151,5.899366311868034,51.16642520543936,47.16262496468529,0
285,91.33033374656267,7.428181459491302,50.60739289664529,27.448509327948422,0
286,50.47912200477498,5.623739944183015,51.570113012430575,25.33961798551128,0
287,68.48214904964416,3.1746549344897494,49.53195488316817,39.99868313773062,0
288,75.88317206484577,7.04506477030751,50.04613496497734,57.91782273613359,0
289,72.80991867735032,4.092265646591004,47.06652705619064,56.99742742198642,0
290,63.77300480179406,6.365627749528355,46.244163901880604,45.634043604480524,0
291,67.91877749642725,7.360601324832659,45.0071480675878,32.700033284199236,1
292,65.06999065341168,5.685032016095599,43.040083566014616,48.86842659488585,0
293,64.10635243055789,2.7557617802530254,45.60141319307722,35.475757351909586,0
294,78.49602097021025,3.6226817502353126,49.128664827665375,32.324929633261895,0
295,73.57015485965047,6.984116700327704,50.515587912228185,18.560331683780056,0
296,63.070904047393455,4.7463159715357754,48.643517184261796,41.02382198347653,0
297,78.9959987543325,5.119360302413249,38.22148254936321,33.70132650862625,0
298,73.07299520876609,6.138236624245414,57.87293178881171,40.96430379528505,0
299,78.1286211883896,6.044484293120485,55.43240061445191,17.006423037629386,0
300,76.29628841923612,5.418199718578191,52.228799256085644,41.69826672583687,0
301,61.710049890779274,4.686997443169301,59.53745336276634,15.68878836028372,0
302,64.3981895980303,4.530997331401464,45.113179412581445,50.87940253268552,0
303,77.47293605123262,6.286848237937015,59.438125603130025,45.218912341350844,0
304,76.10370265433465,5.83035429660169,45.173929616247264,37.21335228575412,0
305,69.79098406035853,4.614049999073315,51.19368962645678,45.62719860082079,0
306,71.17327383308782,6.623168469489711,43.63081337432898,30.219257373364478,1
307,82.77664895788425,4.806448827305324,50.073470477721834,40.723755156148925,0
308,64.0842861116417,3.72250673849841,51.93083248999194,47.94774038460336,0
309,75.47097381170038,3.8615439516449825,49.22654834432723,9.057107509086105,0
310,67.97807347566106,3.531888745535351,53.569387220450686,35.527756403224764,0
311,67.82318796772779,4.591384975094469,50.49507224743628,39.77355869863626,0
312,80.9877685198719,6.85058641750429,47.38792635811245,38.037063822542336,0
313,78.2541634898803,3.792357228454237,47.1659334109883,54.57101826227405,0
314,78.13509636000639,5.282713641527154,54.05456886307848,28.760988750771155,0
315,83.05478807154329,4.0149659815588805,46.73128985096516,33.78840756554771,0
316,70.21003841632759,4.609536438092844,54.57701485242468,20.841309736915516,0
317,76.81952971294965,2.7349381820221215,56.11355896415965,55.10286651273145,1
318,66.89733243406543,4.669192656265194,41.65643068826935,37.537098573912,0
319,73.24166352488442,4.709441930292557,55.664631936505174,35.615911119632926,1
320,68.69856945632316,5.810431916053543,60.3021134922235,39.47517317689286,0
321,70.96995964992718,5.334921369883056,51.26001880600964,46.36235828430324,0
322,75.95157025436913,3.202411812571932,52.99542092647411,43.47363403516125,0
323,61.81779316766527,6.626297366065314,55.18502662184579,66.47884213557087,0
324,90.9238727568546,5.315454560332993,48.62258842410489,44.539358884037746,0
325,59.93982618500298,5.29759027576623,50.91140111768935,35.34754570830919,0
326,57.85811387212268,4.986226469922292,43.429002351884456,34.38643262476053,0
327,81.58110873500068,4.22336382916667,50.69317514265226,36.07241047583191,0
328,77.91662693962935,5.326703509623089,52.490559978222706,24.98163075370162,0
329,76.24119817052156,5.713382653892873,52.580815114632344,40.39864207491586,0
330,76.2834550926428,2.379656462981668,55.3271236179879,47.834681062089174,0
331,69.87753227153085,4.191858743980856,46.125989109322354,33.86636399376764,0
332,61.02745628514168,4.617579544394616,47.33696621663252,31.926199437158886,0
333,70.75804558193727,5.384255908541418,59.477536729956775,55.159451462942336,0
334,63.22838288487888,6.789966508890689,49.24835813118145,25.73516843378835,0
335,79.7511973341775,3.8423887781048265,51.00016893656164,19.321816235226986,0
336,68.52942618497862,4.253057229773237,49.66494979137389,28.470980563526176,0
337,61.745028032074885,4.231198834030175,45.89159586847489,24.595672828757035,0
338,66.78614158347007,3.7977086148431876,58.11764605445903,43.86226064104582,0
339,74.12931454275625,4.4792202573316064,47.36149294039697,36.39295499550426,0
340,64.36275447196026,6.156203329981957,44.36357238146535,37.8031295497616,0
341,61.77779604433569,3.4192467569534815,47.74629861348624,51.52934176974773,0
342,72.43687211491913,5.641721592729355,39.991469991372334,33.08665138837223,1
343,72.44966571108722,2.4471466549724967,46.74356267508409,47.750894117456404,0
344,64.9305682462887,4.157993005336691,45.15935701073837,55.11322799203203,0
345,65.28961694381677,4.505766049673021,53.08714315463662,35.443375019863396,0
346,72.32049937357637,7.512289509371097,46.63292880220064,47.37022855556314,0
347,55.51915658502676,4.587796542870968,54.439019677894244,37.581820874710196,0
348,55.92536225623445,1.6981347898236225,56.992419965346606,49.240981288407895,0
349,62.81555778747564,2.0016666397081253,53.905876681437995,24.28510812423727,0
350,67.86552848288153,5.051044379520022,48.92305855569962,23.544877548746538,1
351,73.10907565598005,5.920656283684863,50.705572483527966,36.08732285092459,0
352,84.75356216949552,5.563183786440879,42.3750752992797,31.110751909402293,0
353,78.5765962320202,5.251355158701485,49.331103137393804,34.832908905701146,0
354,68.40061470036574,6.7433893962585,45.697807659665834,37.8047341755286,0
355,69.80983792097311,4.190613168894303,53.47163190574649,47.20013531836252,0
356,59.97470635362191,6.342365834040238,62.86376194622237,35.923394214340654,0
357,69.8148686400761,2.551977672460374,52.49910817986905,31.761386893769135,0
358,67.11341361079862,3.6425782505929005,40.04429925522667,36.48486623241101,0
359,73.22718560338089,2.2894379076022755,48.19384903542814,32.30854720193382,0
360,61.727690564476774,4.587732048995312,50.61245462687227,30.659944979372856,0
361,75.19346514241172,4.930608174100486,50.43678712630132,23.86983186423031,0
362,85.32738913002578,5.17115223833978,46.34593437195623,40.69478116221079,0
363,68.91239851543142,5.092825029330703,51.22645871318468,34.312942934029465,0
364,74.01711722098942,3.608670003782408,43.78749581540306,49.662787392346715,0
365,76.90143991711112,4.714638733380177,45.27545638657467,25.526039079410594,0
366,65.98779528114164,2.753829997091377,53.228988208018556,34.579164449521215,1
367,72.24092481810416,7.044843462698376,44.92168384560087,58.12907220658749,0
368,70.12592400781794,4.544560890652998,52.69105802746129,30.603904829021506,1
369,70.97676098548831,4.266670821434463,43.15268112671971,37.63466747903876,0
370,62.26990216144534,7.383410492666124,58.82412941895868,27.841560171746316,0
371,70.24510174258943,3.1366301996761563,46.128650387979725,26.51572487219019,0
372,74.9799829124545,3.3116193289520464,48.88166714098278,55.47310983087678,0
373,84.51143607795042,3.355669512697152,51.65306630545203,41.71039492637147,0
374,79.59270826085206,4.898192927450777,47.17325023749453,41.336788382376234,0
375,91.53182457511556,5.647447444456396,50.717029805356525,23.03683764883778,1
376,62.326524371119504,6.109513202176751,52.87678362260063,43.58741388108303,0
377,78.72320636720679,8.857992976242453,54.803066162517425,51.574219459938256,1
378,71.83342005738352,1.6258513186988544,53.957487179864785,51.49477060828529,0
379,91.89802933217672,5.913103383686625,49.14094768098663,46.68333229606161,1
380,61.91701714644849,4.1643041411416535,49.26684112978199,28.70514422404596,0
381,61.602781578192236,4.12037727666684,61.745542790125164,43.13123417192992,0
382,64.00607354555977,4.070341807619183,54.74944534124646,46.67584960476608,0
383,48.76104275690193,3.63684549378804,45.39088171839893,22.055564149110985,1
384,64.74244978319238,7.526787251905178,50.49994081882776,28.787204085182154,0
385,62.40867338446302,6.263445990520854,48.324284306109035,48.881573217434415,0
386,71.50393786476208,5.0347939678360625,49.323328830384455,48.760457766719284,0
387,73.4175597577716,7.026523628730501,43.85252421145956,24.514169663786078,0
388,88.76170839215887,2.7312065520516864,47.94038382807023,47.95021459269172,0
389,79.5042383818605,3.003942303003611,59.05777886596957,40.95303399153618,0
390,64.23096344337597,1.7330484017079684,52.89538150437752,47.81008954607152,0
391,61.01585328651642,3.950878189815069,37.5441929592427,33.65478676566059,0
392,74.91919171506505,5.242547790057129,56.083617462489734,46.451834964809024,0
393,56.797667929793576,5.1542878668985015,55.4481476145458,48.43828774485625,0
394,88.31458765854353,5.2240128665898204,48.203573478467916,36.486650645442886,1
395,81.79440120721287,2.8834147534008774,53.58631771891608,40.17752546173286,0
396,65.30824347895295,6.2047321139210325,45.703003945914,33.514783704953466,0
397,52.868654709091224,5.3594412773584965,47.64872141866822,56.51638948685879,0
398,83.53872374165412,6.099581422198998,57.49273180334927,38.79728060674234,1
399,68.85460154747382,2.1608567336149225,48.641349800651454,30.77975674822818,0
400,82.37816311973462,5.467236288196685,40.651341690225046,32.8417408612525,0
401,54.05572341205633,3.2183521401237094,49.68348388609331,41.26770601142113,1
402,64.00624977046228,4.404015121172957,49.60705803542822,47.53331171778212,0
403,70.05243699718183,5.801547347954575,55.9918428468673,26.641731548494782,0
404,70.46980593764742,5.13664040938387,50.0716821108788,58.47660002942449,0
405,65.49934528520757,3.7226900303310217,47.89208844279854,43.08675294055617,0
406,76.22849932347499,5.009409734276628,55.22528072615603,44.664559729694126,0
407,59.32379570617405,2.702697027134535,50.60395116250555,39.02810456176564,0
408,68.57620514978707,6.725401093847444,46.249886592171414,40.19258967351126,0
409,71.20295631711899,4.692073970755623,55.77498780270809,38.51716862072597,0
410,75.14438834058748,6.677824916382988,50.968308822584,50.1779596903596,1
411,77.11614878088889,4.210202469355935,50.01462983339719,39.9207141254663,0
412,58.75357908162131,4.214636017390125,50.88954195705827,47.6705021849271,0
413,54.65885829264378,3.8537198200432305,44.64665814291702,35.66152476647428,0
414,82.7767682189851,6.314260897539613,47.36173111910831,41.95640528312316,0
415,73.32314011979592,3.935853264007286,50.01791300916392,31.96079655760579,0
416,62.51513463443446,5.9668931486227645,49.0266815248766,52.16528232549537,0
417,85.51151975522524,4.426321403496065,56.362141914082976,31.662527592808843,1
418,71.15674634292859,2.0360550501625703,51.08702926363502,36.750205557386735,0
419,81.79297184063826,4.144528898320301,54.274519613182015,36.85039587545255,0
420,70.67518481410109,3.231337678455728,50.04697677287925,36.460486123262314,0
421,90.60747924881987,5.050854085523507,55.28144241873061,47.22495769442937,0
422,87.55340842443204,3.214388396488265,51.98763878286577,36.83342235263356,0
423,67.51035851520926,6.388962651071925,50.0671024269423,53.93924530541073,0
424,79.71570950954356,4.863386209470459,49.9335845552049,31.81524913869832,0
425,76.45375949585147,4.733606007861892,45.22780686854519,41.69377469942707,0
426,83.68631557532349,5.983838206681374,52.534578600681556,32.242140106874004,0
427,60.35076539419896,6.445860401113793,49.79897632731811,44.209727825314665,0
428,76.8605145999844,4.969851872345522,47.490040199093976,39.8405027302323,0
429,80.58424486849587,3.843199550676064,55.53230885406036,38.44937955301521,0
430,52.41260513576886,2.339045575831806,43.748919870525995,51.88474966503524,0
431,58.16741487334225,3.97092536444723,47.88752052283783,33.45658128944896,0
432,49.607678222398995,4.0741816300280576,55.138593743897665,45.86515157618,0
433,67.30593165555442,5.160586179488445,51.57761470460127,32.31040087325208,1
434,77.17542255795962,4.48227967829296,49.760705361736214,41.12685200160374,0
435,85.02357052096028,6.031899458077142,51.25501771575073,28.044246717765546,0
436,70.74094780419775,4.080525093093966,50.89707085524421,33.3748285369326,1
437,86.28615545571292,4.914438249720587,42.41668726857039,39.17856954427135,0
438,56.198985417851084,6.7759811647953345,48.253690573260194,58.14649167323078,1
439,52.96617560644845,5.51273782093245,58.08260827256875,41.008038704597745,0
440,69.44452301103381,4.909943687467154,46.70337932611416,56.546683158667065,0
441,73.84065448939307,4.097083337097234,48.40849492947833,42.20323291690918,1
442,69.67305251905907,4.050152904927534,47.291896183454064,36.12915755525061,0
443,49.325578999601234,3.7240801205720784,49.564923883409314,55.393565226006935,0
444,69.10879960487212,4.188489701325651,47.08438584337851,44.37017622073419,0
445,56.95530499495147,6.133498758116472,52.4337075107903,33.57278406117286,0
446,76.69672548830039,4.667167593061597,50.98656706145133,44.70571459400298,0
447,73.66598246096848,2.9753403959281535,53.86773807553509,37.0740525009239,0
448,60.60120213672645,7.652253939589675,44.7452941690552,20.10965803828704,0
449,64.86133082663306,5.479947786717744,48.29829758558548,49.359731592656175,0
450,59.40786478111048,2.889584899230246,48.87138684193933,50.94934055641929,0
451,69.37320902726829,4.337226609138765,52.278234550442974,58.37942029992276,0
452,79.55142320501238,5.166329574242627,46.033894013964826,44.22143692195263,0
453,60.14273953664456,7.556888139946066,54.57826902129172,37.51276575917468,0
454,75.04046515517844,3.337831312611696,55.932077952588045,48.34989427378586,0
455,64.69742381627559,6.46406107903392,45.05563826182208,48.498203653189066,0
456,62.07127167737656,7.099229640458514,47.54563552553217,56.38281183136422,0
457,68.92969640045442,4.057018542388144,47.34034245853954,39.553723769335576,0
458,59.64757677580626,4.58372957170965,63.161931023387496,38.344210274324055,0
459,64.46350694652818,3.4455361289393447,47.85049947396057,32.844555802414725,1
460,58.021221074111516,4.694808288379543,58.388127210780674,45.37462086725202,0
461,89.6472513291639,4.9451150384856035,43.66684002446695,24.517383317691646,0
462,70.35263551971728,5.989474997123556,45.05174516917818,47.76087372862565,0
463,63.00274492007414,6.63527520653067,46.566977340758996,45.8783512186579,0
464,72.13979910734221,3.8778559030675295,45.771553442767384,45.85070202458372,0
465,68.8767195030917,2.049012403661008,48.66050632920751,41.3822523650184,0
466,67.79030400466777,4.9681328310856365,46.45610898639251,55.32978247531085,0
467,76.14166700043425,5.440306294952961,45.90329203632713,48.719934654268634,0
468,77.57507710047305,5.374126531527563,55.79235998236664,33.929228086243,0
469,64.69498852389472,4.509990128736434,56.118968112565824,34.10820950302353,1
470,64.2418175935532,5.187128149495901,54.74648249187658,31.203261865853634,0
471,67.24948302848355,7.273167212528371,52.61999477792164,45.51283332775587,0
472,46.980788352644154,5.572601253443764,50.46371532889776,29.998610787600434,0
473,54.84808937801448,4.439947362495373,47.514846546670455,50.833921435833524,0
474,83.66874267444524,4.249703274356007,45.23421247622454,53.22973308345543,0
475,86.44967713501283,4.745221463483404,51.81497851716344,31.209837310495487,1
476,67.50963960443622,7.45510994274596,44.13184803726601,38.144514654071465,0
477,75.76556963055766,4.725048935710704,45.03039535412303,40.166209813624135,0
478,73.11250154543536,4.970308483218938,55.764566281024045,48.83983160469668,0
479,100.78880808455239,4.276529643595546,59.50324520861044,56.09343375609877,0
480,81.19574911434577,6.648475036162948,51.966475690832404,23.145076071314225,0
481,68.72082408519233,7.939755882117012,55.53228576147322,36.818192824733174,0
482,60.44459559399574,5.675919574147082,48.77075841278008,37.33983304439653,0
483,53.93553679742428,5.124159355678138,43.311629069561576,25.99330145113452,0
484,72.03463635867223,5.055174249761352,53.06085809309292,35.148899806959385,0
485,62.436492547156966,1.4235398168213815,52.84644661635032,44.27768944350611,1
486,55.77746290402326,6.117726296427226,50.35834276940122,37.213210971604425,1
487,63.534271157574736,5.201249623993765,48.78812270947444,24.553788313925864,0
488,59.18451996385605,5.642513075991087,54.811052892905494,68.74082698009914,0
489,86.87141635072564,3.932806708874443,45.071334832862625,42.661778652041804,1
490,78.81639756949451,4.423314681534363,46.131097105546715,41.11694130106675,0
491,69.92027358683383,4.38346259524524,44.95946746619786,29.020736369329537,0
492,84.79944138890026,6.532434476109558,50.424864813179134,42.60706161971275,0
493,70.77368307647619,4.43186024509536,44.56053493945371,38.35786215958505,0
494,61.38715798671736,8.123990483164697,46.57878909742378,21.114765872845936,0
495,85.23124077269657,5.646293628522556,46.47122218886401,29.297445599855838,0
496,75.38910043684659,3.0864760100064026,48.69695833833021,47.94926017673945,1
497,59.62753845673544,4.807180560122065,42.56312776798011,59.44017650000441,0
498,68.09661321916391,4.0224873167653765,50.43602496018634,43.67165405043045,0
499,61.24381746615243,1.7084262952699634,56.23651825332339,51.03083278293367,1
500,56.172002690356635,7.3992064101706845,50.677456861583806,38.4424469141679,0
501,79.26177547531641,6.054713813330006,57.70660572400661,39.13453839319397,0
502,89.0941664047013,5.799810976848969,56.669990929384625,50.90979027619465,0
503,56.01432426180859,5.248105490449556,53.88867523623927,56.62777289179469,0
504,75.62969236690572,2.9269736469613434,50.37342921318443,53.01096693465622,0
505,63.49357430878173,4.274574290666845,50.1125019412272,29.33636924615181,0
506,65.12874616235304,6.262671162176019,53.8189988618163,39.33041109684754,0
507,64.07606075761132,3.423169955326246,48.04164695247984,42.775246844762954,0
508,61.36009230320184,1.2023460256237795,40.58739624266268,37.40322036492471,0
509,70.48521627944827,4.659340988328611,52.460020270514796,43.878575434155955,0
510,61.69049883588962,4.787363668958692,44.344656850325144,48.20576811668947,0
511,72.70456825779839,5.2033451246220634,45.18929385904808,50.02809751955141,0
512,69.49761890550863,6.092777965271805,50.00111973997894,56.85870152221523,0
513,67.6105195313359,5.956408718346813,49.52437561223265,36.705588952751654,0
514,60.92436337958402,5.3881547078658825,42.93962196842185,26.35966835160686,0
515,64.23228669431667,6.793297082130064,50.8274578206657,43.58234594014453,0
516,77.55391225825755,2.721545328780028,54.830698304305244,58.83811031184803,0
517,75.00917187624381,5.7568727217160856,44.35829214867108,35.230241400459406,1
518,60.22444755201449,5.939807545005413,56.362416654243795,46.86846977063719,0
519,70.99332305429226,3.140656570879641,42.19914587435028,46.95745792472643,0
520,77.5138712337179,2.745694086976416,60.58662072185477,41.91442047344609,0
521,53.305947188786284,3.881086810286598,47.943697847582584,40.06924721043714,0
522,75.43360192379934,4.0076878362270625,50.728084984134455,30.765707942786072,1
523,63.37376241054153,6.130129195253646,40.53983213757165,17.183379275794227,0
524,75.70598668593159,4.0781918244633575,49.68931966765346,28.88149293335971,1
525,62.367408434574834,3.715477222578194,51.14241088859096,36.096958508883006,0
526,51.95117899335481,4.0825493949581615,49.569189479502526,50.97422687422707,0
527,53.72457562116837,6.677948501231318,47.18459461473813,38.96871937648624,0
528,70.48084946661382,5.019565061565428,45.267177407360926,34.80974281081851,0
529,72.59722501721483,4.731123461964632,55.652633097686554,31.090145580465695,0
530,60.956833748955916,4.834991751948423,50.15403567498975,46.56805828509481,0
531,76.38592458777374,6.938090501489784,57.70376188258386,53.58357166430605,0
532,53.3847993773104,3.8762424100951374,47.36758822602538,50.634357218674594,0
533,69.33920201352683,6.973262436410156,47.826026533138915,46.06149699758469,0
534,57.889838002375434,5.315744448382255,54.077971222980814,25.2438725361706,0
535,63.48163892197841,4.759370927036978,41.885125189982176,36.483257571562284,0
536,70.47398671316414,8.751350746901423,43.932683199235385,59.47304228889675,0
537,61.39586634716048,3.4165407653021056,55.48742485676582,51.21950491915225,0
538,66.15444455770175,4.469471360649491,44.140330353884025,24.62496781765275,0
539,80.0629280921444,3.151353141254,40.90474492348726,39.44409476800729,0
540,64.23108130476851,6.428692955804254,59.342635940365454,43.63098432661039,0
541,78.35692112065142,7.533783400477518,43.030911760628975,32.3784153697378,1
542,58.702931453423815,7.504884172106959,50.92059699164085,16.907959785911512,1
543,75.29804177915283,6.835923129719007,50.34542596362136,40.98824045016432,0
544,84.41568620657901,4.703569298306052,35.94685841690958,32.12241742379561,0
545,45.283554998727105,4.45213853376523,48.66341488416096,32.16158260915316,1
546,62.03104744529523,2.4932453412589024,52.24206624739555,36.45319640069242,0
547,75.7707212718054,8.053810302772689,51.771546907594306,38.66324085345188,0
548,67.96954613957007,5.703467117222702,54.517603419017505,39.90917205904314,1
549,73.71145873371309,4.262064642695775,48.06254342547283,31.160101010779986,0
550,63.960148132841795,6.992085333480452,53.562522210460806,37.79790470365923,0
551,70.865897874729,3.5408532248599984,46.55335465959964,22.425766295972448,0
552,68.44322764607921,5.609933051334011,42.94766291793613,43.11039065368078,0
553,81.67782061659807,4.741056298563748,43.51135812159384,11.437245866588427,0
554,72.54420843301213,5.958015709820451,42.689447724022926,37.105099195663804,0
555,73.37602662075201,4.904639691220818,55.04792983945597,49.19186153676954,0
556,65.88123033877532,2.8236081633331636,42.42713245470722,29.406593127251735,1
557,65.12393775927507,5.113364559005057,51.37019420324651,47.164302036574,0
558,65.6744181218038,6.573296212813043,48.670379029637836,51.55732712120892,0
559,73.94452142378297,4.9561753912190225,49.486757132746845,6.921000475026119,0
560,65.79015519179737,6.162672682383629,56.8180364759985,38.486370964242575,0
561,72.89774856896413,3.4317057714889203,47.807863163923635,11.24226572371725,0
562,90.75400798645438,4.960608810095222,53.05800780774842,38.81791554429054,0
563,78.71124703431693,4.063234317367134,50.18781675690556,39.92828789018673,0
564,66.73976467832159,6.120471260157064,49.23990547183651,15.174560140891614,0
565,82.01213922163944,5.047237343392994,61.499845621932366,59.248383620798656,0
566,65.91924626978448,6.035110514504919,42.79329127142315,42.86015807634625,0
567,49.61875464822146,6.631565639236799,56.445659177187224,31.509765679179647,0
568,59.91913689082596,6.037427862682082,53.28203282744986,54.65379427498519,0
569,51.29208078974145,5.409677651440466,47.60237502684108,22.043867793576833,1
570,66.48486515958692,3.502681612232892,58.14659258720806,27.708289664816828,0
571,70.18418379189552,4.995820833999648,40.75944943805732,17.005444763301014,0
572,86.76437312275283,4.2003643969762505,47.39116671350464,58.010451965393344,1
573,73.26927373764163,4.48390406494366,43.95758897865462,43.323463714720035,0
574,67.80899471191135,4.438198773874624,52.0604173243573,46.59401789848495,1
575,78.2940558118349,3.530111637826633,44.43467949406411,43.010012339184755,0
576,47.88864690992115,2.063992116299015,52.165319733706596,45.73767761144585,0
577,72.35614558108566,3.99778542750835,49.06781792089223,40.78077713895989,0
578,77.70865193886966,5.290069177886239,47.60323028671958,42.70921342707442,0
579,55.214137542201584,2.9777344318587646,51.943236230166555,41.07603436222951,0
580,81.43754043206928,5.023523354707437,48.65689188030968,33.91408194430721,0
581,73.38496407494414,7.8504026364664465,44.556825784704806,39.53375234785331,0
582,65.84712086099199,6.534584832878359,64.0068649481749,42.73594573261678,0
583,76.32781866106285,7.465312263680794,47.564164084854276,41.10549119552131,0
584,92.70692857804396,5.58669181539909,38.91195459923993,25.222278922466828,0
585,71.81866255058495,6.751264734479669,45.78950655139306,26.550133313915907,1
586,72.48220586300336,3.9140529042983188,43.66361655813635,50.82841433916391,0
587,65.40639100459757,4.033489599467024,54.13072808020258,36.93005954116598,0
588,61.50155630535208,0.8912896907937906,51.60826329795793,45.847253470359405,1
589,78.30335816544246,6.779218211063449,51.99356400895172,29.078800902776038,0
590,61.43916174091133,7.310485969729829,48.149887670813776,25.268541233534698,0
591,70.71566237219392,4.170234131979095,48.603248764715396,31.56403387468287,0
592,65.22342553234883,4.619072440404147,48.14534448196166,37.77434929228587,1
593,74.78979825746391,3.8692068294635575,49.594034079322654,33.348597007155874,0
594,73.33662105286949,5.573980327216237,54.176667176824175,52.93933523105714,0
595,80.375399442579,6.687398817954861,51.68037706252673,41.79523301537461,0
596,64.89983601145254,2.3858420391784385,52.50056414810433,58.489386185618585,1
597,67.30125064706628,5.614157795963378,52.497794541246016,44.044081540714174,0
598,60.21236284217693,4.584992342421282,54.42221218690869,15.87449182080189,0
599,65.55706739923889,5.170091587950034,51.44075020770127,50.560416064585546,0
600,73.77300493044852,5.688491002511436,51.79424036339459,24.904483775300452,0
601,77.56988616645351,4.717696341840768,55.944031205965786,42.30533667211339,0
602,60.77834675822375,4.8446197198913294,46.67477040998444,32.25315942336155,1
603,78.6960592010566,4.6791872486680415,45.72128710024246,61.42711034464186,0
604,83.55637858804951,6.455474302682422,44.070392004065724,54.395979274301354,1
605,74.13434903223701,5.628139940191245,50.91457281810128,32.58179358298242,0
606,88.76795812558066,5.330875306606041,40.731338793904385,38.72642331878888,0
607,62.26210800896427,3.093572418361576,52.31077048029839,42.44598069649217,0
608,57.55345296688583,4.432130385180269,49.454034527497235,48.634140715616105,0
609,52.212797510957216,6.348003740508761,55.67319849910528,40.291519123250126,0
610,84.96044311489183,5.056544859685884,46.640413447675044,29.751051006191332,1
611,76.54365656354058,5.989297204383708,48.98340857291247,32.824413607999475,1
612,69.44415329089544,7.64976770049145,55.611016666466845,39.95518203623209,0
613,72.7996862631982,6.557909103813225,56.91567823389076,52.34456978764691,0
614,58.74510952701623,5.139737506549613,46.5992381712409,44.27837860536044,0
615,94.45751979616827,4.23351624470641,50.9089061629358,32.265850733849845,1
616,71.29221181975228,1.1696756059161526,51.472094888420244,46.4837277770979,0
617,71.09394794604893,4.747422616290721,51.86826702810574,36.1301516112184,0
618,77.25766623898691,4.510981256274726,48.68712170342189,48.90408005186841,0
619,74.81009231736714,5.585549291593064,56.40691699061817,65.27010418328605,0
620,72.23884024279131,4.769142159537969,40.55148258189227,36.411736290564505,0
621,62.09525544554688,4.5194224108448084,47.89434882599458,48.01605159726371,0
622,74.71468357135996,2.330901604239169,52.239653663864736,32.546066679622704,0
623,88.82024496475034,3.5900482562749003,52.28612405974672,38.877362328087024,1
624,83.45420046154977,5.714976561200836,56.763795153073815,40.29562286872101,0
625,85.93186626639397,7.573861446699041,55.99112696600643,38.063163399556196,0
626,64.88784323568815,4.853711924381565,48.57229187346388,64.63013688775024,0
627,60.10395179741419,5.491716610361185,56.49935621765302,36.93406925321618,0
628,68.74213079900352,6.4287172354292075,46.42979128111273,45.86851538784868,0
629,70.55724912288694,3.783659095699625,54.65443691395919,20.699131306765675,0
630,80.94191518470949,5.550221064928163,59.05261239210496,44.3199656336961,0
631,53.07535370285181,3.8892648405017622,56.074720534274846,51.42054592352247,0
632,85.29550319460614,6.2972366577365175,50.528851917620614,34.72402657420949,0
633,68.4199210142101,5.227104571927599,48.34110614113939,14.897778589595873,0
634,65.7311893005258,5.44767772097216,42.35704351870357,39.61348231172675,0
635,59.87895624739832,3.8261021038721164,51.55269818957102,40.171838503855284,0
636,53.451433281342304,6.060548539416177,44.423913860145404,47.24075050744304,0
637,78.23170583961914,8.127069381846525,46.03432668193032,60.10903035413434,0
638,70.73317967188405,3.4881324568576906,44.04627099631664,36.19946349399693,0
639,57.10039100258946,4.490361488528714,47.69803833671672,31.437118763397194,0
640,57.04921227936384,5.347411211252138,49.86015292756509,28.330821986285567,0
641,66.64215300709871,6.179609317993725,51.36807290582853,41.980786170315994,0
642,86.69021525289392,4.160680572065797,46.997466822930186,44.79354258818502,0
643,67.40408648636395,0.7504545647858905,55.346418531975914,34.54344605637416,0
644,54.96857046881894,7.038784241246038,48.958973710050174,47.78682745725789,1
645,67.54256935914056,6.140759179376214,46.061387833672406,44.653840768191756,0
646,67.2727643025233,2.3855787042700025,51.131461336217185,40.4323168964489,0
647,43.03113357058429,4.088646812330666,59.817764167719076,30.975852792558747,0
648,69.45705133482188,7.352273644290989,51.675802832675586,35.18135684515277,0
649,67.69065469791322,7.171694627686799,48.18572186313197,15.70244702317455,0
650,76.96206364813418,6.4079600340184175,42.36269321940648,42.357870641980334,0
651,88.48956094945345,4.735831349060206,48.90293839513965,40.26341288747435,0
652,81.26565029547757,5.124481128218765,51.17464062544058,41.88478991089487,0
653,67.3111130944517,4.80361129231081,48.06209554372215,45.043190155645604,0
654,58.934740912583294,6.692359674903257,41.673076808795,43.85821486432223,0
655,95.7335980324986,3.686236390257335,45.74717305248283,38.896168193539644,0
656,70.59218434014488,3.791300517673693,57.27269230443879,40.486680431627526,1
657,70.13929291912946,6.515411880254024,57.170005018652304,25.956835833038305,0
658,69.75874912889996,4.933457816732657,45.56680415397701,34.16279354310574,1
659,71.98084760767856,7.067701033180712,53.36378393599711,40.504710536834615,0
660,68.55639588076058,3.9927316895291813,44.10713607614913,32.641464240876395,0
661,64.26337993119763,4.917832459491763,57.021581409974765,48.60150795872546,0
662,64.53141058759608,3.61638052273407,51.22617923947118,33.4136791904497,0
663,69.67246729784002,5.0110440221353505,54.74820749308267,42.16305411248317,0
664,64.56575228866235,2.7821795945018017,41.4245332640873,41.16565656815336,0
665,62.871542173228356,4.268549868567556,53.38818550962444,47.462775936104094,0
666,71.06430227691897,2.845619202607823,49.961629681577485,49.00791174028302,0
667,67.45022782579144,6.040884849786887,54.25964535395421,46.9403261096794,0
668,85.0399298858269,6.074884009639478,54.57433899048925,18.939937986168665,0
669,43.49030191606988,2.4046059042734824,50.32892344737375,51.941481480131266,0
670,80.91506851922462,7.000828618250859,46.99585180452043,55.27308224194598,0
671,82.4608519249763,8.74612268962978,53.89848091089747,35.17875715678531,0
672,49.2660976759185,5.069009580104511,49.69922750297436,42.3664691267285,0
673,66.57312405919652,4.038328609663033,45.63607523236179,31.09168319869218,0
674,66.28559134004209,9.236495886504569,45.39923884271157,20.516214932678487,0
675,55.924883052821784,3.0215472525462337,42.61417791843809,32.61284734457614,0
676,62.22183312409125,5.030159700303647,47.448544202184685,34.5986096053639,0
677,58.894241545341714,5.269433408947885,55.51346023037189,36.45149268648184,0
678,87.52270443423623,7.0177214306786215,50.88914899852717,30.41085909994012,0
679,79.35678393147461,5.5396084626901825,47.351161470384795,32.665748331827615,0
680,82.71555094994159,4.252049156317323,54.0242796909004,39.889936783715925,0
681,77.21672064043236,3.573223444418066,45.83761689138306,32.29773016889858,0
682,58.70948228782771,4.487267269630797,50.476751371663894,45.43524332550028,0
683,64.75479733720226,3.489608958582284,49.101848136372425,46.81660651397439,0
684,74.89374561227918,5.0717379796770246,53.89565312794176,63.803877461644895,0
685,57.778721911080545,4.15370573020927,42.113858145402496,51.256799321234624,1
686,77.12998430172388,2.758943310065374,45.74901127092672,42.43103058328414,0
687,67.59674601841866,6.882718682562356,41.80877170452733,33.797357033323216,0
688,66.25179192450402,4.2534912148564405,48.70201639095365,42.937473516739985,0
689,77.10959968203491,3.097794792537031,56.05713751816215,43.26595959916356,0
690,74.4426331148604,4.747611298268688,47.47276395173236,34.866869109943394,1
691,66.3903383418092,5.102557348951488,47.44658030902175,47.83731396752878,1
692,81.59329803364248,2.3802999116314494,54.358622120920685,26.01901985318125,0
693,59.189366724001026,5.497471500688644,55.3427477922765,37.55600164462489,1
694,76.15935606944264,3.4292636469646034,49.557144663656054,45.55858459317407,0
695,75.93101257968384,7.566543213786181,53.42357427024946,37.12415852407903,0
696,66.9045356068601,5.785940768115102,44.61522729561027,37.93245596570729,1
697,73.26133022242118,4.400150014836025,56.88987166962707,38.622141388077196,0
698,57.488864236146966,3.8822483445239744,60.74353146968526,31.643987593122546,1
699,79.240270192069,4.842548438654564,52.60607895594362,51.73900931574208,0
700,68.15097863557011,5.919186112374934,39.578341893285995,29.81962328077185,0
701,64.7727697948096,4.961758807122201,47.20884868801108,43.18159327409885,1
702,80.49009225836889,4.674261789294715,53.064126608346605,44.13647898282373,0
703,62.95656309457241,5.087555436226843,47.89258501416818,30.51378098791033,0
704,55.91538703636441,4.094211603144568,56.36099277125049,40.73104254380743,0
705,54.433708264760966,4.485191109735443,52.94078632217933,30.90367827255298,0
706,76.0600995134564,1.8713113416424942,46.46762249617102,53.91042475055946,1
707,57.19570647503717,6.460589346278551,50.16132405385626,28.61217063023787,0
708,87.54794181984364,5.448196670482643,45.53083389680455,33.461029057680356,0
709,49.18070592116278,3.839816233949855,49.08707560793779,27.757749916444194,0
710,86.96456368290038,7.848102472032858,47.227033797837244,26.42301273132448,1
711,72.11017467202619,5.13052472058858,55.87380900116519,55.91215290882293,0
712,69.03286888129608,3.445784642037205,60.580060284154975,45.427746739125624,0
713,64.5508091319105,6.285106132205687,42.84405833382124,41.40293425700544,0
714,73.9913611435207,5.597072324763894,40.38391856895124,33.434230366530784,0
715,69.62365297575151,5.591869978226329,48.77413789074307,49.07611811046768,0
716,81.03301882016521,4.361366593022614,42.407921505856585,31.75777560632547,0
717,71.1422764866204,5.675743585667052,50.23105801835459,47.93639294330103,0
718,71.50301761461877,4.6073625646683585,53.74468056902963,31.274887233943637,0
719,66.36387787786144,5.833912177468763,57.47070948633412,33.55492298124328,0
720,69.43054376278933,2.142583318984042,51.0069727935764,47.58282386117921,1
721,73.0780176889206,4.349189805531216,49.034223875752105,48.63827344155767,0
722,52.89831607343375,7.583232646712292,40.10807541713458,45.97472933896761,0
723,56.518145778942866,3.849398816899549,50.13092574592899,29.503258842432054,0
724,77.43264094022715,4.09424255376022,50.356436302747305,35.53273134277171,1
725,71.70865438127942,4.3280579923250375,53.19478407106373,41.568987411985134,0
726,68.1601666364732,3.1777907961670353,46.45755949235455,31.507190380899083,0
727,70.18433933065393,1.6875788356576216,47.824736998820704,53.70962760129293,0
728,73.47581705361671,4.654120402214581,42.60998872347908,15.980530560494543,1
729,64.60240319690638,5.203789136122485,38.54353596557967,32.21260484630847,0
730,62.216952745976876,4.921242397192022,44.457514546016085,34.90433497130168,0
731,71.95845255097682,4.7826821570781695,42.14837092873492,11.560563352282323,0
732,60.21627222384968,5.064561306275581,51.683561477103055,26.03770869763809,0
733,74.08252755714472,6.534262207326146,47.40932971666572,46.252895125420686,0
734,52.9741639576216,4.714330721106175,47.308814349626054,40.302836365529636,0
735,80.29155637325644,4.138876134369095,45.07793476912394,55.731360220429025,0
736,74.72597482413043,4.57831177266787,33.83717283743783,55.45226445884819,0
737,72.56029734313876,5.869020139635164,57.54155374373775,44.330463786039466,0
738,79.82690983945514,7.118040317814874,44.99864738611606,43.13238249000712,1
739,86.65474444462576,4.057784391246233,47.93789965075047,40.65931108578901,0
740,80.1437006501813,5.148400680543325,42.72553917355345,13.4491798212051,0
741,51.59125768668355,5.507536162903939,54.85965171720317,26.054404866739247,0
742,57.204230332642986,3.5111329899067654,50.717144685186625,41.00675503098934,0
743,63.75181422304321,5.030625750819377,45.86817357367066,46.160257087476715,0
744,70.26091050210833,2.8014892139868572,48.03885194327988,42.896698121381405,0
745,75.17659020469122,2.346424544390902,58.39089961062435,31.075350322843423,0
746,62.742561868465344,5.550119611838386,49.635152840593605,49.37406282469496,0
747,71.86766764477078,4.424187888003826,49.09133231192047,54.824440287546366,0
748,62.44617067646678,5.303420611431829,45.293092569303674,49.3798960029134,0
749,63.884821970080516,4.973157534487475,40.52709424763849,49.89599329590471,0
750,55.93338903151778,3.535399927004304,49.199806632103275,34.40774202044789,0
751,60.76766753889096,4.932118547053495,51.627425561623085,50.759341227007994,0
752,56.48315394383666,3.1503480424777175,55.49792232163835,41.45758639327657,0
753,60.241267470226674,7.086458537002101,38.75751732750172,45.11555528522005,0
754,80.5364179660784,2.9660444827100543,44.37451836488486,43.654318428247095,0
755,60.50601111168057,4.706322093547128,47.09629454721775,38.785128945595886,0
756,96.32382064837391,3.4365926179291275,49.98259575713399,31.399975248776983,0
757,74.93317900880889,5.855631760041193,49.27483154235789,39.178633364459536,0
758,71.84836123694873,4.5028529430777455,49.391556571563655,49.86761617482823,0
759,61.41642219818787,4.221999920568185,52.04048029284972,35.5852419468709,0
760,77.00309879408991,6.279802317577332,45.48353444610446,48.93347262608146,0
761,64.24362173762226,5.044145887516328,54.67070721116848,47.37070670617672,0
762,71.22009814645361,5.774966668903951,52.167262208497405,37.0106260298017,0
763,95.60084538268795,3.528011095223803,48.4008386793596,53.88800103619577,0
764,69.03940100275351,2.8927745841087398,58.00453995944458,36.44453328809294,0
765,81.49273326285676,5.1608119430602,57.78208017785883,55.09546862612632,0
766,62.96823574874112,4.521730466757903,54.66447677596904,44.341269815409724,0
767,69.65011509503039,5.939652008680916,34.90721614716104,39.84134081546487,0
768,87.7080063563551,4.880137321006176,57.89472546358988,31.12198619662346,0
769,63.730329422122324,5.307613008851945,53.973792612359674,39.11739769864959,0
770,88.12448557996929,2.5649262050881347,60.032043188564685,37.962404865055795,1
771,77.07751935455475,7.832655409421385,56.18732295866769,27.417036147490947,0
772,64.37533224105732,4.753637022451953,57.891713387486426,37.823845772823326,0
773,76.3240773905552,6.046380455508799,54.3932742509019,31.961968199029144,0
774,79.7255444962673,3.7458624946705603,56.74346599322756,45.85991768978782,0
775,76.21809962217196,5.4620148533260116,59.9706187036722,53.06280475728203,0
776,54.297752801095434,3.045732854712882,51.08277369189103,27.730843237047594,0
777,62.728628241751316,5.6781017573895065,42.13884727960935,57.123077283669225,1
778,67.52481364448495,4.466038873421251,48.46269549992429,38.7144896561487,0
779,69.25566570899954,5.043785755903351,51.94972799691718,30.24978615061486,0
780,76.20672097550678,6.046961045195147,50.37443792185779,47.57754780208183,0
781,71.77701000933254,3.1511895331695796,43.76719016920287,35.53545521744952,0
782,56.64655641289899,3.9732624040808044,41.84466187402511,39.18263323968506,0
783,73.80197851005963,5.685986421630148,46.29418665682585,35.95721755787921,0
784,76.10585745283824,8.147332211820121,54.03869777992075,31.832620681351,0
785,75.5979044793104,4.792876498007777,57.90169885411485,47.23997032401904,1
786,80.80780725554622,5.886704176885899,54.582838068888506,37.13698597105813,0
787,78.33922154548904,4.83954279521228,55.28713643557068,25.633482078207543,0
788,74.59180079228437,7.9133683921344495,49.59592213418221,45.510601242159325,0
789,69.29834288541353,2.379167499552117,41.289587711470176,27.944176489762448,0
790,53.39039066484008,5.141931567004037,47.72389709558647,28.46739827324741,0
791,74.29618219132585,2.5616839496569086,48.706177940638106,51.926062049773165,0
792,72.07687687163111,1.240142644194925,47.51473756582159,28.03660100789788,0
793,72.71578837195374,5.446193079676725,50.27347432687313,16.835551430725097,1
794,57.232514241796906,5.209246694221188,52.20709879946475,46.22861484961496,0
795,59.189434595917376,4.572744593386698,54.26507594121749,36.9613657051887,0
796,80.53152853332904,4.84070886494037,48.60940067816833,37.82344878861883,0
797,69.60444846143345,9.647449151106887,40.48120297177704,36.854996066498,0
798,76.81500697372624,4.612737292952849,47.58561140354433,42.31669939018727,0
799,70.28318376130461,5.765186541875112,50.218551984959916,32.47280758096932,0
800,70.29756139495746,4.025952770579178,56.11403961066704,54.76114874565764,0
801,79.38283805975998,5.442848862560905,47.160960789079475,25.237695196906017,0
802,64.83955271782627,4.642649487416573,52.56271814199701,44.44874916677123,0
803,70.96120776940984,4.384222275905405,51.45043949817716,46.421210038765835,0
804,65.37724711294958,7.728347798300487,50.21950266561694,32.40348239166622,0
805,65.65503772567685,6.765777444776509,54.65266659662296,29.76265554722182,0
806,66.90827876531361,5.205119971098846,46.695794016237095,50.171742141701564,0
807,72.22133771633713,1.5436820960840496,47.12406775178242,30.09139245983285,0
808,65.21251378336522,4.458486165121146,49.94049588452886,33.93336059249433,0
809,82.55756125573521,9.054541346607625,46.799267474531504,48.87308962459746,0
810,61.05392697780496,4.6540075000404375,52.540061455273,40.347412335390246,0
811,68.13128355838641,6.654826358080487,46.434038478169334,22.028563323708955,0
812,65.60268941725825,7.162913602928901,51.13152103872567,57.47059144553514,0
813,84.46977884353733,5.328445873783963,49.499136156066214,34.69989241220034,0
814,71.96554776511574,3.7372675521977716,51.07462982388353,35.972427100935825,0
815,80.31844539468635,1.3470315023256676,47.7012930246848,42.55784252326365,0
816,55.14439626963028,6.026244812913432,48.30455852736586,46.25076797004073,0
817,72.67050265869258,3.777865995764678,50.48004633998525,59.61104291291467,0
818,78.89630795623437,5.264225677831538,51.01037253080656,23.399318505943036,0
819,70.82283989275425,3.125269490615954,49.978990423044216,48.259522089259455,1
820,80.65480375065351,4.602143689294697,58.52681178256542,47.43009694050077,0
821,64.82711549899628,5.05057858235158,45.04631540629358,38.62835089125883,0
822,84.0934744018558,5.402890371566447,49.67898102523643,47.87273694816222,1
823,92.9889812361925,3.327766718971379,42.13185488941508,49.34274017636547,0
824,66.37161439560342,6.7953664231420285,51.86040739333693,26.180372150129955,0
825,65.54497478599228,4.104657822902043,44.42376731811593,57.4976650588083,1
826,84.533844771177,2.488295809320132,48.60844872061712,24.412377468618583,0
827,85.79572145730712,4.8364648700548045,48.13967837334337,28.64683718761227,0
828,64.77139972846732,5.05156296353969,51.40445563300586,37.382123263759034,0
829,65.79813182904142,5.2408841497576395,47.2360454122741,59.24940513187056,0
830,67.18215391139493,7.0431986055276194,47.02347151153009,36.917433702466134,0
831,56.555494889657226,4.645326744896211,57.17928232042949,39.68066109949189,0
832,60.81348053515802,4.820570563446843,51.42283395237263,54.320786039045636,0
833,59.95859233247932,3.34522342815036,47.19474573988866,36.99681857434527,0
834,62.32202434895871,6.2308302543318455,48.74583164094385,28.21563287069324,0
835,69.65315112613219,5.276463596117155,58.226774761353724,35.827651647616854,0
836,72.3421473253652,4.369958409058756,48.82417560874452,53.70791833805777,0
837,85.50500492814076,2.1429879598018045,46.55361688423806,40.70864997055136,0
838,60.016459592612094,7.166618292582632,46.57501924936804,59.3065825905626,0
839,79.84322398476584,3.1584800533159143,47.254367595052116,47.37934926262155,0
840,67.86011155774491,4.113082985945441,47.02751138786639,33.551910636065166,0
841,69.50536290347567,5.537516766614004,43.60176075825378,40.51076304465079,0
842,76.74819492166604,3.20516310707497,44.37899951526511,31.467818818581204,0
843,58.772779784377015,2.7597353326202847,45.85339812819315,33.3156696935123,0
844,73.82409746184051,1.8140786259490027,52.95785509226549,84.79084251025756,0
845,71.66452208213056,6.081495429358454,48.093813563635635,50.18624510033811,0
846,74.92451264008149,4.182220632910517,48.9641915545298,48.61097989006673,0
847,72.89168643907819,9.390905138709995,56.350440126274485,33.76819684691936,0
848,94.55300139910895,3.50846740155369,56.47503574969209,55.69584066281079,0
849,63.62260015748684,3.617823464856618,48.58937528431132,50.99415601792937,0
850,64.69003044998182,4.151910544571898,46.845682446582956,58.81621289357771,0
851,63.76859473575236,5.364701982707734,45.67784843163231,58.331141483984496,0
852,64.44522880839746,4.294694991822033,53.463878848541185,25.20910711902478,0
853,63.62612872693482,5.918498321003768,48.97646383238856,28.901605107300927,1
854,81.89016531107552,3.5321174150170185,48.06752554838605,29.962121845363637,0
855,84.20504247989855,2.9276124223046285,45.93167712431224,30.560593566675628,0
856,64.29253706250523,2.302677890886339,46.15166795494306,43.234523642603904,0
857,61.67644426895771,1.6646387480942049,51.60029095746622,34.33196547904183,0
858,74.71415556386404,4.222896470787415,43.42280867056369,60.72598540762519,0
859,64.47776955719029,4.548529531410167,54.97434346893969,59.04679882081638,0
860,76.32931817755511,4.052844458775225,47.330776780925405,39.9353840592096,1
861,72.029230208513,6.865108695780743,49.251820278741036,59.5532621614979,1
862,54.84255885002768,6.842045314412203,43.31511020929723,54.88134627240202,1
863,85.47505201330061,4.4977955188332475,49.93817030878818,35.49293440822741,0
864,87.95877673095522,2.3091183302120557,48.3583952865472,19.907846559744385,1
865,63.87211309515614,4.1499423379174205,49.74959700571767,37.820316150392706,0
866,66.12298440064016,4.100267909124408,57.358544491809454,33.55377868921527,1
867,72.85865390724905,4.014297556582913,50.8884902289512,42.0650562514583,0
868,73.34456789987026,3.9534216441526326,46.02670407927098,40.89228286874749,0
869,76.5854427267283,4.019805656412789,46.44340044726716,40.630176588992285,0
870,90.1020453876635,4.42018757615336,52.975655929568845,45.236847413791644,0
871,68.2305277250595,4.046688351776665,56.49346645496712,27.874780529163214,0
872,62.01702755461546,5.312483762938388,51.40959010375525,44.113602775697075,0
873,56.20680771985473,5.540553073857292,53.443563722773845,35.60383846982994,0
874,62.69069960058081,3.634032369226265,53.04868861668353,41.99982199863687,0
875,69.66873027126204,6.90659798901055,57.0953220667876,49.5740984523219,0
876,87.94557863517788,3.5299065472390785,40.252049136369834,27.756002267789704,0
877,64.82388700963828,2.5732990792769943,53.33609469652264,37.187063473304306,0
878,72.23787951638899,5.571167107047578,54.91868021951782,38.81465765971136,0
879,69.83577103927247,3.77388779837849,43.30638146932213,34.85731028429359,1
880,81.88393273448084,5.481937206136082,45.57165907996792,48.99829496132957,0
881,95.26932425873622,1.3944970983492047,45.74608625685923,32.796116411995285,0
882,64.6913122707968,7.088683912224601,46.35604901811308,34.44599600557661,0
883,65.10560557481777,6.008440112060603,47.59141474532237,32.90080867047936,1
884,80.44160877069072,2.7492851762554977,51.213014065274706,50.92055411438802,0
885,76.81891489626311,2.7818343142305713,54.32837325583685,35.07555887587783,0
886,88.46707325736034,7.508398856146291,55.40658478884268,44.60045390883556,0
887,75.83928185325964,3.893930144753062,45.81088469416109,59.75705101230074,0
888,66.40707909212941,3.7487227269010646,45.77648500648509,39.25181579649415,1
889,75.9065483069231,1.6009218587760756,56.57910920008111,51.12060680033157,0
890,81.08703580582907,4.473832691597669,53.23371967709322,56.71354084093128,0
891,78.20482181197364,4.658420577746371,50.41432420934498,50.27191560040414,0
892,75.07274031107298,6.073239645154228,52.366683377774834,39.8319868402226,0
893,80.66674689589154,2.901382357723287,49.8509810907428,46.42107758998613,0
894,81.69295590445672,2.7195698116390856,52.62292341523808,27.126214068646547,0
895,83.82158991037527,5.676443952164715,48.3196665174713,32.19956841850048,0
896,76.48709887589642,6.5100951068405974,51.344024672196156,33.95324818368081,0
897,68.32881919683146,2.6432714733231752,42.44726974815252,62.40612120174282,0
898,71.46713686433323,6.6222711294496115,46.561078525872844,31.87415485744733,0
899,82.06508966508358,5.056312762230232,46.614944116048285,31.725232487381703,0
900,61.83064329012764,6.637708008611968,48.12804983396543,29.560790197510165,0
901,73.68673308872901,4.894669457723575,45.36743372610126,45.59811761930761,0
902,66.0666118767264,1.2165831237680744,47.33228187088459,41.42621392668883,0
903,70.28744822934817,4.772048926525942,42.4279296880094,50.86758977026565,0
904,82.78451862607298,6.590215728006905,52.7435023819745,46.71259666077354,1
905,71.91099068019903,3.6593809713744285,49.587432405443025,26.196101532759325,0
906,70.46436548156149,4.418052546638822,41.47396196111991,31.927222299896293,0
907,56.40143859020081,4.735799744673533,45.82585044726663,53.653287482758216,1
908,77.46253566027221,0.6507291801972777,51.68300713781083,37.96701755423195,0
909,76.45484181141076,7.507021363156214,47.28489026807105,51.87591818018013,0
910,91.6325472330546,3.647936480154238,46.51529269930952,38.50319052084683,0
911,66.92221765046999,5.758603148709199,49.62703661495962,30.323435717114787,0
912,72.1915032766394,4.869948295777687,51.71798767589108,36.967392223332936,1
913,72.49383683710755,6.88642858453904,42.8182377148042,30.31950204450304,0
914,85.77453279763475,5.609084183642121,52.7506424060894,34.34447237597576,0
915,69.04704467613048,4.647613592718538,45.99853359196312,42.00925706565246,0
916,72.7902152577034,3.65972736122108,49.910360158751004,45.11605090369021,0
917,76.0789650971654,6.196776052073208,49.82289929654245,24.09808676745702,0
918,71.86609123156359,2.189838044068075,47.36466940880113,39.826319924909015,0
919,65.53566385449471,5.968835630413839,44.88170126934643,34.13384264440248,0
920,71.94089992898307,3.351432872667691,48.57156725953868,33.515851910411875,0
921,80.73631749859771,6.87842549293496,58.12665154537598,41.326846191330766,0
922,59.7348470058894,5.241949313994042,43.191624847681844,34.49548127310788,0
923,71.32969674146877,5.966185651775163,58.46156509552438,53.82137994846674,0
924,62.99879185060827,5.122983220737079,48.70139414461734,51.8806187625106,0
925,81.95046628924842,2.371434357288505,50.176857085443196,51.8182829394204,0
926,54.76813095216225,3.708906254906992,44.56644594307636,35.05089804509698,0
927,64.41078152728412,6.008584006417074,46.143652916612595,30.375011650806776,0
928,73.7721187506452,5.249983726039766,47.485451749809904,40.820299293881156,1
929,85.65524029234341,6.771484857958508,44.77152514561044,38.49651633713733,0
930,69.34249738927012,5.604911844555757,48.95541021314564,33.91176837576635,0
931,64.44800473306802,3.54994716394601,47.96492054096615,28.242655533330385,0
932,88.8115706944059,3.805903793419049,59.253905712178664,39.58482030731928,0
933,55.51986099583756,5.154376085784856,44.17012907159769,35.95930549747527,0
934,48.01194043379918,1.5289339009998422,50.51345258374294,46.883470370380195,1
935,74.40014450053333,7.510162828434478,51.239231409509124,46.651060515214795,0
936,64.97945775647389,5.662620104566336,44.648397256740814,51.00799805422717,0
937,59.787671828692865,6.8405518955733084,53.434137477264194,27.40704448119962,0
938,77.08356447299353,2.6290940887862466,48.00836493559186,44.01058307693633,0
939,72.43800713771199,6.866847740532883,37.53805174208466,32.72534293766328,1
940,64.35921369263272,8.347248366541622,53.29924806052283,27.795857891889153,0
941,57.19695601329106,3.0186824669340235,44.41529557948818,35.7139776305129,0
942,78.72457328280144,6.15710269235565,44.76112526930451,50.68704980134618,1
943,76.50201177958661,5.00166491703094,53.43951041446199,36.27681646429516,0
944,69.00824136220618,2.683349227627634,48.26419258790775,55.65454659959112,0
945,88.46636996047665,5.739325957777805,54.5888607527575,45.48878515520333,0
946,59.29915233673847,6.2504048072560225,56.05083047682659,36.05909521019423,0
947,54.74474829075261,4.098310170996729,46.77535769838851,51.600484289064084,0
948,63.080919301187556,6.748874780382835,53.966312479775155,44.45396772114286,0
949,69.54413983644503,2.4998548898162034,46.22269599303559,30.674406115532946,0
950,72.43339449322691,2.7578657803255338,61.16557958566088,58.588026355805155,0
951,67.5876394214367,5.2048960933831285,46.53521497734393,42.594788230864765,1
952,73.52055396514297,5.038077916958407,55.13043720480002,40.18796191985492,0
953,57.48460575809556,3.9251397673638424,54.21895012940788,31.44467330094384,0
954,84.4376460407326,6.214391653957829,51.58043911054467,51.79538267607738,0
955,69.17848821607431,5.796341471323924,46.64728419291659,45.172754273613066,0
956,81.17295831588127,6.287208606401024,49.24301254029295,46.292381802952406,0
957,73.42725346377703,4.815295346971599,39.232059435277236,34.924686564742316,0
958,74.56753219153784,5.903870401967511,51.12210019191125,48.341005719100686,0
959,75.69767280232205,4.331524545455008,51.74807665514193,49.11813593570802,0
960,74.47708560017315,8.080728035129894,50.66749709530686,33.312217612188775,0
961,76.42722759867544,3.7811813448170213,35.13346914353721,25.83009860319009,0
962,83.29152530132431,8.157946144187468,43.671817774550945,45.81373059338924,0
963,71.9652116970147,5.052331920634113,46.259545085756685,24.266530503942604,1
964,77.09003757588512,2.936733665646886,51.45829466594523,41.52015777837779,0
965,69.10264305712774,7.052119025732901,51.44669452821492,35.52754895212693,0
966,84.40117215449473,5.1888520825924385,49.148881040144104,52.18665210788921,1
967,63.2360769794073,6.2766861475703575,53.17622768301978,36.071561092327926,0
968,88.00940432910815,6.83578387781389,44.8687881234855,51.07272972003804,1
969,69.59842049355656,5.506933331217538,53.051175028469984,34.85790555636974,1
970,55.69224897881952,4.111638732780778,52.37371052419945,49.999910050596114,0
971,71.2810441491079,6.463570066503875,51.88777366418955,60.603415438368316,0
972,63.18948342525119,5.001133261181893,49.08979784457172,29.319528616337596,0
973,78.40643548988724,6.028786727912628,59.15371912415631,42.92035721730908,0
974,63.47376020697609,1.7694041393128082,52.46597844244939,67.48782415910065,1
975,65.5381656678522,5.670472575514777,45.15832068373221,40.66588826902922,1
976,51.10459269054469,4.042121262282455,51.24152737867992,40.617882702296484,0
977,65.47693680750923,7.479964455767796,53.762416885371096,47.884989473510196,0
978,45.76120673371044,5.934631021833643,47.059457005378455,40.41080864094754,0
979,54.16097176514277,5.359786618773945,55.4463612346555,22.927740054294475,0
980,77.60414656144297,5.729464990025332,51.91016852858005,51.322873748389384,0
981,77.85800158650832,3.5023387206849224,38.28760831167327,19.970515861348073,1
982,74.25457561784965,7.434885035792081,51.498359886689634,35.83208348861658,0
983,60.33023856870787,7.987055627625357,47.96985422793642,52.074257491566485,0
984,69.5228864385802,5.589370265822325,52.68589907270868,36.434575713572144,0
985,69.96397460909432,7.385605352860458,54.72107420125907,33.063035075355955,0
986,58.416353108074574,4.146277701991199,50.97581023570909,48.7926390516656,0
987,85.0339830176715,3.804329650662529,58.32626116972348,31.488852131656135,0
988,78.77362290575671,5.061387123093384,49.10646557718252,27.77774280408046,0
989,67.79035826170336,5.652411557551848,53.12408911526938,42.74513987493283,0
990,70.26885838994531,4.409019978135319,54.02471286818674,38.17076701587409,0
991,72.08382807947552,5.806652285552726,49.51327015553634,27.56326885811158,0
992,49.58265131575709,5.459584223110121,53.89387153988891,46.3695253999487,0
993,67.52822617479403,3.5025398370634173,47.02663506418916,44.644876055772336,0
994,63.180157520022014,5.778189526177582,47.88715790489391,36.40244983394368,0
995,59.983799901050844,6.2952923637822815,43.43755654831844,37.086679938750535,0
996,67.18899707114045,5.257203976385586,51.20704558185024,44.70392742009157,0
997,87.97686526849523,6.7289721548925385,51.62625837927172,51.90361419752066,0
998,76.4084286126701,3.173894309754572,55.89631579289615,37.172067898906754,0
999,64.28821010217203,5.701925633197778,53.95570002177942,46.54688493008145,0
1000,75.72582781356158,3.2445789404048377,48.57602221676284,45.65200217084599,0
1001,83.99355436586002,3.3288779626503686,44.109101563328615,48.79307292708977,0
1002,79.24633682912769,4.053603749393315,52.16425201259987,40.39309198743465,0
1003,70.59630369920174,3.5869097246386326,55.553765862073206,30.87674485933642,0
1004,63.53063222294426,4.178006271888293,53.77592486901972,35.37500846800031,0
1005,76.9822331361359,4.6787745339332165,55.422387624286436,43.42853465781648,1
1006,73.9348538542175,6.255731729497077,48.940552344008786,58.18464378381593,0
1007,78.95193220027733,4.518261441941446,47.666905159121775,35.159803768037214,0
1008,76.35171801681969,2.621561439845611,46.31549323884101,48.04787443527399,0
1009,80.49552715319335,6.7101017697427405,49.720517666932025,36.719435493232396,0
1010,64.64764788439432,3.7443647995774407,49.607046020155906,41.10468755886136,0
1011,83.17394065634326,4.911919359343057,51.03338814269558,55.15396749263593,0
1012,71.975996046924,5.6698047604110675,49.35351271482246,47.64292581420433,0
1013,90.75260872625265,5.299415627604175,49.33186135136614,27.587007272590434,0
1014,63.10812181910432,6.641269321282213,46.11652973513928,34.27524976188409,0
1015,87.3596380316525,5.718504715089138,54.708095067757455,52.56221344441359,1
1016,71.97910783462648,3.7080356304543383,50.38259031121856,41.418780426284954,0
1017,63.48581996385552,8.267843260987494,49.12778032857359,28.511598803841366,1
1018,65.16114165945679,5.29150019500735,46.26285373375398,31.81047555026279,0
1019,66.7965269180568,4.778989660067741,43.34043444804457,47.03493522711172,0
1020,74.24165946401916,6.445888134583356,56.53982096274672,49.944102812176304,0
1021,75.228354880355,5.374176418895108,52.77319354065904,40.178553014821745,0
1022,64.26299996061421,5.59884228940899,41.88041078715017,64.75313800936102,0
1023,69.75645407739017,8.738275997901031,53.815711503548286,48.24152363455639,0
1024,91.42270358611864,4.58731785761743,54.61240585116555,37.565189303671,0
1025,87.27543170100711,4.5233586589739065,50.62188061150465,31.842939519006556,0
1026,74.36323669674032,5.174867768018696,57.990554478758796,30.251156953609588,0
1027,70.380034781682,6.607273903371558,51.08359821061441,43.35421320480369,0
1028,71.20031326718261,2.7401989547144012,42.91588236025405,35.11222955086593,0
1029,76.13517972730416,2.051666162785242,51.825845005241604,56.73743753983425,0
1030,59.77207434801595,4.119327094069779,51.22448650856364,54.66311802917859,0
1031,67.42623462576655,2.549115561411069,46.98351575610923,46.33066547497227,0
1032,53.314159261224106,4.362752978711542,52.86779418438712,28.210038270431042,1
1033,73.9922312260528,5.753749544193935,41.66167366904569,33.27781127447595,0
1034,76.4719593970274,3.6638767046716048,54.95283413721395,52.556775257411005,0
1035,65.16813537700627,2.8597601348279866,45.609391481972736,34.36933800204898,0
1036,85.73986763290033,5.104005742573022,45.07526937441484,51.22141733919524,0
1037,57.74234336997659,6.293815226922756,49.430876138462615,44.74603923034761,0
1038,55.3562511979018,2.457539842225081,52.16486464021818,40.51717884813187,0
1039,72.24451818559972,6.230348597458976,50.81962031796715,32.97167187064559,1
1040,80.47098302612154,6.225959305607489,46.28670417113811,39.05756156475248,0
1041,86.83927691457869,6.431127653234942,47.46955354404056,41.89647954874898,0
1042,65.4111573713106,6.827720322307529,44.33478826311269,50.325388983011216,0
1043,80.78680833431295,8.303020886989424,48.87660049185065,31.142643993662453,0
1044,69.61491530499293,4.465861927071417,55.37510607255455,37.37183157473885,0
1045,68.2737270005918,5.164357370116787,49.978685311780616,40.44823131932285,0
1046,78.83659937486672,4.375342350127962,54.297071273797265,46.62678357686165,0
1047,76.52322878413419,5.002965267133717,57.27700668863096,30.91535662477223,0
1048,54.236078430157505,7.299310033454468,47.05990740481516,26.83430207112785,0
1049,84.76540349725896,2.982478274103997,49.06713373472318,46.7396515171005,0
1050,83.80091354147451,3.708425491751637,60.855964305312476,24.820508850532967,0
1051,63.74437298490471,7.065771404756842,57.221717059899724,52.849797147621686,0
1052,73.95803533437409,6.530054760353135,41.63797737093824,38.44073902517092,0
1053,74.94030186282738,4.455302529774383,51.93574158030453,24.52468917725554,0
1054,72.60673765823907,6.28160300168108,50.00279996169848,35.19579780596506,1
1055,64.4969484615458,5.51182376373805,54.13226555429381,43.79123633069237,0
1056,63.283766320619485,7.250411913501482,46.27510616257472,34.672989124450226,0
1057,69.74445929008554,5.111764390740159,45.80195813979664,40.20029748824348,0
1058,81.72729019259364,6.5384481708088735,46.619646423531954,47.40078365705286,0
1059,75.43600154594432,8.96301786573893,47.140357269007836,37.9780966461238,0
1060,66.29385667913894,5.8971487325712,54.07662083404507,30.629423235338663,0
1061,77.71698710648344,5.0739922486922655,44.0939941342556,37.01016002628159,1
1062,41.51457379369924,6.083670477831469,46.886930500203405,54.1484013645926,0
1063,81.48765700372104,4.452078712694172,41.0549380474928,56.85064345333184,0
1064,52.60286221221901,8.581951558287098,55.03558911706187,19.800738260577248,0
1065,66.37559058596868,5.270106556543972,56.355150497155705,50.910279091914774,0
1066,58.803301053738565,4.59060001966173,48.364632845681065,42.50147716035356,0
1067,57.053185242790946,3.7464664924699456,48.51025317593388,49.2398267912015,1
1068,81.6082678737852,6.645830287409657,52.266109511414484,34.4951173973237,0
1069,65.32298798688109,6.300781119241608,57.37241003689128,22.31736490498514,0
1070,73.46503881730716,4.25396844287886,52.043053737819584,45.844887886474616,0
1071,69.53079421120816,5.8646770176836345,46.512290287624424,30.59022738717283,1
1072,74.77040827223121,2.7371660476807156,41.9058871400678,26.117075685151477,1
1073,70.76821891060256,5.2774558626097345,44.42436868668256,26.815986175265337,0
1074,57.1700777581143,5.679134528115042,50.36609725156232,46.00913782415334,0
1075,79.9626681944714,7.560994714338834,46.723362383996026,41.39452466029197,0
1076,65.06243416838687,3.843771795906966,50.97483852995379,47.824660218746736,1
1077,54.434181013402494,3.0824710567965132,47.23537991881883,46.69075254496365,0
1078,65.71884839034088,3.6568580586124373,44.70926784352794,35.790664354162345,0
1079,85.00759790634311,2.99514724952762,44.11484184273465,39.29526426122544,1
1080,78.50221742113493,7.004986036638474,57.81177254686615,34.885624712174604,0
1081,66.5134786559214,7.322958942536054,54.444938745918215,37.89672227134509,0
1082,66.50742295681572,5.480324866923244,58.652589759139794,30.32745262018934,0
1083,66.78364948782617,6.831942418527722,52.699754503775516,43.90484293874335,0
1084,90.76747983560841,5.200937570870353,47.850042956925805,50.75120748981757,0
1085,73.81935452231554,4.857332528448851,56.61670461244969,31.833869701790135,0
1086,74.3004164719107,4.500443571419358,49.83465999319116,52.81269645401343,0
1087,80.30283454031843,4.534413512933652,51.10420885145176,41.135214964779415,0
1088,72.38789159026514,2.678297665536453,49.785878104622405,42.41078976405813,0
1089,67.40957854179297,5.396382145411009,35.265478903579925,23.005704803924818,1
1090,68.03650150915021,4.939499134678934,58.023675061474265,21.92737690434266,0
1091,69.28398740585936,6.118041086116814,52.455019729788766,41.44116362779682,0
1092,69.62777763490159,5.140285244657915,51.64911530434255,47.897321246320075,0
1093,77.2762954363698,4.755944447646362,49.6911196886472,33.28619556355048,0
1094,70.519458858073,3.693210454988554,50.81713910193066,56.70093900583089,1
1095,77.3264007721558,5.108229855232642,47.01360532076876,47.34935974254316,0
1096,69.19283419891417,6.107355846224243,53.082896761536354,30.91658748292015,0
1097,70.7863519031609,3.2849915133742087,43.46450827800434,40.308486670535075,1
1098,50.01799315467892,5.1312106305211085,50.93034216235274,64.76929133723412,0
1099,79.16327674702481,5.349564427294226,52.807867352855524,27.574359972002945,0
1100,73.46488475897992,3.9229028245726036,49.00665433088548,45.282699389151055,1
1101,79.98010109859652,4.118215542638,51.85433896235512,36.77255447276658,0
1102,41.03744621806311,5.345916273149322,45.04332803882875,47.06896290918512,0
1103,90.88374704780728,3.2998684725610654,45.17086614552018,52.67273646318382,0
1104,68.60410371844826,5.524885572874089,51.18358560513197,36.13762911288632,1
1105,81.08182816737516,3.6569684395112,53.392748273105255,51.18912271707174,0
1106,59.60094072874469,6.594280539549825,40.62567172249145,62.21203394271961,0
1107,76.12773905062569,8.50674161808245,52.61010317555383,40.66274737344235,1
1108,59.46584436826344,3.7088647974472706,47.283992498118316,47.848886874941854,0
1109,63.76231039304195,5.801311793562012,49.035969563462935,34.09559229796725,0
1110,89.14031353866787,3.909887142676971,43.30241038217481,40.19259309031212,0
1111,68.09317599236654,6.5614312606966845,45.74191379906646,38.23324907291757,0
1112,72.17432873179723,3.1021123863721773,54.830626627651554,47.96935925658596,0
1113,78.70067730688754,5.7208801376415686,50.164316869901064,52.04675935756926,1
1114,74.95681887972604,3.690516549665971,48.08610799145221,38.903451508825405,0
1115,71.50418905143576,4.689523116352447,49.417558236844826,55.336228457329234,0
1116,73.64961002466225,3.4534620872790396,52.446059123321504,55.30047441561629,0
1117,94.03415585238275,6.233525706343631,52.20247248081669,48.46853743179901,0
1118,69.42381202966415,3.7445294683406196,49.624864998015994,34.83973468278272,0
1119,72.01099046714967,5.827946388997741,55.464795554483345,33.88171183260097,0
1120,80.50654396007612,4.4838529576065005,54.85231318453333,31.876186453099614,0
1121,81.05525932957984,4.828291442301706,52.06686014565198,49.49166070238161,1
1122,81.8703030556038,5.221633861100193,50.273058914550354,27.882317925106356,0
1123,76.38730222029184,3.857262992511727,53.286605475597696,46.76837654111007,0
1124,58.569950872695166,5.31555067031133,51.57133710900592,29.18890652175887,0
1125,86.33431532301096,7.295501846531616,55.304000359029736,48.235461198419735,0
1126,58.53654606981312,3.8328578212509283,54.49780688369154,40.17219582730561,1
1127,73.02635465239034,6.7577152149107675,44.90873049291136,53.33638561859827,0
1128,62.45724149980642,7.247146450231677,44.57018414629147,51.41454578321271,0
1129,69.35861653407008,3.7757675164579343,46.49375227797962,54.35065412002112,0
1130,73.2876241030348,2.8174180923641723,54.880693450334604,54.60818718289113,0
1131,73.21357215450273,5.452941350257647,42.11845501614377,41.436308339881975,0
1132,74.21920754235285,4.17888871584969,51.97378694553996,28.412069335753955,0
1133,86.13711269058646,7.802904828744504,51.812715455464804,29.474769450026216,0
1134,74.5353430151398,5.052211310749748,55.813240293430965,19.131514706840626,0
1135,67.55843364709351,3.7967008879472313,50.90169345331944,29.163341665719066,0
1136,79.64087168288357,3.279260733482433,43.283953047080495,40.68823657704649,0
1137,81.89470488924641,6.634857438636246,45.203225196759384,34.40345819174838,0
1138,57.72392184863008,4.14322403887372,44.090022390510875,38.19864395590149,0
1139,75.97400069849859,5.065743199190642,47.3102801683343,44.92715419461401,0
1140,77.01172742310898,6.4337041176687215,49.085492162880364,36.95934741934242,0
1141,67.02436496640009,4.273612472103755,44.17279236889472,28.781711995874158,0
1142,83.75706813311619,4.931106756889759,57.353309953261444,39.46766332436568,0
1143,68.49944412967473,4.97514738526622,43.373593140237794,31.01509513227155,0
1144,71.25576453471542,6.024986767274138,56.7305171193124,37.292135030209366,1
1145,68.26928175716131,5.886116503265489,55.9258151571967,53.42776964423003,1
1146,70.15579047581467,4.669829403117757,54.491512748445174,37.294946959038256,0
1147,59.037249131047986,5.095473592244777,46.531166962516245,57.70957553347745,0
1148,55.59949117405706,4.442331482714767,51.71225439588451,54.316359869379696,0
1149,85.94505063224972,2.783581389620833,43.61314433224691,34.20694691420957,0
1150,61.53038651681672,5.386401286097194,54.554535175168745,28.888762335842245,0
1151,60.08607650543693,7.838287641249602,49.63007609231865,39.47445838079807,0
1152,48.466098863962856,3.674421288963406,47.95339892706657,51.53327763396889,0
1153,63.610382523104974,3.8404554355959455,43.88127576671865,35.09809093771312,1
1154,56.76910206592502,3.693908342534388,37.61246940685491,49.08090298262139,1
1155,86.4201516013637,6.0868876680846835,44.80729571482122,52.08439989136088,0
1156,80.09817089342634,5.67272818129466,55.56399097806453,32.25974349637394,0
1157,63.118496548222765,4.762193461375315,47.98583285762598,33.23948911711413,0
1158,92.52435805344308,3.6229714075415527,49.15335571442476,47.12662032127007,0
1159,79.81765486991594,5.1385651874598866,53.27777179144226,41.518475496415704,0
1160,66.75168616491378,2.6530668089962934,59.028344390581324,33.13938473456321,0
1161,45.005942851264265,5.21513985028624,56.62502327472819,36.47819551880413,0
1162,92.90942572590743,6.307286579131901,45.13832498091906,39.29480447272581,0
1163,56.10427533236404,3.1232012950494834,40.28714714281297,24.351455750445396,0
1164,53.546012530431085,2.7012225847555045,61.79807129550052,47.656431064826954,1
1165,80.2257043200964,7.369156837542289,61.344958058297266,35.21307811060809,0
1166,94.39752406339272,4.082360540743123,50.94226798214641,12.162837762019013,0
1167,83.84272818510519,6.703921768915733,43.64755877209089,39.76129031690547,0
1168,75.6390912005236,4.769003502203253,54.816132669469695,32.58428741106492,0
1169,75.94754341665286,4.757067774588009,49.460081569936946,56.88822192302676,1
1170,78.53415558780307,5.657619049244968,49.43509438446695,34.14554979080032,0
1171,77.58928589786765,3.674001714880339,54.47229421552564,29.02356636421389,0
1172,72.81191423969376,5.198745715243469,51.67187373436649,45.07932669962016,0
1173,71.04201103951875,4.427765877763861,44.07092544492527,33.395526319924166,1
1174,69.37406872100478,3.019259834892453,48.37629032459013,32.20543798747768,0
1175,62.46035411133324,5.506223112089598,53.30576464330673,45.09501382824406,0
1176,67.19324923133226,4.605038289683126,52.551261112025095,29.595326921104338,0
1177,53.07043185804615,4.764462757332939,51.31008287179238,25.42726341800547,0
1178,69.0166037320525,3.184758584878763,54.66711477237932,57.259980020943374,0
1179,60.11408892849083,7.387100551644206,48.19141506091368,45.794987376006446,0
1180,58.964106827842286,6.315071279579174,50.89334887609536,37.35790715005635,0
1181,71.79894151153478,6.446233826257968,33.122104499112,39.96522790298064,0
1182,83.920022863446,4.541832946337477,47.75174903078593,45.05864358116156,0
1183,79.18316606002313,2.4062256657448695,53.819514542878224,49.7333744961342,1
1184,54.29499396376823,7.929376073734266,48.048027664414285,32.44024708684988,0
1185,60.10371863429663,4.908353737991198,47.66886304141444,43.66146525965682,0
1186,79.40771187988216,3.8768003059699194,44.79273524112591,34.932958237897616,0
1187,60.175126064616904,5.6252023617246705,55.01682946364573,38.110187554873754,0
1188,67.75366850002976,6.750681182004946,52.742316367702855,41.60692867464905,0
1189,75.50052099024552,4.9654241658718,54.127072989115426,39.933214269473275,0
1190,60.31655545136365,6.917862751909062,41.36893019021055,47.355668983025716,1
1191,71.0537550614596,6.624499907775302,49.19774978367183,44.87086559115594,0
1192,56.65974505081795,3.3854282188969123,48.59944496124997,24.918307906278223,0
1193,63.98632356048786,3.9893148415107853,48.59714146700724,26.421767929345577,0
1194,73.19781934142537,6.436305744919651,46.91986228141022,36.302833152407075,0
1195,54.070062664683306,0.9310811542843433,48.26947864109992,58.28625262441825,0
1196,74.40474737960399,4.775816460252517,54.24822391353326,31.484081674983976,0
1197,69.80362201073319,2.8537531975629924,40.43574323326085,37.917772903872475,0
1198,75.52489954417148,4.285169297849713,58.88647384015227,34.636539730434784,1
1199,72.23914134064661,4.551769866456194,52.41920562513231,34.4595561591192,0
1200,83.64140429973844,4.462633433138738,49.788340521698935,41.782397439050555,0
1201,71.25224502647907,4.171608121831087,54.534170731864634,54.00777276195652,1
1202,65.70594458874747,3.354284525556779,42.740826274157826,44.559683998805895,0
1203,71.22297503032284,8.437866900228029,46.67649547424493,31.964690385729078,1
1204,75.43298029036387,7.801193006242026,49.39462283804723,67.53229510803207,0
1205,70.48860070325705,3.2569012696155752,56.82780185216089,40.78573220961126,0
1206,70.40591691203882,7.373175126955351,49.76751709436721,34.227790436178864,0
1207,62.980083121932445,4.400801764290721,52.25027335592573,54.12096374677589,0
1208,63.37099082449052,5.1937812099975655,47.05210502031936,35.30929382056181,0
1209,55.97394728200307,4.905089060154626,52.43421034483745,56.62913654987443,0
1210,87.4957674318694,4.010377038119051,58.38619796487228,31.293572090333335,0
1211,57.56136764608715,6.47577851540922,54.97763345837057,54.300303889213694,1
1212,63.07094802204092,5.1888297958649865,49.592720061110604,42.01047664281695,0
1213,62.81592734430802,4.285172865171138,53.377454236327345,52.91052232702434,0
1214,78.94924376944441,3.0431158342992912,52.88758477303606,59.01765708701544,0
1215,67.05050321707972,3.6596074794213194,52.532938358486376,28.673927094787462,1
1216,82.47742072673734,2.5379298265968546,55.55976680430204,52.757718207583224,0
1217,63.26509375756132,5.018335322622754,55.52238851918733,25.910960955745953,1
1218,72.78994162223802,3.2050016115734064,49.36420701562558,29.528156447517716,0
1219,61.64652946740243,4.601659231222188,53.209395307388846,31.965905402075627,0
1220,91.45149127773388,7.055152780415556,48.08452539420103,45.03636636177861,0
1221,58.12401580970487,6.798949359382378,45.38463801842211,40.3301587693486,0
1222,73.09820710227028,4.951584658846073,48.65253122148007,38.328639158371644,0
1223,76.33776880932099,4.869372910785275,49.61860924130209,41.46235279022361,0
1224,74.13799097451498,7.819811824131512,41.69209505411004,45.91289589293473,0
1225,68.14712341122292,5.781134180538067,54.3016627970836,46.68248123941353,1
1226,68.70179300266574,4.508290310185216,36.163372886988014,50.94166835615131,0
1227,70.4381147197911,2.860972824319322,63.57408469743161,58.200348127674395,1
1228,68.52997998371511,5.5908098272471145,57.5093956689816,39.78637627558523,0
1229,79.6387911679491,6.243985658874294,48.69495637913843,34.789110378690836,1
1230,92.10523001591352,4.052522713229534,50.04713180281887,46.13536129185188,0
1231,64.42508214992166,5.436804132707048,51.51485936793642,28.557451837353796,0
1232,56.301970204209226,4.454640057627456,47.05419806005529,33.212958678883886,0
1233,69.11717951648745,4.723951401201496,50.96309573793468,49.9938094639279,0
1234,95.79709337654319,1.268266913656503,49.280000111491695,38.75871625182296,0
1235,61.963254320302696,4.667327894425797,49.52863641384517,27.91807541641961,0
1236,86.39116805444067,6.454053953612082,50.90730531740319,25.10196934634826,0
1237,86.77700814076441,4.052896166650163,43.43236100823003,40.48716679393807,0
1238,64.46411758292005,5.0787895523229745,50.19784862066824,51.418965369680095,0
1239,75.68983079185276,3.8660739399621193,50.817238733087386,51.28545777531187,0
1240,86.28396623128538,5.540662514439159,50.64424810677957,41.10880502892837,0
1241,66.20872259012513,4.67521520369574,48.92084622281923,60.089094190961276,0
1242,67.96419639897638,3.59113768897699,55.689288879846856,38.95179634059537,0
1243,64.18319086051356,6.998827201497692,48.23173722559224,38.61432376602589,0
1244,59.852432693071336,6.3933980202983225,51.136629534115954,14.325640902610001,0
1245,63.50722454933993,4.092639854107738,56.48648766962773,35.52637050838784,0
1246,57.760597332377436,5.746682464126666,49.60311929989844,48.52015034908494,0
1247,70.34083468259226,5.806118004230571,51.07231633733775,55.63961336859704,0
1248,62.30026768941358,5.963451852516764,49.51807681842551,31.697653663327152,0
1249,72.33785911790747,2.458616156007383,56.186848967817994,44.62252329293048,0
1250,54.44104353796373,6.509909811548942,48.711377192068525,50.46879032323288,0
1251,73.30880232214457,4.145451555611403,56.41677288644103,40.11208153195899,0
1252,78.33528961608924,4.463258099838099,49.48206052676468,17.167195424727698,0
1253,50.062643574285445,8.9568226283903,45.70270138275991,42.47289999574252,1
1254,73.74056569847572,5.452810071081518,53.396865852870604,47.61430624060893,0
1255,82.27668992473292,4.420516286829237,48.47666083122172,30.52577104981541,0
1256,57.90358981308795,1.6920584408661412,53.102504495495815,37.45845469125613,0
1257,86.72572386837703,7.084646200919533,36.35297807538133,28.44503957871236,0
1258,74.19019009366045,2.982185493787096,50.02602630947473,14.298524514196473,0
1259,62.949881442415915,3.494841644750745,47.701973506212596,50.270044117876566,0
1260,69.44230922342294,4.502971551368226,44.683706567343606,39.96251466198149,0
1261,75.58326912521723,7.124617687550439,47.233794990801,55.97674996704983,1
1262,70.76005391412411,6.159859979998639,47.13148427853674,48.57322191906177,1
1263,75.38755992446369,4.76324373523961,49.760071025747095,36.45790238334551,0
1264,60.79326406920634,5.462438095458231,43.163367693575225,39.168193398955914,0
1265,71.69360824036077,4.099421460693342,51.58136890129857,45.66177390770172,0
1266,55.8628550309502,5.209480534348026,56.83107392602894,49.668834167557435,0
1267,68.88773938651299,5.110005117167205,51.404642484739135,43.226706307420116,0
1268,60.960923585352106,6.4531548435220305,54.04494304614504,51.05593145289484,0
1269,62.64470057410233,6.450767183658424,55.472812273068975,37.033312633255285,1
1270,82.36093175210438,5.740966073308467,56.182447560920885,30.028564532143136,1
1271,80.9131012059427,4.456478663680847,59.35069346410653,39.351907464388695,0
1272,76.09138120907177,6.11273344158519,47.50399000862035,42.05184890736184,0
1273,59.07687235327421,4.86204730069543,46.40758007419442,27.984646052607133,0
1274,66.83591550305198,3.3771284469303007,53.91732824162367,26.63277915853378,0
1275,82.13097699979184,4.395068312133592,53.541331098286996,44.47386296473427,0
1276,71.41716913639905,5.126790475676486,53.878376498078445,35.93643148629577,0
1277,93.19329539981695,6.365323675497118,59.44641227125126,38.34159094337998,0
1278,73.93317839394372,4.72470774176427,50.05684954399247,36.40307334299177,0
1279,71.92049116490031,3.186201933140591,52.130782798230925,55.20600901763212,0
1280,66.908835357975,5.085112524945229,45.09805874258262,52.61761160395,1
1281,71.33540904782282,5.170184060084829,60.67660561987979,27.62646309960832,0
1282,68.47530163619456,5.27875644335413,48.317275393954446,34.67206786919553,0
1283,77.0810867668859,6.379807273931645,48.45892035919585,48.50004267969593,0
1284,79.56702316794585,6.528384860134848,48.26625054495879,46.01936237103242,0
1285,62.140105394920504,4.1086836914275,46.77552070677831,39.585420376702146,1
1286,56.68767046442222,4.075784812926585,46.352814755761756,28.623997950357648,0
1287,51.637946268967035,3.4397019335667904,47.38147858555237,33.17459953846454,1
1288,75.07991326912544,6.048223505420714,43.17102035974528,34.832324324537105,0
1289,58.966333938261265,7.173230162506574,46.073410398683805,42.76994331119101,0
1290,48.471094070475175,4.527377108136615,59.7448155572381,57.03727154697238,0
1291,73.88578604530964,4.63785415291251,53.67827571820684,33.13119765211872,0
1292,94.9299951743279,7.200173835348464,54.62952088363859,29.739647524447598,0
1293,69.93929088460106,5.758336779822511,55.88604393708457,38.914135231720564,1
1294,78.38490774451643,5.654353557201583,59.170672821811955,50.31738980514059,0
1295,70.81829358547564,3.2136252410394097,41.14288724278078,25.531170332392968,0
1296,69.01110346808858,6.018092103919129,43.8505844235673,54.53634150874947,0
1297,79.19076482987768,3.6062954892353627,45.98138169552657,38.27968637884331,0
1298,67.09725455811349,3.2989697210975626,47.65135101755201,32.65679997686626,0
1299,72.67392314071903,4.479842634849931,48.49715304707375,23.998107132378404,1
1300,73.21697806196013,4.121310914826965,47.765112235969795,47.065207734206275,0
1301,63.31909546356951,4.667600458422441,51.09654456566027,38.28828804758465,1
1302,79.92042349536523,2.838527548212622,50.17647695372608,41.707054827545065,0
1303,68.25040243304592,6.438224459701509,46.38582602410875,30.991882589886362,0
1304,62.442548405071555,6.691529441774644,39.12225611506215,36.80903965748976,0
1305,75.36509843570404,2.0789862887887787,45.035656473106506,35.13418753645262,0
1306,61.015320182089624,6.4676867084998255,47.25380673343712,38.99406894621792,0
1307,70.28181157369129,3.7842070552675606,48.7646028159614,33.304476736241895,0
1308,69.90881003355797,6.285463305474179,44.35166270344732,24.658190393127786,0
1309,80.85895565831578,4.897330261000376,47.5459676675179,67.28499745296607,0
1310,74.74698232879953,5.0431633461214975,44.34506305757207,26.36595752662486,0
1311,69.74973041254856,4.722353525868172,49.370903242258336,41.81459006942539,0
1312,78.17766299200287,6.818193806350229,44.634543358186924,22.279721715759578,0
1313,83.90207549017313,3.1406179812124577,45.755476718147676,20.02952563382025,1
1314,75.57810306351863,5.911760508102513,43.45657934505431,40.978264918522676,0
1315,70.10352619843381,6.651995247334326,49.23249652215108,41.74367587768303,0
1316,56.8816376764984,6.074510120810616,45.66776115023801,52.61498990802384,0
1317,59.348863369246274,8.487048371485127,54.533921333377144,43.99546841015706,0
1318,66.94775295645333,4.206579855912952,52.029251333464494,38.50189281254209,0
1319,63.90487797840717,6.435957233890297,49.650740659081784,30.50399755934996,0
1320,68.13028697014553,4.840864046987869,46.01257251328106,54.99012068233549,0
1321,70.56649924897107,6.850109114529005,51.90260152658151,49.28851246050224,0
1322,75.2969275435673,4.988466506417946,53.45350444674318,27.536705222515753,0
1323,69.29501221940909,4.418186327206295,50.71344206100815,40.37963728210635,0
1324,74.86501643826202,6.959108305807444,58.01850927733465,41.44052231526497,0
1325,70.6447441481012,4.262657091471605,52.29818659037408,36.54346343394331,0
1326,50.24533433646128,2.880911361649166,54.56803608784017,47.718504858067945,0
1327,60.606646061812455,4.224729675239257,50.66782707767989,48.31733138348177,0
1328,68.55912444278384,5.928549419882799,53.37832226628488,38.09514302194894,0
1329,57.90305257158892,7.088058127380637,46.01609383665412,37.19130754202342,0
1330,75.99928729996205,5.166694062944768,47.70800818393603,54.98958462667532,0
1331,85.30750832343698,6.977295600851038,51.7468177674119,49.32838892362237,0
1332,82.18761851697317,2.96273761778361,51.71049740778691,40.72360389908385,0
1333,67.86557129069791,4.335104802773145,52.53805911471624,23.707909609199465,0
1334,84.90726136849952,4.567137324268848,55.50196446139365,43.44000106305036,0
1335,71.48667457202112,4.828160858791221,42.87514414092294,46.980834649176686,0
1336,66.62914028881961,5.126141582375295,45.12773726194852,12.454783716016273,0
1337,63.8659733645906,6.036366436088289,51.147863205371266,42.518694483180255,0
1338,66.97530313511872,4.332789742744264,46.3781818409827,35.833080132042646,1
1339,66.11823181458772,5.208543030429689,66.88884120644681,37.791457198704485,0
1340,71.70416222375488,4.932315664513922,52.57859809585068,30.92619047236679,0
1341,71.60573981049865,3.6111651441632753,49.60834575534921,38.51810709596358,0
1342,70.03046020153414,4.829499966377847,47.422653634580705,53.919915761813314,0
1343,74.3693816974635,4.7845107051543225,47.59918858403478,35.536015011844846,0
1344,81.90646274786342,4.752379152495431,50.150703306575885,49.65573558793184,0
1345,79.49554135441323,5.047639184872176,50.55990966310629,31.936687811203896,0
1346,55.151020315500965,5.113510310920079,47.71650427653243,47.58756192656039,0
1347,44.46078865098045,4.3515572313390045,48.63423876740049,40.016558556219515,1
1348,79.34319911239274,6.909072100956897,56.72142287617298,43.520248287892805,1
1349,56.33121301584579,3.245779056195475,56.92252481325517,40.07153256097487,0
1350,67.75234598107316,3.9185448372951557,51.26016989967439,46.416252324412085,0
1351,58.298869739406406,9.169945436335334,43.29370136381631,14.324148820662419,0
1352,51.9801956241998,3.443012967516155,52.69251578319522,25.801746865424306,0
1353,75.41462728204787,2.969367987935362,57.77141220805513,44.170804980086444,0
1354,77.59155160302647,6.1017151175018265,56.84890550981189,19.564616461037645,0
1355,64.2348959927328,1.8843202193391893,53.67212926404834,34.69419644352791,0
1356,44.0895770785509,4.647089135041342,57.11211477642911,39.456591589633504,1
1357,64.53755551747517,8.218737387614732,50.26692136239511,31.71859862387103,0
1358,73.91804005402547,2.6825961167698993,53.140514849168525,33.08438597306226,0
1359,55.21088431225871,2.02705327139193,46.5961221683741,42.715822001535926,0
1360,71.83359919779156,2.751228197063453,51.46132728077856,50.09294955779809,0
1361,69.84690150827005,6.347539352520478,56.647671219852626,30.415506187451925,0
1362,75.79291499601088,6.687165079978719,47.052882942565546,34.2494180381263,0
1363,71.19580368414154,4.2311168045322365,45.69278285267857,32.68739026672955,1
1364,60.26931059118444,6.024818606001603,50.487444695118484,15.786202481227214,0
1365,81.96571501664491,7.085382991267984,48.86668898138,41.41711790317509,0
1366,68.4147042697303,7.681019621644738,53.2457386053521,49.34717745828492,0
1367,69.72695460490068,4.630497078230228,47.73370237026479,50.16643207315882,0
1368,60.667320409268044,1.5477924234950198,58.59219807801357,31.29233623559261,0
1369,65.5671774880849,3.7686816163854697,43.55161951019472,27.483019514798574,0
1370,61.15197285973099,4.359793707597113,56.268673931098675,40.216055475916846,0
1371,68.27053940076577,4.611591805132414,46.17575385845949,48.29273686566467,0
1372,87.11708480142343,4.71821089848692,41.02008632707988,41.54850448310384,0
1373,56.28098857068643,6.678341896896004,51.18937578174434,42.893046358737614,0
1374,53.86438602123259,6.911642640031372,48.726960069930584,51.41830927736233,1
1375,84.71170327493608,4.742489519112825,44.45195316048485,32.60863440769297,0
1376,67.90676322848134,6.647727314077728,41.59311554142368,37.800299133269704,0
1377,63.309272613400836,5.536492049946634,49.95819606364272,56.34605511761201,0
1378,80.39904687396077,5.096758959293858,54.87918445811909,38.03188876902373,0
1379,63.94384460263136,6.359816235664946,52.92476746543222,27.32663034033429,0
1380,88.26009713546937,5.1083780723568735,50.28353324419633,33.30643903749705,0
1381,76.7792587133927,8.086716765646644,52.39423786608867,30.618201487787577,0
1382,65.12088591854297,2.842383249808161,49.863929338110715,43.571625857012705,0
1383,91.57308213265503,4.227243651361974,42.851378784848144,31.04052996411221,0
1384,63.94285076996662,4.810221654569075,42.89553007388278,42.71034252861244,0
1385,77.42095372009307,5.659179035686986,48.984157355076604,32.639347814593506,0
1386,72.99292580406492,6.901940730654633,49.19673356816963,18.76621461601772,0
1387,83.01741289398798,4.963402149145765,54.25491339253382,43.06619786981922,0
1388,85.61511196726853,2.866655525740689,53.786521118873736,41.48463681546889,0
1389,70.32004149065767,6.263770844682506,53.025665078794745,45.177578157088405,1
1390,62.46582129653817,6.1324381492129465,48.5985864346141,33.27012780834743,1
1391,74.59972142939117,2.087212010930891,43.096739149449306,32.20455524640624,0
1392,63.22284630247894,4.994293799493801,52.06035568533012,44.01466858481545,0
1393,90.13387247526623,2.614787253979553,52.62584656631084,55.190195725309806,0
1394,71.36535331082737,4.003023353746906,38.057342687611566,40.11168009506328,0
1395,66.34678448687892,3.6457866095558003,45.828309067086686,44.24585096047145,0
1396,71.84680305864909,6.213897047362979,46.54472811303052,36.784123155742925,0
1397,56.52873710470303,5.175245261258276,50.59175100561718,24.563694781263152,0
1398,60.28385961489349,3.0716134988659585,45.98319783617153,49.67429419154058,0
1399,82.00413907944426,6.320098944436014,49.8093271558768,49.084142390861615,1
1400,63.43105721028604,2.8492912641073787,48.94732529823504,47.10774025175194,0
1401,59.5308901731806,5.495170685706415,49.20425264231136,38.18054561657581,0
1402,75.36652752527286,3.7789839960626663,46.41802853149627,45.970560997385405,0
1403,81.85704154662997,4.45148437620422,46.805074729666615,48.937617973878304,0
1404,77.18953310665067,5.756406122057576,44.59866470109654,56.20158684956707,1
1405,79.96047685805816,5.7821740985892935,51.90033720286916,49.88526104647442,0
1406,62.43204911430539,7.005453610333941,52.85551314295684,40.63821225033639,0
1407,55.78189333258156,4.876619450492821,46.146910249373306,26.917467445756284,0
1408,85.01333651955487,5.459676294445011,57.60320048008522,41.55658297671741,0
1409,66.77320161157864,4.343394016393513,48.42699276278976,42.565773958493075,0
1410,67.49166983544953,5.2729848239341965,57.650928118982804,47.09029775318304,0
1411,83.28194141849058,5.659229072012767,46.78936413084198,53.53891859323426,0
1412,75.5623000940066,4.852535228818436,39.86711111700282,39.048494879432205,0
1413,74.55887772081607,2.294374273861256,52.01098912456175,61.00987189813111,0
1414,91.65002344901083,5.497206344496343,51.242725525594935,22.407129799594227,0
1415,63.564817696198574,5.546842216033186,50.17196897653792,44.19341872461625,0
1416,79.27840128081237,3.9797397854780736,46.78883760778005,32.01479607815972,0
1417,70.57013124897084,3.0734194458912287,49.827138872570906,20.92778000311197,0
1418,72.68592278863257,7.213818725755948,47.44370271065236,37.982256237008414,0
1419,85.28468426412532,5.7371682663416035,48.48825216834125,25.428273015790435,0
1420,75.07835756289624,4.656378453617435,54.20816127882537,38.385721019671834,0
1421,75.38296079049633,3.294450675278769,50.92108614765047,40.347692480944566,0
1422,80.72507337309803,3.767277757367981,53.04975693665989,51.1854140933595,0
1423,66.35047270457115,6.953885595179347,48.84065746687105,24.924148652360625,0
1424,61.607903326609936,5.206492911302069,48.28991327097612,49.08445165645772,0
1425,59.55190805978967,4.17411939949894,44.23258734555678,40.98080450279794,1
1426,50.33643410623998,5.764533846836985,48.14981693715902,50.28849153609595,0
1427,90.56207129940321,3.7784027188305145,33.394427222054304,35.682488249688724,0
1428,58.96791634278317,7.251264545420567,47.04889016847183,26.677554132365547,0
1429,67.78746376414227,7.029200802345088,49.590629114045804,27.82500673784134,1
1430,67.2318670011108,4.300138893195835,52.81836827135078,27.08192546332884,0
1431,73.07406697809101,4.056994629453709,48.65661061237522,44.77814152920655,1
1432,78.15737212539297,1.0728002019615803,51.738367711224996,54.769220222147,1
1433,78.60473488359746,2.777628842672948,39.101056693048776,34.35048473344779,0
1434,64.16922561431062,2.9907953375633656,49.715815738965254,46.291352982577834,0
1435,68.32878286213588,5.202785511481078,41.60248603543298,24.765579418643803,0
1436,72.825799504883,4.510649443337961,43.95848242170334,41.80321249177299,0
1437,67.51308873816453,2.9819967688771376,49.06417226068069,46.68562616337127,0
1438,86.07345576019992,4.578253936303164,56.38131993936777,25.518752247231316,0
1439,74.90974951638252,5.758005721471022,51.856033817350294,37.96116531020145,0
1440,77.34877786049817,5.791759024873381,50.091154985685584,47.159171404855655,0
1441,76.62881268667412,2.1504945787116783,49.902348052664486,10.66229352770523,0
1442,81.73473857485325,4.807604779274254,46.43185553397766,53.354530617017424,0
1443,71.81021558703706,2.9249888345425843,47.28008293313658,43.536793758910484,0
1444,57.03168052044153,6.352593045710411,52.136880227353984,47.16727647717343,0
1445,73.99687951752642,6.176219624530248,43.07319740777753,35.87280720805236,0
1446,63.48643106208171,3.6529591605133125,52.965270251415106,22.772775184346447,0
1447,64.71383318250243,3.8509321963994,48.057464664405735,45.340629563169514,0
1448,75.86364018755093,4.308099424252539,54.12778537434782,39.17409674583488,0
1449,82.38283071433636,1.6208099079029914,54.805467286160415,40.32115455432321,1
1450,70.21271576736062,5.503952260160865,41.6345799374713,50.876069851989534,0
1451,73.08833012598964,4.590733180489804,47.09209618386391,47.62063873862598,0
1452,87.02214944635239,6.455262623851789,45.72236156029688,59.212374170896126,0
1453,72.40753179488568,3.3523861730561713,40.93636017463429,41.53854228873499,0
1454,96.01683114180395,4.071315577625103,44.83733361895295,33.08787562208883,0
1455,75.65509645631545,2.740212112941327,62.2062792263267,38.115831530912736,1
1456,52.39237240844182,3.4935641547586203,53.0475494810622,44.156633725386065,0
1457,77.53341621104532,3.2270270058976713,59.58643984302877,50.158565189929774,1
1458,73.81158384882778,6.4939605182696685,54.14549220009168,25.329660485612813,1
1459,82.89752754082745,3.9526072268729115,46.290784194957624,40.08537615179169,0
1460,76.73181351269959,5.18626352711692,48.091144016629784,56.09541657038369,0
1461,68.61544016016227,4.428854894207293,52.94218090120154,37.597911289974796,0
1462,57.757017637106344,3.0958021009807806,52.18753101736518,49.310118548691044,0
1463,67.90976742713974,4.747549365242536,47.11328992145833,44.93117527216005,0
1464,61.494795457907,5.898654997795392,42.45003414710396,49.5586060652498,0
1465,64.19476550195277,3.1883609111849713,66.4388059369437,31.902394584000675,0
1466,75.88578404420609,6.213669186097068,49.29425163828597,31.945983299344192,0
1467,86.69904504351406,3.725418617783456,48.3713055340869,40.20271892122288,0
1468,73.9467152982298,4.275524110890739,50.56667231952651,24.677782127596885,0
1469,58.04116937964815,5.796024684515071,48.78635705344486,37.30259393388342,1
1470,74.4460266822014,4.004845764170768,50.61364453852742,42.52876657515667,0
1471,81.96631486645651,5.056362289003799,56.4347364305821,57.84635606949772,0
1472,63.90217095680618,4.5279637568178615,49.377257601567884,44.027181892698216,0
1473,68.65982833327082,5.194052010055728,44.18644780336119,46.252284708731025,0
1474,70.14688194729197,1.4288913417147544,49.19178102760694,51.64475847050006,1
1475,62.151016869177596,2.2554772771878757,47.67799109295045,30.353424111049435,0
1476,76.4828043384386,5.9239505090702576,57.119494686234255,38.34917337629014,0
1477,68.79051851392218,6.555772108473575,55.85559532368785,64.25412591803892,0
1478,74.19532443907028,3.634269944702718,50.537625002153995,39.20877777615491,0
1479,61.125078221978995,4.633957471743298,43.606320725903714,51.16430748782207,0
1480,65.62541699676589,5.442078879353453,43.87053868280027,49.63737877173107,0
1481,77.22381357827771,6.039826402488057,50.075616307922765,25.21886285612311,0
1482,66.27166847908234,1.9584840924937268,51.6816148466064,43.10479277005933,0
1483,87.26963851233405,3.6709396295324344,48.126885903369725,41.46747472205226,0
1484,66.00363814385398,4.501130930225187,47.599152078963826,43.299587878404346,0
1485,72.24684725751887,6.054710295854074,47.036003834106765,32.4588752020894,0
1486,79.3259083187309,8.747645725582242,49.88303019878027,28.83080488087841,0
1487,55.816342670669684,4.657991409785423,38.08618823963467,35.23989999979149,0
1488,52.39191188019224,2.8895338068440166,44.493366856151454,39.022050029157974,0
1489,54.74343685429905,5.603402115801947,46.86474577276325,51.849844476003156,0
1490,82.62584103427182,6.981493684311065,56.0375159747596,58.17310819725607,0
1491,64.48141854107553,5.162021181469251,45.93093179035535,53.965978462231774,0
1492,95.58199285668252,3.640027182268561,50.902340709156036,48.601852107818445,0
1493,64.35752401342612,6.436990912220029,51.13271375465498,29.9565973770041,0
1494,71.84551303197037,5.995318427747653,56.48958252830381,35.911038250105044,0
1495,85.42109952567876,3.460878733706563,56.31288703482075,42.09926052412998,0
1496,90.06092888159122,5.572138426301513,49.712485156025416,33.67560961923825,0
1497,90.61503576636397,6.495898351488309,47.622576294052784,45.77205652527951,0
1498,82.08366230593143,6.7728350638383406,46.68083448587155,47.20486108254288,0
1499,80.24062525811462,4.900326537035816,48.7946838876711,45.36290062565469,0
1500,75.92526949201184,4.462880830731022,47.829833228382,50.251346045575815,0
1501,77.78361076166638,6.840910733121894,52.76813704679116,30.954087862869258,0
1502,64.48814283671467,3.1847592455286726,52.10154908742602,49.32828704092198,0
1503,61.81801116577693,5.657868936381508,52.959005955725075,33.04354549879804,0
1504,69.96625542589048,2.944960058953356,56.29641855718084,30.590640473571145,0
1505,68.29815377475072,6.598064408389404,59.31434560700089,45.321161341863814,0
1506,65.46771950672725,4.612931726583258,50.62331696703779,52.158735621989806,0
1507,76.96387447456715,6.902874853471204,55.49731885697827,44.8801348637601,0
1508,79.5530520857051,5.73711913453329,48.24169908082892,40.20804023772544,0
1509,70.88406886291847,3.165169654907105,55.92503491791508,43.10153826101507,0
1510,84.77530081055262,7.136941598115865,55.30754578587922,41.3642691806728,0
1511,58.58310885866495,7.326867899641594,55.04207984971496,28.74049103864606,0
1512,68.06340540720282,6.323429738898824,50.47034920595762,27.573798550550848,0
1513,62.831776793971954,3.8576182024456704,46.65820918004555,39.211741205265454,0
1514,51.3346338292694,4.540979068463887,43.02735781067262,40.798568357693036,0
1515,69.17319314157301,5.218140826108639,49.7998139623945,40.11332378367734,0
1516,68.78252491616716,3.94443440100285,57.665062711245916,46.76101613649913,0
1517,85.13449743242131,7.538519858694807,48.450775493179634,37.8452328383566,0
1518,76.30811684554777,5.216489707589055,53.92563292730027,45.62979181904856,1
1519,59.758131756707954,0.9449779293389646,54.219757002594655,38.55413232673552,0
1520,88.54092566334188,5.50903371913433,48.581568895364136,58.23358962036466,0
1521,82.21033695525352,4.47776390477403,56.5817241875976,40.807137267264466,0
1522,75.82097703468615,4.887610165822328,35.45669627759748,63.407226115256776,0
1523,67.73515901150168,4.44707095132145,43.886248606309124,43.52011591090864,0
1524,60.405607632765204,6.210569624910031,45.4218385182077,37.863228294117846,0
1525,66.27793223928947,6.679531667830072,45.90142488566305,31.005520237403253,0
1526,80.88748619704185,5.424579743387981,51.68131475592948,25.571114259423062,0
1527,88.84586305934609,4.491033219292762,51.45018901526951,30.085577156038433,0
1528,85.43243528272188,4.9379941927862445,51.96995286087504,31.203936908360102,0
1529,65.11150578213726,5.029399424866442,52.980407470662435,43.94820020412177,0
1530,58.80382566710989,3.796354940202745,45.24947715427175,34.73834628939812,0
1531,71.40886246911204,5.868392972856852,43.9091196659634,41.86927052554498,0
1532,52.31560634437149,5.6900634857906995,51.98159841003932,52.81978362376686,0
1533,73.23167714184781,7.31066185966501,46.8488396317678,39.12191648365146,0
1534,68.52397413701331,6.883024670432713,42.147624773160146,60.79156698466804,0
1535,65.33963498131757,3.971487623614805,54.85672142270741,28.241890196608022,1
1536,54.05296932733204,6.230447561763447,56.97550953251149,38.49416451625072,1
1537,75.13600106569717,3.5735699253582927,57.785804448493295,34.606870763890214,0
1538,64.6729916033809,6.043898151411275,50.9350386073736,49.36506606057008,1
1539,58.30083164289712,4.225078701859839,53.12966047986451,17.60208369633879,0
1540,41.2773778671835,3.4651201649366232,56.849341116809555,25.568847108221888,0
1541,69.72485094949364,5.420068014046107,46.79292104988283,38.926531775490375,0
1542,87.72251596669744,0.9881493077687891,55.55338842027046,55.51377721009493,0
1543,86.6125921454787,2.373536638392158,51.37698117071604,42.25841834037307,0
1544,65.42903743413729,4.733762174338575,54.56855826171295,26.484525457357663,0
1545,63.97787939638219,5.123662649952264,50.93046510437968,28.028334073097696,0
1546,74.68774256075024,4.446021844762717,56.48128354874001,56.72989702844953,0
1547,60.016145608117085,2.630845551923602,51.11761881270768,33.788652012037595,0
1548,73.01791899819466,3.773162236792242,42.580104702662915,30.57036627550236,0
1549,77.6608027838469,5.586813990856091,57.25963316157361,54.7737256063086,0
1550,82.26933223884308,5.8726726559425435,45.26234629513944,50.110970055869906,0
1551,68.99845923520047,4.975665323606088,56.26529105121957,52.74059643266796,0
1552,67.96326249823034,6.735250671555484,49.54878559279839,30.499581197341833,0
1553,61.22017413243439,5.5960955351888515,55.88005492598853,24.748943589856395,0
1554,61.7311964596014,3.8788165190626818,55.673843074333824,41.33166489362706,0
1555,67.73521108098473,4.579246919882574,52.15071487157686,43.35126133073664,0
1556,73.67365506816178,2.895700764188218,52.542676588135656,43.64601803704832,0
1557,79.13584626233249,4.837791514412875,52.11314308596283,54.78183935639002,1
1558,61.96821049319655,6.6681509288320076,39.93087621859461,22.662329099917518,0
1559,84.92688568959522,6.027935127066452,50.59165109449101,48.596950512977656,0
1560,67.2887639895743,7.103013988878683,44.41967911964053,29.03374955852682,0
1561,69.78632705651565,4.54567213430151,50.85593571872831,48.55735320860841,0
1562,62.527883208521764,7.0191496917713865,44.28528726808392,35.25043295478623,0
1563,45.75759739727059,4.710043660328045,44.075240293869626,31.860282041094884,0
1564,78.8404539636105,7.207377623854841,58.02467250876951,33.900972930507976,0
1565,77.36843897092433,4.967214878836814,55.347236940620945,25.543897992234374,0
1566,67.18672442881787,6.060847060706415,49.97928707527923,40.40428939833467,1
1567,70.66990717224871,7.2126685464647835,50.92384325124512,32.27326609339543,0
1568,75.159392177041,4.709858557128191,48.76041987128495,47.86298230900278,0
1569,54.374541431134574,5.327583481316261,52.849381879897614,46.400560810329175,0
1570,64.70947322653706,6.933295137809454,46.61972816725598,56.88157052902791,0
1571,77.94264679621827,4.800495254104905,54.96870131433979,43.663274835410775,0
1572,57.45710576830751,3.0186615762407585,48.734565794929445,45.20677767080074,0
1573,72.9355793216663,8.214510581877365,47.900765020843856,54.00099811827814,0
1574,56.43418195376595,4.295353303494295,50.108565092424215,33.72337303973303,0
1575,74.66429982433526,5.238134076406315,47.04426585037195,25.117417871769675,0
1576,69.64358517702516,6.734010004176691,51.64341174748242,42.000940591283936,0
1577,53.848681840944906,4.087259144403197,47.313187053433,25.77366530785596,0
1578,81.64739354457171,3.4881981301668046,52.34261801409418,64.53938672925389,0
1579,62.65408423201951,5.38060594516225,56.08003269455738,54.55498292078943,0
1580,61.89747562985619,2.3103854031314155,46.40339156595913,61.63976333301581,0
1581,72.00569197230944,4.56814088469812,49.34712271352414,40.62446976663129,0
1582,81.48637349428715,5.367557996473109,52.30665356517711,45.50573593701598,0
1583,59.841781810216034,4.595072154762254,47.820713225092966,35.405245680473556,0
1584,70.61679849847971,2.6848235852213795,52.32160280413333,48.829248055867524,0
1585,74.28816500330574,7.391266934306018,52.7769943032587,27.844567879489432,0
1586,76.93105607263143,5.155307230923763,55.41630888147152,14.569068105252214,0
1587,71.76441555277225,7.146728176642611,46.97004976957544,32.09289380511433,1
1588,66.32972160916678,4.609945624729333,45.286123798847626,25.445265243826842,0
1589,61.724097793512804,3.679982027463854,48.46211305218128,54.77926736159536,0
1590,70.86143883046375,5.403771380382739,45.1612383022645,58.15677455080316,0
1591,59.27860988014393,4.676319310507671,52.822491020237486,25.97070927586889,0
1592,40.78649516505393,3.233357813012963,44.191243499117945,52.9171560752124,0
1593,74.36559804157667,7.204676388181244,61.66508209126344,49.513849835007704,1
1594,79.03934841086195,4.0665946656590055,56.47963930786875,24.302233152811237,1
1595,46.37067564458162,2.2396004228066473,50.062878848001574,36.09732469068382,0
1596,59.90269295290062,6.992249080935999,54.33697246498988,34.1983627787548,0
1597,76.19154261005198,4.243552976281065,41.81599067844604,47.479953986272,0
1598,90.574954697117,4.088264161076563,62.616866656997786,27.71220649094986,0
1599,70.20793707675408,2.3519186194550388,47.04892693899755,39.01127374340518,0
1600,62.71997058770866,7.611412229895486,49.397512930503204,33.140654960503824,0
1601,68.1710355889516,3.0657791191854686,40.72033356405782,44.733411833851434,0
1602,83.74876419148185,5.0876742210584744,52.43143652370448,37.83207968312071,0
1603,63.54035820875465,6.368930483810661,44.468279214614455,34.64754296059605,0
1604,62.00807993349746,5.6325753995046455,50.508278807830145,37.86703424367922,1
1605,65.17256477817968,4.910518532011713,47.27862783537731,60.36042832840112,0
1606,60.466713917412875,2.4475012125688758,44.61128032534828,35.83100363880611,1
1607,71.22670315994796,3.785412746349074,45.97819249118692,29.58994781716213,0
1608,86.2467845846956,5.281700507063783,51.128940170427605,45.83433569155965,0
1609,73.23079273116029,3.8192388950195055,43.592545135655875,38.56475330577043,0
1610,67.47646497873713,5.305039189998151,46.255941644882114,25.847660691335275,0
1611,67.08188731084456,6.022615113222713,53.316366906322386,62.31496335202466,0
1612,54.36809191303343,6.443754328700153,63.01239937437157,36.47521054413352,0
1613,78.83109777147159,3.160730963280975,52.38794409776502,36.22130546038649,0
1614,69.22162802987198,8.29496908246843,45.413691789113564,41.59835351908097,0
1615,68.19520086409375,6.151219016831195,48.164429149638444,57.30116769208839,0
1616,101.93107567844861,4.997428769496404,50.15794503076289,23.202546734810042,1
1617,72.98752908365687,6.634304874614961,48.25287524682146,42.759858494205396,0
1618,62.48208949904816,8.54811165799996,54.515290833684666,60.87272161793628,0
1619,65.73642403794457,2.8419198484146957,51.08736741507112,41.287286807396484,1
1620,81.48445709196756,4.662106036262969,54.53926192454935,27.6466602069652,0
1621,71.13270410537764,1.4323525101900074,48.427781048511854,33.816031470393476,0
1622,55.61722021682633,5.288977298972037,56.62750109860628,42.068825297567905,0
1623,79.19228934575203,5.548091362887711,49.16757207859227,53.30803915639862,0
1624,63.31855914461006,4.941256826835861,45.14405065431004,36.606641555839396,1
1625,88.73297776217545,4.018199643502535,60.88660190521111,48.266517974324316,0
1626,80.80048065714648,1.9257282257175121,40.87511126519442,25.646311729531106,0
1627,65.52678104341248,5.560300525117653,46.306306373475365,25.562816304049456,1
1628,82.81016361735112,7.183151725872987,46.86486074084803,35.171993113150506,0
1629,70.67855510527403,4.113472316399852,62.541531365282815,54.38028721873262,1
1630,78.52773675122219,5.6600898935347175,59.03429442073256,40.68874639513769,0
1631,74.84732817294474,2.6477835298699244,57.46964071821099,42.898111955666195,0
1632,61.536433450091266,5.685819595538771,48.34670668811834,42.78079595573527,0
1633,63.56450167682538,4.4099265533830145,62.13089001920888,51.09207982586731,1
1634,80.29960817581161,3.8563730740956284,51.841760019204855,33.89779307462146,0
1635,66.65224667893459,3.8594545381758043,54.88631685151561,46.882851084882326,1
1636,65.96351536758003,4.409582626950485,50.898476905531034,31.691173361448698,0
1637,60.44877420650647,5.573649973538803,49.75266714338374,59.8327265592076,0
1638,74.23599065593461,3.0317551982067235,48.7411066303681,31.996088957033102,0
1639,90.62524919243145,4.404327002648221,48.95180003290419,31.17610696921379,0
1640,59.32467085745727,4.937792333001278,53.04245824339039,45.496698134880496,0
1641,70.24219456672758,3.351441163202211,51.83599899387694,40.79788431432324,1
1642,84.12220555415429,7.694997802512526,49.84264314898158,43.268524062609345,0
1643,69.20358608754285,3.7197567799079874,57.54761996349427,42.27313795492318,0
1644,74.52371796249734,3.9958446295497643,35.166234656296346,29.096078011925613,1
1645,59.376064718531204,3.5325380752662534,52.549436239605974,56.133589290794845,0
1646,74.28307097207649,7.697720130707176,53.588693533294894,48.93542205889109,1
1647,68.12855734995452,5.829357842899222,55.73481434127585,53.58949951267116,0
1648,79.85729995679863,3.595111990634537,49.67564279473319,34.71669110889576,0
1649,81.87386051564751,6.659347338289953,51.03960033691979,44.165235447151716,0
1650,95.89563642018614,5.301048041433317,54.929741916573604,41.97368462234691,0
1651,75.79633173213576,5.385880131667252,57.4558320214009,51.28002626201508,0
1652,73.25796316582166,4.483284186871321,48.497320074106156,51.602481318296185,1
1653,71.94384301577335,3.87587601956454,51.3348789156378,41.93050802958115,0
1654,66.46833707189312,5.506649148581902,58.39286982174379,24.820488681567483,0
1655,73.38483843461691,4.182369155006614,39.379864620605744,57.79661887087689,1
1656,67.0459858986097,7.7251334443626565,46.54993700092707,45.55987433690139,0
1657,71.68460976269614,3.0960633421353436,57.32917989301482,33.91562958608858,1
1658,83.17597535607959,7.304235159282418,55.462689168041514,44.06542138266695,0
1659,59.934574347203586,4.833021726803299,52.612226054633474,24.889064515474765,0
1660,81.39878561129045,5.4486286010316585,47.7570156344544,50.553530674710444,0
1661,83.17115067339866,6.249736649944152,45.590907505072906,25.28788255720847,0
1662,68.81931473008922,4.054626057493346,47.04392190378813,37.79165507962917,0
1663,48.78145100991405,6.296372577047955,57.740041104093464,42.4445444960555,0
1664,63.921780129055676,0.9386842169282339,46.85778655422327,50.38839711982094,0
1665,82.96994546561109,3.920015700167091,50.507114821198286,41.06544676434374,0
1666,69.77131937701118,3.6139057889884016,46.23146177569127,46.3496287361255,1
1667,60.00697767705089,3.119740981442358,54.21387015049513,39.718330915504474,0
1668,64.95225078771783,4.677567742881573,47.306368598267795,39.678140490557176,0
1669,78.40620026504553,5.578624952272542,49.51203054922793,40.85477250348298,0
1670,75.4673356820138,6.053989997748959,41.58308933478587,38.10942079147625,0
1671,67.61067900830305,5.361315135800611,41.9331588189753,23.134297569185645,0
1672,66.33175588185313,4.00145980265968,50.03836596660753,32.31676506303372,0
1673,66.08241850956178,5.553524656737751,43.37421422401119,42.44774841111698,0
1674,60.77589815501497,5.186428542276276,60.52543319667251,37.50878996511281,0
1675,86.15375689469442,6.404084251904024,39.692384439438754,38.441909178180936,0
1676,66.7767953078866,6.165405054397275,45.99912350667948,36.766463305612845,1
1677,82.17158520825497,5.045714620880943,50.083504336337754,31.36401607268182,0
1678,85.21316051922452,3.654120490758115,48.174335311021075,35.06900539023706,0
1679,79.9831089814796,4.020574766251879,44.479272716680406,36.931682556114055,0
1680,65.68379687281951,4.1753159605429495,45.21036080252366,40.05143140541849,0
1681,74.03730090336609,4.527100499125616,45.04672961250381,43.93378344469712,0
1682,69.75804393609084,5.40207564138463,48.56639152589968,38.19449709114261,0
1683,60.96298139269872,6.0727615851920875,59.75964544758712,29.703447443075806,0
1684,73.24359281721603,4.923321960476933,50.38968648279105,26.019179600812166,0
1685,58.20960208840198,5.024187181850708,55.91450244693762,65.97437207375225,0
1686,81.87679388461564,5.214959457500005,52.53488172914071,28.70184969735437,0
1687,65.35382702701607,4.2261420303014905,55.5693119899111,34.81374998735617,0
1688,72.0115965587284,3.611911613535566,36.00017848703207,45.17000302513935,0
1689,72.83287871546142,2.366843154033935,48.47770989425885,43.60860609565681,0
1690,67.41095026295923,3.957275962884691,56.53567711575357,45.20865692561573,0
1691,75.86693801475275,5.709718179901681,47.14132088625333,35.572829304678244,0
1692,65.25096343377476,3.9456328429406486,58.81236582434806,42.38558070639547,0
1693,78.71297297457244,4.64328944386109,57.41945076883881,40.61343664240864,0
1694,56.54020319753251,5.699646931118475,47.65434641936269,36.87868632458713,0
1695,71.26379579546412,5.781034244634003,47.48418240476822,42.4540974177134,0
1696,89.38928999058285,3.3807007217509417,44.93197078822766,50.55365546750707,0
1697,59.99668675394425,6.495589034680462,46.852028840681015,39.77799776564675,0
1698,63.222550294751485,6.691025134033228,43.83705467915542,39.84452846356425,0
1699,75.13907849658915,3.30522521417216,52.14405590216503,50.68161034875985,0
1700,71.79581781939598,3.764244695538269,42.719767533267834,49.613603598188135,0
1701,73.50630099273559,6.786636024719288,53.01866508095111,55.83936440963483,0
1702,74.89187130147664,4.7797197181170485,53.140393484501246,22.437697655204232,0
1703,76.3472146856177,1.6703330788222237,41.69397797408038,49.0511918316939,0
1704,81.09699841956223,2.9004777429009705,57.7490930316417,46.01580045402179,0
1705,74.09818656928513,4.625945562241278,52.56804647207611,31.143476022467347,0
1706,67.58742345381458,3.2554360245730973,53.74849010722434,42.515879179988445,0
1707,76.72573701202731,4.3798643440453375,46.20667399228614,50.51121747757998,1
1708,88.99881934895215,5.0485943205253685,53.11189559236559,31.708410775146,1
1709,68.67366253617426,7.193381906052093,55.63196724861033,44.42562429022807,0
1710,60.254706953293585,4.564319125658317,49.50695800497661,48.71353675731017,0
1711,81.07080669286972,6.608812699359138,60.009612296241805,29.28980437468512,0
1712,68.79618836046401,7.143140243055155,50.22032317456469,38.57714307554852,0
1713,48.27330453985964,7.151464504028114,55.70392900226237,43.00968376642411,0
1714,78.47421677150422,5.4271318900783525,51.46504403629328,32.03868494457045,0
1715,64.64671814046078,2.0550662782415388,52.92760766428434,31.20846800906454,0
1716,69.0946671769584,5.691237298105798,41.643338661826135,38.64955398137226,1
1717,73.31980330569014,6.572599831720312,51.855268691076816,48.01639716903692,0
1718,71.90499679779066,4.878399341846874,46.32512449371367,46.437340011921094,0
1719,77.09451817139039,7.616875805112873,45.768008471111564,31.385872708136578,1
1720,65.64513629430157,6.289750342201186,58.720515922329895,46.521678851156864,0
1721,75.13105798176083,5.852410065729177,48.931148759688256,31.640602238334914,0
1722,67.40453322416083,6.629571066808757,44.98349084512252,23.898302020065657,0
1723,77.38810480887503,5.500054776891317,48.204341859455624,36.328564289527684,0
1724,76.15367484013053,1.26078425090697,43.497748855390434,51.22969371585736,0
1725,60.645612979554045,4.251291572794452,57.16942234098135,46.55960552141374,0
1726,80.85982116175032,6.795752040871781,46.521596279167426,39.98428192626806,0
1727,64.64036554885952,3.788612989852556,52.646499669718345,35.83294516408942,0
1728,78.08057798281145,4.664791242144592,56.78053357105163,36.10237863883569,0
1729,73.6728731340134,3.432745529145393,47.499236593926355,41.087849058607965,0
1730,88.38183676795123,7.675883892802654,52.66011216136393,29.315625141541712,1
1731,67.76534017628148,7.522238686127023,44.84956972547785,36.51892654798703,0
1732,66.50683203881802,3.674196657288906,62.228847845568424,37.84430538640231,0
1733,69.80580394112268,5.220947000583626,54.68190067308311,26.489255415485026,0
1734,66.96820217165724,3.9792589283539286,49.03696780619597,31.61551749102425,0
1735,77.9994190194205,5.922416958547068,46.13583134555518,44.10506791486382,0
1736,53.83689391563412,5.764524615863493,49.43001723580187,40.09511839940994,0
1737,59.46317580853646,6.2175583574198985,48.300081388242404,36.91238208806617,1
1738,59.32197078420807,5.497877671561831,59.76472276999753,30.885725624620363,1
1739,79.50307591973575,9.403109309582703,43.87232638892549,55.76849825589217,1
1740,87.10613372581925,3.4581143524838915,50.674007116451016,31.620207853206814,0
1741,68.95550781462528,2.434094968345229,49.90830966683145,42.51592807261738,1
1742,68.31178276809989,4.410364698947808,49.412948498275654,35.121309119262044,0
1743,70.70052163113182,2.648017601659599,49.45691672530829,40.36279292638335,1
1744,81.6187830260819,2.7613065949910105,49.419645949397584,44.57609741940372,1
1745,60.72646865809426,3.4980280187030495,54.3653303316605,26.29743410792114,1
1746,72.38368982734785,3.616716641852559,53.04492223246218,39.93383755846512,0
1747,79.7519762978243,3.5680728470749097,52.09455805686393,51.90728648979845,0
1748,75.01094169939846,5.777328425668117,34.830053189273656,57.61501893492003,0
1749,71.89581616598744,4.240716408371996,51.498974370815816,38.69986026744869,0
1750,80.01046092567141,4.73072813769128,41.72180319914959,40.41681207216909,0
1751,42.967677070007625,6.341349161751403,53.23160081567913,62.11333028601533,0
1752,76.77875319530908,3.8505162128278605,57.37248683785258,51.349242815991985,0
1753,63.45924316872576,4.603181151942917,45.36880443705724,33.82715430744781,0
1754,51.69367103143543,5.548639979139374,48.69109638828647,33.81016549113877,0
1755,75.11202599524981,2.0876482990696683,47.003221474735014,49.56549461787269,1
1756,83.73658545162958,1.4226417365741266,56.177158878784006,29.889628699542694,0
1757,68.62551485372308,5.519175993196584,50.475139426360364,50.87726751338853,0
1758,79.52874547202939,5.738021420850348,58.64164690283167,43.34299963751008,0
1759,86.12278257988646,8.096330202278615,52.06877101473694,45.17720764027072,0
1760,83.14914453584048,5.237142313800215,51.2122509031791,37.432661965199465,0
1761,86.39964529371393,6.229609575887142,50.34103391301418,33.701751957535905,0
1762,77.42127491071892,4.706791034621039,54.089960496286686,54.6199283086832,1
1763,70.75433638901593,5.4458408323776295,41.31156900877328,37.53262719446525,0
1764,53.980341881028316,7.500885262624301,50.42671977760255,35.89064923426138,0
1765,67.53937511870052,1.8140107728115469,49.649767781360175,39.198629321201906,0
1766,61.567534046838084,5.620424386357521,53.62709413578883,41.93022132717943,0
1767,91.70942717497815,8.20338009511605,49.06149197062982,29.691748732805515,0
1768,68.24114187567663,5.423051328814013,44.80632782918665,34.35128505793088,0
1769,71.23204806784486,7.475859444849272,50.0367533745985,33.819679260939424,0
1770,75.51485376040468,4.056181775705836,44.585797355658286,48.45280304606848,0
1771,70.43602446372454,4.95192875875443,40.373688937062575,31.140374320001108,0
1772,86.95051040430752,5.050287053582881,53.635612407427466,22.44232142241946,0
1773,63.77350638265548,1.6736133809618439,52.895307863473356,20.329054370938458,1
1774,71.94607455237242,3.2477332582246996,52.33545471996787,25.296198653242826,0
1775,62.57529414301952,3.354687380924021,56.51464210972905,53.615382028481115,1
1776,56.79977488779294,6.233099117048791,46.674840548480375,40.16206599484052,0
1777,63.882309090947146,6.308229658526082,42.84442928614372,45.01249086807203,0
1778,69.62963202951588,5.4860546640598,49.64985111595978,45.36487727121329,0
1779,65.7069777548274,6.236154345283559,48.262498501470446,40.561839183923205,0
1780,63.07579020126144,4.753775880917339,45.788521416149656,39.25218703348692,0
1781,55.93682536328166,6.802897504309315,49.60075423256102,50.44526429818141,0
1782,69.16894427371305,5.013182663948108,46.94197426897708,41.4599591431264,0
1783,54.952796259689975,5.086796071140134,40.81997358321584,53.99097479263414,0
1784,77.60055963689602,4.601611050106383,47.7941165460312,46.208299452898665,1
1785,70.82439752934503,6.026675716454642,44.318124166480715,33.82203726518972,1
1786,55.4244850053507,4.36820177508063,51.15824035805461,35.02865976130064,0
1787,66.90790922950137,6.464647065797102,46.719826208796725,32.725351935457205,0
1788,62.478435944094166,3.30177628892599,55.55815737070526,52.17548021950716,0
1789,73.19174510419181,3.3516256179077093,58.01933033633933,35.949490470544475,0
1790,83.40450446023145,6.031140132689757,53.39690686505953,32.01527203200368,0
1791,51.248275303542556,4.867183678125481,42.2448690900834,43.1977804112682,0
1792,71.15026079147417,4.319162875770307,57.5259799943952,39.02832893627497,1
1793,68.3986720443336,6.33508659871319,57.87860225186883,42.94568512575164,0
1794,76.71340076450466,4.089107878870873,50.093952556539705,58.89813903893843,0
1795,72.1319662823769,4.6996981185494455,56.61463080167766,49.130708059288594,0
1796,62.48030668261181,7.098841925106739,47.24162430976661,40.27010554301906,0
1797,66.80946064333382,7.308713518715976,40.66877032575205,25.915766157939913,0
1798,62.03974143196511,7.358597315405491,46.19857780689203,35.00037502791364,0
1799,80.76007138598598,4.5768113345991335,58.646504330223785,47.110461025453034,0
1800,70.21311648671943,6.846054357476705,42.54460038194263,28.289589603381838,1
1801,89.01190685753008,3.576570758346983,49.99760640965747,61.40970296330354,0
1802,69.39339186185379,3.6396456879169086,50.17071946670106,40.14416562635549,0
1803,62.91593233089537,1.4743162210634582,47.43512878016094,40.48848393209485,1
1804,54.862856073871725,7.509302302847795,47.782392000814426,33.33354807042022,0
1805,51.96860323744055,3.704030226385883,50.36124567118102,44.96737756775718,0
1806,54.158640569945106,4.81020113037941,47.18918829032636,28.41998193477768,0
1807,72.67126651011483,3.634513487107574,42.88970751416034,61.64892589101457,1
1808,75.08725023229934,6.042747872495211,51.07515971471728,53.173513046520114,0
1809,54.188092979678665,4.4365495089239895,55.366832912224865,49.84296445197046,0
1810,78.95038314076115,3.042774664350576,54.34786259326711,26.095709942101905,0
1811,65.1693894831656,5.662493846279091,45.951322663050945,42.05413270457751,0
1812,71.4679301198555,2.849404962784657,43.74386042311162,52.09086398014004,0
1813,86.12220628255425,3.743891412026763,48.57906058922611,45.93105399357739,0
1814,78.96839315865532,1.8396663280608787,57.83895754897832,29.978908953662252,1
1815,67.31469352094167,2.8640628317035897,53.22799039479773,33.49906244691345,0
1816,61.08807774584713,5.267793754580717,53.519823383971165,35.480638619940095,1
1817,48.48184598670695,2.053195942845613,54.449284758927476,33.96562165511392,0
1818,62.8084668075758,2.7782814130674263,52.103832812592934,55.287788357103075,0
1819,67.88869761172306,4.996446625800788,50.60304273806789,20.78986861176744,1
1820,60.12820472848816,4.184589655860421,53.31153448323984,46.55919139658837,0
1821,68.68743032907695,7.988054953938963,47.2691694789099,27.076966250715486,0
1822,70.76851882958768,7.750844819036564,42.927684943168394,30.38748512548932,0
1823,67.75144018191921,3.6981163058732696,53.61498467312162,19.902666331312826,0
1824,63.4999741917654,5.835706427605222,56.18869052874612,34.50945568841134,0
1825,71.68654671966728,6.123923835319177,44.40884030321985,55.107316515392135,0
1826,74.41940649569409,4.103781712963395,54.1096074120795,42.648242424647776,0
1827,59.096009225571535,2.756687695252694,58.40382856694095,28.01638453000903,0
1828,84.10932379746271,4.981552326037914,49.98876899121439,50.17147674379312,0
1829,69.01411867715738,4.740731487778834,45.90998907629127,52.313042635686855,0
1830,70.18849622944848,4.346353254544071,50.615093367633776,41.04046481039086,0
1831,77.08214423256557,5.663475302246728,47.24733015899649,60.3474915815259,0
1832,72.33216131263502,3.873905589491602,46.91634945021799,48.21564124624614,0
1833,79.53136633913245,3.272003678631285,52.165920336357715,46.82652507292588,1
1834,72.87124165201824,5.163624455524748,41.98135262485052,31.9662129283371,0
1835,63.87562625359562,5.578955138853313,42.78035538753886,46.27398485621341,0
1836,73.61503525206102,3.2350325841499203,50.096454401869714,42.167912776044936,0
1837,58.56273792679338,6.392135916486621,49.888457305437846,45.19829002671027,0
1838,71.08559705776523,2.344278293335883,51.71777288519968,33.154143808586696,0
1839,69.6677000935554,4.132829811926535,59.376126942416946,41.28098884358987,0
1840,67.9188314272746,4.612987195703586,50.522570180379105,31.83138499785042,0
1841,68.71462488561069,4.0456644310221055,52.99086075167397,18.52867900033968,0
1842,51.18150954502361,4.152409289673211,45.12233532192684,49.983045685783836,0
1843,64.51275092259039,7.806611723462171,53.839688317582684,24.97611018310483,0
1844,70.92844901141115,3.723673866441652,47.36804567444661,41.071864647824164,0
1845,71.598563919974,8.66183258370787,50.357104162905465,43.3300212944904,0
1846,59.72324859074042,5.6556901695965776,49.45575687465419,43.26563015863055,1
1847,82.65707840864701,5.138082705967988,55.16487117457015,37.169209264017496,0
1848,61.33825151785499,5.714360530081499,43.450117228125,42.712114752799735,0
1849,79.69457200526736,8.794891623877929,38.5838068269248,44.70967069785162,0
1850,74.27194361871685,3.509610494102828,48.93283651456038,47.34964815751985,0
1851,63.53772690156197,3.319373121595416,52.34265628452562,57.33441339384263,0
1852,87.75310892609512,3.8677007051421186,50.7613468790375,42.341941514982054,0
1853,58.0636316824352,5.0482147204468415,56.16102118706956,40.64048845017702,0
1854,79.19154173610002,2.41134331278114,52.186863370898344,30.932710346499057,0
1855,80.00582318042979,5.033508858977912,47.1807583407007,44.35946323899337,0
1856,63.293797909233554,7.540320700120509,38.372899229301595,46.67383103140568,1
1857,83.92465300064329,5.227111085937167,48.81343882902391,38.07696815718373,0
1858,67.49953485401048,4.560971811537085,55.13979501128899,45.44612504184037,0
1859,72.88693629279857,4.072759326974559,48.03976108666443,37.07483806450658,0
1860,72.6032183877122,6.347767556827346,50.14160131838882,46.70992652088924,0
1861,68.65691258529452,3.7612508401429285,52.10680127153354,49.126023140297434,0
1862,78.10808273159782,7.7695938808988725,44.92353812875092,48.98627866730486,0
1863,77.93488720552213,7.900039621571535,53.11617948319409,41.17844326141301,1
1864,52.51468026761819,5.385126197992681,58.18560895000853,29.600318483829486,0
1865,83.04340242878152,4.982727367885032,49.13593324053297,33.8808694735818,0
1866,53.37508011964326,6.545989712362339,44.35467789083849,45.95157323884728,0
1867,80.32546204341658,6.642197753340987,49.66699486489013,64.48812305740228,0
1868,81.26705136827583,3.7910124034108765,38.87807945695566,36.592792284679184,1
1869,59.09033569784802,4.210167300294947,51.68451631988308,44.5583767838814,0
1870,65.89185712045415,3.0164788479750566,52.26137188824289,34.439474425205965,1
1871,58.94295331514064,5.613597407501086,58.37818146922781,30.260329557508992,0
1872,67.85078969711265,5.999941825185336,49.03002603716688,33.23684136422638,0
1873,66.91965715814258,2.9751115432080906,52.04242669073235,19.175280232973286,1
1874,77.7966053226934,4.317201642775761,45.69355948807049,53.53435062907751,0
1875,83.10308746119608,2.979119123627976,48.217864397374605,17.698697470853865,0
1876,83.95683810789956,3.651800284634244,42.37407281668901,37.361717695993676,0
1877,64.37831973421697,5.8265255903394495,49.02605189358382,28.218721046499454,0
1878,67.90778126255472,3.899776899982581,48.47345423240718,31.156197846377957,0
1879,53.1656180777905,4.548761065951552,51.49599883044448,53.76522659738668,0
1880,61.94129933503811,2.5590324080790268,46.88201559833681,42.01066990031392,0
1881,79.64851633097457,5.280485314586996,50.41672675487546,30.346038408182995,0
1882,86.15582823548232,4.9335900202330265,48.33309972196167,34.104828675034895,1
1883,57.65651128120078,3.9065611249502568,48.34250305850243,32.34518779557914,0
1884,64.07535740847106,4.716478553476289,50.40181162981515,39.56454327921119,0
1885,69.73594243041073,5.2704423207551665,50.20261471158505,41.728916847876924,0
1886,72.80161158819607,3.777697776635984,53.805870195258194,58.9557477322856,0
1887,61.90396480078354,2.7856061839973307,49.39678482935083,20.83699234002293,0
1888,74.2406104446409,7.708361649030223,48.25057325438498,39.65187685242048,0
1889,65.26160652929084,4.050090942934591,49.09596277456387,36.84432307465478,0
1890,69.85547729121721,4.854859845219666,46.426679415795036,49.46548527716782,0
1891,75.462842480037,6.51625960253047,48.20044453216664,43.54818118178393,0
1892,70.06422269810938,10.293582781355726,60.15579356536615,45.90362208114946,0
1893,65.63614109473431,3.1332703251667016,45.436606196520664,43.45086186015082,0
1894,68.90390196074169,5.674740820589765,48.60671833060346,30.680088747164604,0
1895,69.11637040794665,3.9386715720588406,48.06255668365155,52.11265496493013,0
1896,66.29988970117873,4.191814543134933,48.764141938778,47.98504904615669,0
1897,67.41203937332898,3.919681968489815,48.343803455608025,49.15529791724743,0
1898,85.98647170504717,3.311517548299123,51.396200506105,52.64050170507165,0
1899,75.6091944794124,4.938062957323008,41.449124493041026,44.176751006519595,1
1900,67.0451968197084,2.7882459694276465,55.18585736266002,54.80992404117493,0
1901,76.96954404510736,6.420211349767806,53.16291399821099,43.77639571786641,0
1902,66.6618051024399,5.082504404050062,43.78564206968433,37.80941411975391,0
1903,81.73124637586642,5.6336524593521595,38.65461363523799,39.93396089516635,0
1904,73.69642192198094,4.3007170820806655,45.114639269292994,39.76156231863884,0
1905,68.92697855995772,4.449194098682377,48.786667692864384,34.80608677909457,1
1906,74.47716925810278,5.431345857750992,62.90145949345387,56.31888848370221,0
1907,54.291238479315005,3.2539240513912615,52.716284824871366,42.96295365503668,0
1908,58.73232531090195,4.463014348379996,40.96205175409271,40.947384758329065,0
1909,58.060749936009444,3.710579729182319,46.55172247549528,43.882742549264336,0
1910,71.42943094763707,3.6641467841134787,49.733937818635084,69.79854516737147,0
1911,87.32514999485092,1.835242639061538,51.26841777149048,28.682758114003406,0
1912,92.31300146192632,7.00898988422,43.42625569844789,31.549614882837243,1
1913,76.38051101440757,3.9701918702693466,49.32504886011469,26.194289825530035,0
1914,75.00844474944456,6.745064082745325,46.41180431194729,37.67400761564514,0
1915,51.989422658472606,6.603188482091438,44.481207186988414,42.4551844332736,1
1916,64.57326200265979,3.0710004402252595,51.29797823349477,35.346774816589225,0
1917,62.12216248091761,3.3673831464907313,53.86938586721411,34.6027320184823,0
1918,63.79152401748884,8.840754439033525,54.20520638480809,41.42404866628132,0
1919,68.3185618141521,7.626388912890715,52.87193175566938,34.97892175170303,1
1920,65.27909422302872,4.9527222300078435,47.51315233429869,43.10175827182838,0
1921,50.20700189624212,5.386059659626024,53.57274880731753,51.142343467426045,0
1922,77.47910256117534,4.053730395579217,51.54527219052144,46.77030469800806,0
1923,59.27256974260193,5.64852907130051,50.669709414760064,48.81013347165202,0
1924,72.39246864111149,3.9242271489162928,46.94153439149101,50.859184115067194,0
1925,90.74082669749973,1.9514693535524232,47.51561936329236,42.82828160118703,1
1926,60.80615408413577,3.0176663202334235,50.36943468062277,38.41358973956899,0
1927,44.697124772536704,5.031639121775881,62.1993723349275,32.277469291168046,0
1928,67.13995778119889,3.3033991467461186,51.50621240045695,36.08821836364279,0
1929,81.00959634998571,4.899083802629698,46.94405748874857,34.763144673231054,1
1930,89.58347454220593,3.3880084408507054,45.83805277515279,47.31672326620912,0
1931,57.70450405547583,3.8264691162470097,47.54116693671899,43.46782554594196,1
1932,74.96699223236521,6.279747959619788,60.88646723774533,46.96757862714301,1
1933,65.34689543219946,5.371220821460157,48.00371677027019,28.396631438998483,1
1934,68.94051645695865,4.985503368029979,54.53435267305142,54.31749484241079,1
1935,96.44343347017035,6.3184459596059765,48.120358772643215,35.730196284932376,1
1936,54.970296716048466,5.720912890021021,51.30592270639814,28.999833579253373,0
1937,72.53739661494573,7.169844936877052,53.958726370043614,35.60782235178187,0
1938,74.67693171765433,4.31021110652729,47.14048575095038,64.83765992587507,0
1939,80.85786324939347,4.355547532208737,46.794441729236155,36.12283133508433,0
1940,70.97983153470895,3.048336100412982,58.29434847227665,36.749035285290745,0
1941,73.08050539504103,4.3565289239413705,54.92296447447899,38.07895319370324,0
1942,66.08351432578209,6.447154841453669,53.95336159345364,38.51379616568545,0
1943,72.69126941245108,6.949981058393201,53.93638146561457,32.185239341987455,1
1944,66.56807724502589,6.440457752130002,52.29787744155533,41.432130832061304,0
1945,76.21571889856051,2.3087122001758456,60.088879065875325,50.7559490819833,0
1946,66.30389663956366,6.624717818991101,50.219541509385785,43.142893154787075,0
1947,73.77100393902187,2.242222065091894,52.886311836004595,28.888347011000143,0
1948,69.70737186315021,6.347175986183521,42.74543535702993,36.556540950662914,0
1949,81.26050250772168,4.448323210143418,45.875196567043794,34.484725998983706,1
1950,69.48606276411513,6.0537999709007835,43.9959050008248,40.52939468234801,0
1951,52.26967531793119,3.001327478158151,56.37031791758075,53.304516715623166,0
1952,82.61921500713991,6.7567514490592195,37.23729923989625,38.51117203979117,0
1953,60.94267699137381,2.8025378808426664,47.98844988623639,39.11845131129609,0
1954,63.4623366135118,3.9973176337202334,35.031466986696884,57.776448188194294,0
1955,64.04338705956508,3.502858058346447,45.84356052259055,48.7620599167166,0
1956,83.74438093170818,2.3685727207662515,47.54525525134067,45.74081282106535,1
1957,48.64325786021304,5.141791351382703,56.92435546897022,59.58131615301775,0
1958,101.37748533659993,7.709133676755442,51.98313969610729,44.89811254794013,0
1959,80.56056809066052,9.000357833480013,45.83429238335517,20.134728580224778,1
1960,72.23238914129159,5.145733680629371,55.32981859865913,48.326657578803605,1
1961,69.45105999383713,6.6750219126012835,50.08916127264879,24.0799154288135,0
1962,72.85554074857657,5.348141956892806,50.18783429353626,44.52005368582448,0
1963,75.21122428379338,5.748324792152319,43.986642461140036,22.8625642587076,0
1964,76.45215585950056,4.486777023309141,45.04993143048431,35.33144589600081,0
1965,75.55604466003449,5.292615388133903,45.87451350027238,36.36215470390129,0
1966,70.8958068125525,5.806218056909643,50.232306365770945,32.298808927682465,0
1967,68.02661579692673,4.132310406685503,50.389428634903375,36.511480028088,0
1968,68.48726716346488,4.883758550160518,57.72046331762023,50.325617203605525,0
1969,68.0509171964732,4.912354821503768,51.92527583968917,32.86047087840447,0
1970,81.33770096867065,6.239604975995787,36.462171531639456,45.45140879510541,1
1971,75.93556722280861,3.400951742558479,51.31320993935845,30.343503603926997,0
1972,40.59611365335719,4.922686687088523,42.74991821916234,38.105004236078706,0
1973,76.55900776529761,7.868008203579047,45.170145376942315,43.2383926632745,0
1974,71.94736194718774,6.746090228878906,45.93915264136835,30.034715833814403,0
1975,69.81291243554102,7.023768573333058,46.68330838243849,26.882795670893103,0
1976,66.11481546911114,5.036647760267051,43.12425303979848,44.918781505788886,0
1977,81.24112719986013,5.481496345529035,51.01741001726144,51.23080399340639,0
1978,79.47526462122858,6.503354250054388,42.945988574545204,39.20934980512628,0
1979,62.27122332176391,7.340383294296396,51.78333803624923,35.426870934432955,0
1980,74.07052287124534,2.07259563067567,61.18485538530815,41.55675387688387,0
1981,60.28343265458714,3.0268380394252317,43.35320470532968,40.554799187653806,0
1982,56.203818352110694,6.964166152103972,48.57744847830389,42.42902540711251,0
1983,63.73282775410035,4.584665966346795,37.38271318743765,14.717548996862856,0
1984,78.62393472382759,3.9924188161128837,48.49532353514933,29.308957088340367,0
1985,79.53125045376086,3.1187585195065943,53.21358576315742,31.54769894563146,0
1986,75.13085420097293,4.167474947683836,53.60319615678633,41.50867628511563,0
1987,77.25095786847997,2.896446074864263,50.386818651420484,41.85877883622266,0
1988,75.16178287114958,8.136641409098715,54.44631712379488,46.36180488684036,0
1989,63.585184047770476,4.96634592202914,62.73027267971396,42.57581749210437,0
1990,74.31922544673941,4.913074187355924,58.561523437188,26.992649296126643,0
1991,78.00409525227683,5.882115012751748,47.38739535295181,54.4700461758506,1
1992,77.54291329813574,6.4435177538998545,42.74448006766631,52.71918303422366,0
1993,81.88913371474644,6.418832234831958,47.969242917130984,27.418027099730743,0
1994,77.08303847201064,6.610432915861358,45.26508617191326,43.327052943741826,1
1995,73.51448207541583,4.053731673813715,52.256737739323164,34.04575614756984,0
1996,80.70150238316427,4.553199792564708,44.09403230285251,41.388639892005486,0
1997,69.7347874075094,6.153547483163413,49.63588783704829,50.5331027964187,0
1998,61.18125348772282,4.2089164075405705,54.19007027268155,61.301042663209586,0
1999,68.36933036056236,4.992340051959163,49.496520635914116,47.5127770514261,0
2000,62.55097355193551,5.598145646637222,45.268430886261015,42.94934735110136,0
2001,63.24821725025618,6.177777623465564,55.87407028792846,36.60178831691703,0
2002,68.55481329284483,2.3334785564446983,40.60509527623086,41.821348710111764,0
2003,62.075800790000386,6.072118474833418,48.36102472061268,53.59771893328313,0
2004,66.9203847036096,4.6494139132224115,49.79169988309333,39.55291243240415,0
2005,51.063853330462145,6.061186566296572,50.07954329199816,31.138873486523497,0
2006,72.13293707372938,6.165397538532243,50.90248028039041,23.803101344833735,0
2007,70.01205475362224,7.411872591678736,53.05219909904746,45.130478674102505,0
2008,61.82911368931809,7.030180471431805,49.82296280477325,42.47288125627739,0
2009,76.59245668432405,7.019857493915444,48.1597085892816,33.54091826737704,0
2010,79.37570137626558,7.165505478749358,47.962053276701525,50.26014125707297,0
2011,53.924401356310256,5.437068477223919,46.94242098980823,35.782231356123695,1
2012,62.37275221433786,5.048277630555259,53.93771662163432,38.65355908175205,0
2013,62.30857650212702,6.309225624767501,46.76735760261743,39.83335866702056,0
2014,60.600968988911355,6.098121427149533,54.23385554504122,36.49047257861912,0
2015,78.29474841931749,4.53640064489261,50.09499541129936,42.35865065749571,0
2016,68.06173861227197,5.607235113212402,47.393725965719355,51.51515145933001,0
2017,67.35485158689389,4.9473552998231085,53.092036078720675,28.575181018815773,0
2018,49.961376355932465,3.719100637309916,46.362730376384405,44.885201384740085,1
2019,76.35418030209226,6.935691112064525,53.19092020364106,41.72158669606441,0
2020,57.60741605146528,5.082798863795134,51.06363060595893,41.53763829544706,1
2021,70.59932630266329,8.073062386548276,47.018376554540396,48.71844569874091,0
2022,72.77376937958192,2.561761594700251,52.64317407667279,40.492974252171585,0
2023,83.60658595838652,4.1648318407349505,52.7329486284432,44.80229261905703,0
2024,56.91179600880888,5.0489582550363075,55.78759802904979,47.15864629571147,1
2025,39.80487844179174,6.706071646443371,54.83073506204648,34.956347996193934,0
2026,71.83849544753694,5.599204058903277,52.456370103631414,42.991834608137985,0
2027,88.00511181510853,5.465709131271127,44.36204524395618,37.49212392789368,1
2028,82.38946352939438,3.3091043111687792,62.242934940870285,38.673182202801044,0
2029,72.09659415274626,3.264587904155793,42.98191894464095,36.77938603521668,0
2030,65.08363814367952,5.483756990434857,54.74631587141155,44.71080404096887,0
2031,78.0712259663731,2.9538410092724625,52.15641908443149,40.816447090182535,0
2032,60.26453800295531,4.202183374566007,44.12928813759443,43.945440343166744,1
2033,74.7635776935622,5.751375993628786,49.3784953056075,39.82482637104251,0
2034,75.05470159166627,3.5265135915848362,49.606235568776796,23.958789875296752,0
2035,80.6020990749888,7.40803394354271,56.527913579052615,40.313684160997084,0
2036,97.59660038911078,6.835904516356836,46.43344549859894,40.63537955156817,0
2037,73.92415967178766,2.6428700024925496,48.69027496787823,42.4259593715346,0
2038,64.91036374292501,3.6014431352270195,38.31965197489369,34.06270806314258,0
2039,69.74425687808005,1.571334133257575,58.67381396561788,28.04530283334488,0
2040,52.30924095110882,3.8261129561778002,44.64765878489965,46.24606644894278,0
2041,63.05286868910942,6.1495827148585995,51.63455432119587,37.26393443465831,0
2042,65.90717561886896,4.379157586587715,49.49296085139068,41.712440476849956,0
2043,64.75911602065408,5.691195865423952,49.5099951660833,37.18539920111704,0
2044,71.52354872033722,2.7164985225773837,54.049309924354375,39.939381742264054,0
2045,61.775800676177994,6.196962881872858,58.35631230151817,35.50714652064192,0
2046,81.21030667324472,4.167336158107475,51.25746834970996,30.31916410846172,1
2047,70.00207064918197,5.018254523424358,53.275390088152626,44.73731660768657,0
2048,69.90699678861385,4.860688247910421,51.6444576836352,33.9687991177388,0
2049,66.72105283487082,3.0926772186615743,55.08765711965313,41.63951480894811,0
2050,71.55190683858979,3.2703735023903264,47.68541810256836,44.10460221902078,0
2051,78.25098264667635,6.451691703505139,55.37695277208207,34.131872843969184,0
2052,61.328697842890996,5.598488236252543,55.55249932823692,27.961143656270153,0
2053,63.41883510924743,6.5750735623301395,55.41268504341455,64.26085613853053,0
2054,66.96273971223336,5.486987353253777,46.69926066331762,34.72228124054574,0
2055,56.54129076526785,5.214485952213825,49.15831182881404,46.234171586011584,0
2056,61.807421402785025,2.41098407199985,51.19733494390218,59.39463549570124,0
2057,65.23779126455341,4.594449954858245,43.14578977585497,47.899077468538934,0
2058,78.74389180712727,4.958923519394384,57.97460104043007,36.99557191172448,0
2059,72.62561329001925,7.929660797408861,49.93861733248912,39.32883612464889,0
2060,71.93589911367545,6.030434948148016,51.41963943802361,31.673927802611516,0
2061,78.50897962167971,7.304091772564293,47.114977801363985,48.816964269577426,0
2062,68.62628211600604,5.896306558842093,43.365612203164886,45.662707080586884,0
2063,73.9046484992889,3.933045159575781,46.97985057262615,34.855741817382565,0
2064,68.96778247067503,5.175686324224777,51.09602093816794,29.578251929015558,0
2065,72.65362349399628,5.354335469396349,53.367144063768464,26.787662623363083,0
2066,64.17241342388418,3.5912666453439774,50.808957703013604,49.86514003804201,1
2067,45.611828417235714,4.423418935110618,51.73362008120975,41.203731289555606,0
2068,68.65720837813696,4.691349509484242,48.31486812659312,42.149845363327515,0
2069,84.2274813609994,7.408429748847677,52.48124283122714,31.770513741376426,1
2070,79.26215402241593,1.8788892119135325,57.414164331929534,25.36496896695594,0
2071,79.6539748459117,6.808727631074065,53.52394721219493,49.62613574711632,0
2072,82.36130721806218,3.5948071475609256,54.0477094412647,40.42039036997231,0
2073,70.88657590961438,2.941881219095579,51.47008199653315,49.0723466005762,1
2074,71.97315707405596,6.769913195057696,42.48422465200199,36.14066873484436,0
2075,63.8234810456565,6.097847103851572,44.77666734684378,37.63182156963141,0
2076,66.8392714397295,6.881778053571785,52.27437900331922,47.13298176620632,0
2077,76.15771149771142,6.201052921318365,49.94530474019957,47.323480796505244,0
2078,82.03884437168816,8.089767502606103,52.19921443236414,47.97565622685954,0
2079,68.60553724319,5.838085755416728,58.382117089220365,37.04798746897304,0
2080,65.49810735148588,4.765283935815262,53.630179996146666,46.14547237650868,0
2081,70.00527958856597,5.514389565982014,56.29443102871411,51.09099465476719,0
2082,76.01206748929116,6.8652036925189455,50.47340694735365,38.95227988318466,0
2083,55.56145183866458,3.8309370121098247,45.9639216125778,34.865116362259464,0
2084,47.03819046862762,4.022167126202929,49.7106692039283,53.42747603316766,0
2085,64.49463150508416,4.5365599781031385,45.97624093140431,33.45554266448693,0
2086,57.79287574085841,1.8431258018520014,57.79147478386224,46.29476497114477,1
2087,64.9185980235269,5.207117612626321,53.95195538267735,39.41577689480139,0
2088,68.52219681182528,2.170806944073461,52.6025624831414,21.584343835154396,0
2089,65.46751590976987,5.0795889693989285,56.17971601114051,51.285940674785806,0
2090,84.52467534470745,6.297934634202875,39.899717927383875,12.421463704526321,0
2091,73.2674476460232,4.284685309034247,52.9406897567133,20.15871933242391,0
2092,73.00474359610828,7.515673805280306,43.446771078478136,45.273300794806715,0
2093,76.22207144043402,2.8092486508722683,49.96372150767169,45.27071198678115,0
2094,58.61166882219231,6.786891022447749,48.441462037663925,33.62420142122464,0
2095,80.39111787420269,6.012705584610381,53.30868306048474,41.47822090303245,0
2096,69.2423571346454,2.4259501275339663,51.14093644480478,14.68569954221995,0
2097,76.70480617241212,9.066191448560799,56.72558586805894,47.069754644705995,0
2098,59.28142766959844,4.904382071744051,46.990514195336935,42.49725487053597,1
2099,54.46241233983936,3.6837739667665526,53.54557194816642,39.543571466662044,0
2100,78.17889658025028,2.8893692078239748,50.81111608449416,40.20841482137772,0
2101,73.76409526097517,4.669972958510489,41.823548649642234,44.93254176193032,0
2102,60.9794844564249,4.80888969141506,45.406917707384835,39.710984765021394,0
2103,61.303369187253054,5.1539682928094965,49.25060983238916,21.2594449726878,0
2104,81.2543478441477,4.55330576566406,55.561462249458636,61.96332234522522,0
2105,58.10588107132672,5.94983796517264,52.318615287785576,52.008008194284514,0
2106,86.42672953255963,4.418555251005131,44.16249588059643,27.15055338045172,0
2107,60.99379265352131,2.0975538241392933,49.298418859764205,36.548627695234096,0
2108,76.38391925608383,4.775957756525538,60.08903224396515,37.63965809843959,0
2109,66.71381524251015,1.4487835199400827,50.55611667420429,50.788495665089634,0
2110,76.03187431082343,5.530655946337085,48.36337212463802,18.407310646802323,0
2111,64.55885997885807,3.531049654576047,52.458698203781104,35.00991735570211,0
2112,68.37207093927705,5.245040532373701,53.81696539790985,22.393635566624962,0
2113,70.40919175395722,6.971112472286906,47.719158262599706,37.149044841716616,0
2114,59.978125442185274,3.576876957098,52.51287387185719,35.27499106915096,0
2115,77.40824345420125,6.591884387768177,48.35555251664596,40.79694067382712,0
2116,64.86786433528415,4.34991564997077,53.59663800914719,33.951256009908164,0
2117,67.71400084659982,7.629792203098378,50.84846578985642,32.48976608609476,0
2118,60.056506253914876,4.45227108020268,52.40983913526446,46.19656691763148,1
2119,44.376663412046895,3.739260521739963,46.20408226916248,44.546727409425806,0
2120,68.08972237399831,6.030857675592933,45.893568079635706,45.51398342778242,0
2121,94.12615421612915,4.346315405564546,54.727486523296974,38.230999095091576,0
2122,77.84604287898024,3.737825728806487,49.60301809307253,34.28261417774811,0
2123,69.80739620265605,4.283240223944313,51.42517371049681,38.81147517979229,0
2124,67.37109170791733,4.933090201725498,48.4680228645674,45.011620700684524,0
2125,70.22465892812046,7.013270196867281,54.49363387006822,18.232202990281515,1
2126,75.4711911517521,2.098868381810634,46.960950099851715,43.94111930370858,1
2127,58.19187184691155,5.034620988425631,49.321993800495584,43.09138187334798,1
2128,81.14321694668872,5.937355391981065,53.929964063515655,40.62150906085727,0
2129,77.15381315441245,5.290172862487694,55.86483849582133,38.506865781283246,1
2130,77.18185725707934,6.964797754150301,47.38120354486658,14.338806140675864,0
2131,74.38475738809727,4.888482005362214,59.79841990977941,35.60146736899594,0
2132,70.1961665769399,4.723172836721083,51.56620846846808,57.894387110773735,0
2133,76.7286123596682,5.888494320520015,44.785358690956315,40.12901295568306,0
2134,75.91814133741379,5.148970722427024,51.84526024294984,36.927101613252816,0
2135,66.45959289058976,4.4143868925792935,48.08500392758271,40.16906195590113,0
2136,64.26398227103098,5.77421605937957,52.170342435915884,43.54772868628009,0
2137,71.01856295261987,4.021207560175032,49.78571876169831,46.58820244689464,0
2138,85.49020151495188,4.083234271971009,50.371368450950726,37.71119836842058,0
2139,57.60892924346099,4.20800896735158,45.44203311706927,44.24919602393684,0
2140,55.324747342475604,7.029603740249611,54.9503061535818,56.7665080276136,1
2141,71.64760841236517,0.16847546602143026,44.21936316424484,50.06250799432715,0
2142,70.50887701856018,5.593398252144413,44.45617552297502,63.40300215856979,0
2143,71.73341664370409,5.051407721300333,51.83680174573743,33.432296416482835,0
2144,72.439531979085,2.4786943111428195,58.01422123588985,56.76189507502015,1
2145,67.76797745365195,5.464590168704003,48.237034514677966,32.09326360077405,0
2146,84.89863438602082,5.713627987747298,53.50486161351983,43.53566146740464,0
2147,53.99096021523484,5.8844588470361,55.36670088431772,47.324765292380995,0
2148,61.71502975219754,1.0222579054325767,54.073422186470346,34.89222808095528,1
2149,68.96745239850952,7.049584117781658,48.44395855413159,40.879642774742756,0
2150,53.568111888458326,3.893394942972739,44.544766414029624,49.10461102451841,0
2151,68.24145595567929,6.029851620129764,38.962262171643225,32.89729101688092,0
2152,86.61470165728018,6.1116106710234295,48.68579750268803,56.693834595476474,1
2153,70.20886488295962,3.6849543715710604,55.89043684281087,26.154033752726512,0
2154,72.30700905718683,5.990689928527326,44.37917007619033,59.396914427283846,0
2155,57.3983523482742,4.421760138631463,53.501049237593826,50.01326134799592,0
2156,63.83638591960523,1.892934230992764,45.24923734974064,39.102744236722216,0
2157,66.24803619676064,6.751612888291668,50.53036288193419,35.97331788763269,0
2158,66.82284903243766,3.8374325554756403,53.53895807077509,34.92971737208976,0
2159,82.81643795003768,3.7182598058929184,46.70252281580786,38.642043597429854,1
2160,75.57691060725125,4.395401197944917,50.85242340348457,39.51504138451174,0
2161,58.88542043062968,5.408355087991082,47.92454331637336,52.552262466345816,1
2162,72.46504778432005,4.914094383766846,53.52574329469088,59.68654100384584,0
2163,74.98221748496785,5.822100387060756,51.17658584242319,41.993799206540075,1
2164,81.40149038521267,2.9907659502070114,50.282538372146334,31.543715120105958,0
2165,85.80540686568374,3.886420444353898,57.79174980070989,34.54273959363806,0
2166,59.84905808172131,4.826004391517699,53.31153071184151,38.169092153887156,0
2167,61.89142488789662,7.846830938988059,46.54824066936855,29.698778947032245,0
2168,57.42422141085384,4.829281192379363,49.57068049601119,28.21058597892621,0
2169,67.65980140893019,6.6278333954924475,49.6205060746017,60.97127212373027,0
2170,74.66358374446335,5.057832753176476,50.40159786312606,43.02613525946254,0
2171,79.87334516589102,4.2745120438436475,62.622546383037474,31.668668663196534,0
2172,69.24048976357477,4.629913363828339,51.85425946355498,48.16603570357712,0
2173,66.80152476745155,4.7473704319566785,39.82048714947612,28.216538751931544,0
2174,71.5175799224874,5.905468608441108,47.286005141415174,29.039879521289464,0
2175,61.64857098369977,7.061916901364832,40.33813956252096,31.96957598935755,0
2176,90.89538721694774,5.539521271529481,48.3510087147708,56.54513280865034,0
2177,53.923389728819416,6.780616518112633,40.06344885136786,37.47119934221626,0
2178,71.84740578895725,3.5528153935554716,45.64204764465786,15.582930130975132,0
2179,90.2360621922964,4.378054236778954,42.3963923518294,52.100659331755935,0
2180,70.06799844559998,3.9135461986884996,51.92080088983739,36.936186358376425,0
2181,68.09960964998506,5.471666886312279,50.0026968131444,21.505919941215943,0
2182,66.42554577189573,4.461562422230879,51.51481153749366,36.833165120365905,0
2183,68.19608318237592,6.094659405551293,49.47724305715737,45.210038966049034,0
2184,83.7284847467653,3.603497432551338,43.028511248977914,44.0404916653297,0
2185,47.88138088670493,5.064546459981922,52.56760684627368,57.98414979164819,0
2186,85.33433701296326,6.030286866518384,59.611122801347264,31.472321374300694,0
2187,55.76042847549855,1.9020458374390845,52.04606289303273,40.467201202649726,0
2188,67.33347670765585,8.182446960995305,47.87037700341217,33.00430721421578,0
2189,65.70755579701338,4.575272172680187,42.859664119472775,24.57807105812777,0
2190,75.88553269770719,1.9624401294857403,45.45966514620017,48.85527372305955,0
2191,54.01875648116253,5.237140847865179,52.2651982828603,44.6326956914752,0
2192,74.62172666081943,5.050165201959726,55.365590133996875,42.83678449698853,0
2193,90.24309623286852,4.87715843064126,51.30433087360988,44.26790193258645,0
2194,56.368259954071895,6.48678666939,53.99943644852992,33.1452714731158,0
2195,71.89706167610396,6.121167457140584,53.53839122013621,29.943049126818067,0
2196,63.38017822203391,5.446814286535767,52.53267195692959,40.3764737216936,1
2197,74.25887206193036,5.675233450919971,46.70763202369372,51.61211402411614,0
2198,70.19147777415752,4.843462325842871,50.86961755987576,56.08077135453547,0
2199,63.5851309095569,7.663236273860072,45.75811098058931,47.95432706807433,0
2200,74.87872284871074,2.78120597246335,50.08714476479051,40.29174426768096,0
2201,88.04348109786743,5.209477511323845,51.65431765533456,42.69783929399936,0
2202,68.09096208272702,5.09753694678317,58.39391903693428,40.115938593253716,0
2203,77.19757942148182,6.2199206090968895,43.45134012816184,29.740566603005718,1
2204,57.06727042128836,3.734219183862651,52.40753815495653,40.24647378210543,0
2205,60.43563623181991,2.384491096405196,57.406182958117974,26.651731824115068,0
2206,74.72406277880377,5.23523452414729,53.79423882919398,38.75922773896961,0
2207,84.84116028535965,5.421845738327907,54.16472721412521,56.36105110596319,1
2208,73.5561334878566,7.234399114171474,52.93847450933906,48.228592227833516,0
2209,66.86941969476845,3.094456930512371,56.49167244887708,30.7688081576347,0
2210,69.99291405423354,6.73204065007508,44.56260915943816,39.275709303577166,1
2211,57.495922660302824,8.551121546040683,43.070366670148765,31.65623688245262,0
2212,76.04515326355367,4.433352668716284,49.96832929767372,39.3748623182279,0
2213,78.82333062323409,3.0635866707601638,39.194189482141454,50.41107816524563,0
2214,65.4790966716692,4.389538450439943,56.15322902089006,46.530079383099036,0
2215,65.29957852240499,5.021007451057071,56.103575977477206,64.84144080745335,1
2216,72.65878229652049,5.845681812510372,47.83324722457737,51.92477402507571,1
2217,65.63280263959405,4.112907905242929,48.146147016697455,42.040003810776916,1
2218,69.33867385374178,7.332797801221012,49.63826262424664,46.77149974133293,0
2219,90.99721789166516,3.3282015274879075,50.2601032521981,37.975568258166646,0
2220,67.52974299254004,2.3911922717408,50.63586959597143,28.72495752913504,0
2221,66.41659847978778,6.660065636430976,52.791160534391516,53.05776578287521,0
2222,63.52458194364841,1.5880684531907008,49.13686823495761,50.08991476931648,0
2223,77.44191971499937,4.693805346690926,54.71596651738897,37.589457854060356,0
2224,68.18775826781896,9.67652169381207,52.22973888562652,42.73935736931338,0
2225,63.506269616785744,4.981934670560102,46.96518277063682,52.409391873848065,1
2226,83.21304032273012,3.3188485239556256,56.675563339020485,48.4635142620602,0
2227,84.19603004513637,4.913903804319809,43.208715069387566,25.368987487503013,0
2228,63.99576434261295,4.9237988170707,49.539170945892614,42.43620021489824,0
2229,51.33460048639384,5.240974910529674,54.83458700537734,38.32368474511636,0
2230,80.07513689836922,5.993394473239429,46.38463447543928,51.13000699138681,0
2231,63.15370174239996,3.4413332474483913,51.54777823383576,50.310427387826614,1
2232,77.90625599162769,7.531322082855191,52.71669798499524,53.18607828178045,0
2233,50.298961822881644,5.3676714265589265,45.697380660093806,28.821056612797925,0
2234,78.92597338299309,6.090191069602706,49.637611402029826,32.15888465943761,0
2235,57.88828070719219,4.057775900366536,49.21748084895395,51.14082436135439,0
2236,77.30764119066525,6.9295732054933,47.241310740838536,34.08354184657554,0
2237,70.14273067836434,4.614421386780403,61.50837426025387,24.785670190856926,0
2238,60.460605806033556,5.416328770240297,46.18446823277262,45.32596487614065,0
2239,65.9296368707322,3.600340884219336,55.024651470339414,34.52781559734027,0
2240,76.86318456956701,3.5046025603968096,48.03599491559429,57.897907703084,0
2241,71.05894453115235,6.032307959679324,44.56681905557359,42.961845539884635,0
2242,75.84412980472484,4.334589754688921,50.514071215775346,41.60259286641666,0
2243,89.76440584515485,3.7192653687434345,53.245466921937506,36.30756108384243,0
2244,54.357583882889486,4.035224986959454,54.6025478753284,55.908353339269716,0
2245,86.17212574968624,6.048429607576132,57.811325553275346,43.58554459889821,0
2246,71.04355937523214,4.056443208194583,64.7262314496755,35.915004818437936,0
2247,61.01215951676872,4.823517602596754,51.252571018777985,32.05916293394553,0
2248,56.696863742610105,5.022541625430645,46.68453913087306,39.26526945435782,0
2249,68.10879609222967,2.1239766709845513,52.264371633974456,30.223531628451944,0
2250,79.2165011192446,2.793310391939723,48.66893524796754,50.28877441678944,0
2251,68.72450879622465,5.5044168338713435,54.62983064926115,21.91657945975766,0
2252,85.11154930247348,3.8944559582709544,43.51417851817139,38.60485971666929,0
2253,55.48824309948441,6.585087366920628,61.841672712002186,46.10133545087935,0
2254,69.87911052153946,6.450210656375816,54.28024047387756,43.42119420109657,0
2255,57.47606555586881,6.0787529995331555,41.57997991101918,32.82717026984331,0
2256,73.63631882624968,7.729657680968897,46.45485548842514,46.60258706706549,0
2257,78.868873900973,4.8753660083852255,54.080405220569695,31.139606116140925,0
2258,65.79238206318946,5.973322888855758,55.88172028085727,39.7761534350319,0
2259,43.95786143372866,4.123398535105953,43.63881186384018,46.518415719803556,1
2260,71.98948146796495,8.678554869303085,53.565129252164745,44.62912779493113,0
2261,74.3673855173351,7.975450478654029,40.26330063669038,33.24960988580532,0
2262,74.04294754961698,5.017820651776688,49.55332067264477,51.97494516564363,0
2263,82.35782191822155,5.579879344857789,55.56023421051603,40.86694571485534,0
2264,59.28946320350951,7.038946399047209,47.2424213494851,47.42995410939152,0
2265,76.8021610545045,4.77929074277884,42.465388504309935,55.291010066732476,0
2266,81.92507512477975,4.015063893800443,50.731073981887796,51.17520548774607,1
2267,52.21412415993483,6.310984626510324,46.97640566682261,51.20129406331044,0
2268,73.19651825918977,5.117658869125505,53.147791830329176,41.92679929849472,0
2269,64.95820168992329,5.274491674467891,45.5733678389097,47.9393512091051,0
2270,69.18477326898355,3.7485929853980515,46.1368155517345,42.13596574564316,0
2271,73.47676483538336,2.4234917774549056,39.89498839561878,27.906755322215865,0
2272,65.12771435886448,5.354213614818652,50.84972355525741,43.02743792505042,0
2273,63.24291920838388,6.3574430622413,49.195475308617006,42.563609837384654,0
2274,70.34152417488025,4.661289876385937,44.05807664629965,45.837293615218194,0
2275,59.12754061137197,7.1546442793383,50.96899356883546,38.72003024786605,0
2276,59.141748711148146,3.9441255118766834,55.1353515032207,32.385444432361496,0
2277,76.79373282956503,3.4179433175511202,48.92216028290525,46.56506083175227,0
2278,58.51205964841344,4.899154539205803,51.34083474910987,26.86727712747752,0
2279,76.66312500909211,4.876111136973064,51.36655624792582,54.58819135856469,0
2280,74.6259129285395,6.154953097002834,43.978350864105195,37.685819387950076,0
2281,52.741932712094034,3.8375557639040228,60.28292910353798,42.45528172056168,0
2282,63.22435347664345,7.052141355222347,47.64575084938858,45.58558153281572,0
2283,81.94109403047372,7.950375443762381,53.28058100930135,45.90688044844191,0
2284,60.18834468860318,4.941283959547487,53.84607638614525,25.910157000482652,0
2285,65.35595737690612,6.874565630276478,49.30202436442124,48.24086580544264,1
2286,74.62060893251896,3.41525439406211,53.03397512529817,43.031538283762735,0
2287,77.83390509282596,6.612832311772873,51.229096109081944,33.64738615441391,0
2288,67.48461113955504,6.570914612839194,42.91180121386297,32.50333049054086,0
2289,64.02489805308359,6.295155920284818,48.33863649374956,36.65946917943155,0
2290,84.22369861698508,4.976655366694559,46.93724548822969,27.01258313389508,0
2291,87.3889966379758,0.5686265881369534,47.691274793269365,57.22267390987025,0
2292,79.78858050781795,4.0374092845218055,43.47998411081681,54.86151325143344,0
2293,70.85318142565023,4.0611259734730965,55.63216858373015,44.517002009759395,0
2294,61.91734278359074,3.532617592909284,58.009963273067065,37.76601583657909,0
2295,61.695555934434346,5.183364506820599,54.890014879992044,38.02892012062605,0
2296,75.22514105265758,4.371554831718148,56.35264612073571,47.58065706173968,0
2297,74.18398220888683,3.763081985352467,48.27682581495922,57.578268995019506,0
2298,84.01598592946429,3.4117997776282705,46.818715825069816,34.29603260403257,0
2299,76.50450092536138,3.926730521772157,46.107064765941445,28.824139573766757,0
2300,54.96919698240182,6.682248817774893,53.220324614786115,55.47640773595271,0
2301,80.51947617722918,4.008462418058759,51.13531526572075,22.128614124155487,1
2302,60.01939372685587,4.2275919403500914,49.61389144200787,29.914691917473537,0
2303,66.16028728047648,4.314953577465131,56.47574272097671,37.53142107489147,0
2304,72.50200206251695,5.5084902707141294,52.024706769076715,24.39566532194969,0
2305,89.95667489783965,5.684374232792799,45.806711812397076,51.121490628065985,0
2306,101.09918556005361,0.4330151911352571,46.59545585432153,48.569052705051,0
2307,76.06723059136183,6.532452820741412,53.40996649627073,34.25206772784683,0
2308,68.16803381279612,7.154552051365631,55.208664263272986,52.79614119177748,0
2309,75.3450564848055,3.424720193957496,52.75840116127985,54.49292428403826,0
2310,78.87655425873837,3.541552632897748,59.48444373936041,38.86829351709937,1
2311,66.79332374442808,4.324619918332592,58.175035828657094,35.49331822431992,0
2312,87.95211355912322,3.8659939708150928,52.205179174253814,62.596020277424785,0
2313,72.30070759191402,5.335890310919909,45.80709670259249,47.21161822084155,0
2314,74.97743089091394,2.0802120704617035,43.45006244134116,42.563246529688534,0
2315,76.65924252054461,3.3231085879448905,48.06309127492643,53.63545946639613,0
2316,74.21586610614456,7.308795800262361,53.766067232080786,43.01930635003021,0
2317,78.38940500469613,3.6076700489779734,59.13323539655969,34.943794140808116,0
2318,63.82746813453077,6.865142417154387,52.087235172054,40.80159760487553,0
2319,64.4169824605397,5.5330072933852055,55.84361397115618,50.38654287319735,0
2320,58.99845767028305,2.286098428117613,48.77346256906099,20.078144336507865,0
2321,74.39501230620226,5.9529937928243095,53.11384562613775,37.11969260560779,0
2322,77.78936503512114,4.82349904671072,54.116784147385864,53.83057398581605,0
2323,74.57772866151886,4.31679941562539,40.10202862073736,34.881315989064824,1
2324,86.74492433347538,5.367435639758006,47.93280598811745,55.4610856043141,0
2325,69.94403981170953,5.711950228350188,54.74850192138935,54.14743819359813,0
2326,76.68741655592513,6.061387732961929,51.37234167818283,39.34470884511049,0
2327,59.08299123860686,6.767379271322003,44.01742475924534,34.314606951109994,0
2328,66.12900297525599,5.612203869167534,37.84938812136322,37.12641125850365,1
2329,76.95537757565778,2.9365488668204573,48.171096273489965,66.64614492001434,0
2330,78.49102110743144,4.289531813523213,49.642071535530604,58.74424446933244,0
2331,67.06033052335818,9.414572502902931,45.58038525085827,41.25390971806738,0
2332,69.28400748141934,6.086736590572592,50.71542468513997,33.91846448379591,0
2333,54.821262533191906,8.553930951217247,52.531933736164476,41.170410355812635,0
2334,66.42970799193391,7.093151123298778,53.35343585363116,42.438269266167644,0
2335,78.90383163519786,5.362703107333623,38.22040537533839,27.56641262390646,0
2336,75.75205016106567,5.4521106046716765,43.4285745109594,40.800412692152605,0
2337,75.00665721381209,4.9451299401847315,48.47688675822632,53.2240432481173,0
2338,70.49773687180961,2.393293076230251,52.86086565518732,22.006433187835267,0
2339,70.07063158628176,5.027070878702337,52.44617006775018,48.26583965137248,0
2340,63.39678860526553,6.816011828813296,52.359349739383376,53.747979700547795,0
2341,76.98828420202534,4.100540007768195,48.08291029015534,34.39442654905632,0
2342,74.20972944389389,5.617929498592714,48.3618328134502,56.941757581910565,0
2343,74.92018847992799,6.2773865688397965,46.3583536578913,33.09662937551654,1
2344,64.7396515733242,3.635479341031287,53.84097064052924,44.410826618604034,0
2345,48.46657080128756,4.323045703484503,45.39755606130211,36.932273153363695,0
2346,80.97152711753695,3.4731327642842613,54.25018197594785,36.93003642837397,0
2347,65.21162543991596,3.7667515899658897,51.03926619068823,33.82700930241955,0
2348,61.372242359568794,3.0685920745204083,49.77477760772423,46.9857548086202,0
2349,76.93478911913994,3.6493273079329596,46.71644800111767,48.48805457731449,0
2350,66.07987360080871,7.129183521196759,43.22229069417937,39.355778004228114,0
2351,80.59936384046622,3.626784456364561,46.761736218109775,26.40031786327726,0
2352,76.17005949576698,5.189688828591035,48.34996565687557,44.0317016663439,0
2353,76.83569323200477,4.245696869493566,38.15487844209375,44.220143594106936,0
2354,56.340442887994655,6.768298905555408,49.01322422332668,37.832849886135726,0
2355,82.11943985386401,6.966743444905425,54.62178684013003,58.67231287180809,0
2356,72.61250531233856,6.29610497320842,52.836089527169364,24.360707350993458,0
2357,66.30722860753797,5.459201829654133,47.51897062129246,17.82716289746432,0
2358,71.43388467342251,4.653410694738652,50.23468149207614,32.69165100302329,0
2359,52.2376476710168,3.212187943713125,47.219177152890005,47.104245340914495,0
2360,74.08652811480671,7.915293321683295,50.74380366667848,29.44155362566159,0
2361,59.706284918179286,3.8604904733711702,57.70053911872016,30.190290814739246,0
2362,56.47329714156466,5.995469520549262,54.84249401312438,49.510213361781545,0
2363,54.77640813782109,6.589348358935096,52.60397152846377,44.62547922797749,0
2364,81.12688374989925,4.167079254642006,47.53557543808141,43.770609096284,0
2365,63.707366063072115,6.5570187909739435,53.74969196472419,47.81428919465528,0
2366,85.337277099165,6.146319805008283,41.56561524313474,35.748070467271155,0
2367,64.64198536947703,7.591945753072648,48.73823259004555,36.210159259418084,1
2368,52.92642042407053,4.2959803003599335,52.91855709911975,48.09779272561425,0
2369,58.83475560051341,3.0712039740804276,53.702106070238756,26.551132192188007,1
2370,82.35811620006939,4.241765366833233,53.3494224510787,18.572801536014538,0
2371,68.44101822063332,5.3132803138014975,51.474153446048476,35.667158263721454,0
2372,64.51712703509399,5.0873190906275845,49.021375104580585,49.30873289065691,0
2373,71.60018225852788,4.409843155588174,52.689879849132446,42.555596989868036,0
2374,75.01782736167544,2.1362038115341355,45.2356947970685,48.572915041230154,0
2375,81.1739881590246,5.70572449419366,45.77661368353375,19.83705689576835,1
2376,84.48499229892926,7.9585167186233,50.308673382301485,43.15496808323492,0
2377,66.40231354210914,5.6963768571845055,50.86598821354374,46.53864504642378,0
2378,56.73952313917962,5.91370327858027,40.87192410717677,26.492025773893154,0
2379,65.86534838876725,5.858667959232653,52.275731904747595,48.62057590546545,0
2380,72.60280506582886,5.5955700048236,53.86364188959697,38.88481103494207,1
2381,60.36241073789389,6.397498950302142,49.61357381266853,70.71336701606002,0
2382,60.428490851049574,5.593060521778499,61.87233141641996,18.227639311032643,0
2383,73.43787881549885,4.530984245520086,46.58532446842407,53.69114367674751,0
2384,69.5134764842955,3.806016634986869,48.19456418306565,36.05841903473926,0
2385,70.32796995411587,4.626539517078987,48.02466546936395,23.828482855599564,0
2386,62.41504665299931,5.471194244675999,49.619061943544914,34.730448564350084,0
2387,67.69599285794233,4.52587555831554,48.35637593516854,42.77479241337466,0
2388,60.757668557316954,5.471508024697146,42.96594727697564,50.37466669565043,0
2389,78.90198411124787,5.658725200550626,47.26725851881762,57.219642881321754,0
2390,80.35249334723753,6.2497691469052725,49.51189652112962,54.21893088704343,0
2391,51.53812137761906,6.92419245325847,56.142860410309986,30.346179792955056,0
2392,60.7048913980759,5.117011127718286,61.011216366864566,51.30164692266117,0
2393,55.03470744909921,3.038335152278509,56.67736948925327,43.91284957120874,0
2394,63.49976065593102,4.482343854771215,46.12310485163697,33.45396979071012,0
2395,69.16562030209639,5.066093851109899,46.520951946869175,37.88089406522519,0
2396,55.5035478030147,2.246346865734365,49.20335711245325,32.90157340555276,0
2397,60.78140186874687,7.082996780153723,58.92279444426793,40.37092341936456,0
2398,59.960426279185015,5.2135668687656995,49.17287973909053,32.7034211770588,0
2399,72.07267329398944,5.572029251870427,43.362462547312845,29.72005926782561,0
2400,70.6934433703625,7.048289693789399,47.494114315234825,44.79119127782772,0
2401,62.78262446662747,4.054785754786479,53.785280009097086,46.28730548259637,0
2402,71.76820872139398,5.861062896326045,53.449701384480434,38.12402999908388,0
2403,64.53319915412735,4.835203815347096,48.99891666754172,53.67651303935972,0
2404,67.28344889673947,4.723869699476121,53.41707336780016,37.39569413504887,0
2405,86.73452090298537,3.841711418293431,38.63413898726584,36.972254548744615,0
2406,83.40461051790348,7.498404820529791,50.51914617516349,46.60488982345697,0
2407,57.004187630724026,4.436749939886644,54.30342710684315,38.67574415056663,0
2408,78.29732417879174,6.049196370343553,45.83568362422732,40.84797729026143,0
2409,78.11396554491591,2.1874889187920954,45.81830731751856,14.795615293809348,0
2410,58.51736711247382,6.7699827945346795,40.667759236182626,40.16707384737975,1
2411,78.1877764375486,6.578316733935588,57.94947797405347,21.7280406252874,0
2412,85.37931918412554,5.146151165445954,46.39923011489217,27.790494290011296,0
2413,58.77455193755586,4.659586300793113,51.20521638931056,26.64677461244495,0
2414,60.824971789857365,5.600000008420349,53.019585207416874,29.57416846466174,0
2415,80.17661466843502,8.433185991320434,57.56033974570727,34.51146140367747,0
2416,72.71495310825648,2.3551449516447724,49.230511130071825,35.13507384454515,0
2417,75.51476275239523,6.173041081361191,47.302851031107906,46.64275204257125,0
2418,73.40589216400497,3.632574046769146,50.865338242852765,42.22387814134697,1
2419,73.90695920928144,4.970122405550403,56.42040138271143,20.989255711820142,0
2420,56.73527871688917,4.628179821382005,49.149137342996084,40.832946375468076,0
2421,80.47317706621448,4.357522613303367,45.22565459207962,43.18255246583427,0
2422,81.69589992427774,4.984302306420906,42.29621095842319,36.71433483747042,0
2423,67.70609255931973,3.298743282083314,43.893513076973875,39.391140230932976,1
2424,69.56523050186138,6.543770654191951,54.32195748703332,41.90310125397057,0
2425,54.68892497444278,2.308784733202099,48.39687761846594,47.6459959763558,0
2426,75.14254756017834,5.809646769242513,46.96239545039645,24.251200125372655,0
2427,75.72057441714144,4.510196221198143,46.42016388408029,37.55682961360351,0
2428,69.37808983000689,3.2436126592888197,50.42522930100091,55.08336098057729,0
2429,81.24353359870503,5.303575055898043,48.80272453117208,54.166613082979566,0
2430,66.6592276902006,2.664573369940283,48.63433928140374,48.5093692777578,0
2431,75.646059258936,5.059570732579452,56.7466196390537,45.36824683955676,0
2432,59.80335661307885,2.8656846382826684,57.69008140930816,56.546347484020885,0
2433,69.76447849125762,5.691908126476747,41.94989163545502,59.17848001606666,0
2434,68.25645742097164,3.613463999554437,51.637963655714785,38.709200119531474,0
2435,72.25307922040942,4.323508974456036,46.11568950689304,30.3056755671168,0
2436,66.30473071166641,5.440924081914743,48.758744430694534,37.29707682375505,0
2437,68.68527404328333,3.8411868322366463,51.54639192563347,70.96695513772053,0
2438,78.26047171441506,4.913054000497546,48.9364004153454,24.30643657274806,0
2439,65.63235762761782,2.7292542481327198,51.152299403138166,35.29460860470583,1
2440,53.93422899261321,5.946313405394234,53.364851030159585,25.873088475073686,0
2441,87.4958390420542,7.647370708326157,51.4728840027016,41.247638628773856,0
2442,83.81454078690487,9.188313301864941,46.76581847916188,27.973089711051323,0
2443,57.07737304894381,5.136752219999659,46.854001965148385,38.91248977166382,0
2444,76.89707805245195,6.18230621119578,42.80147351690982,20.49904839981241,0
2445,64.97025229448657,2.3290614906387663,45.730398512396405,46.1762066508465,0
2446,72.6348721533106,7.254101489458382,59.81034180949264,52.22345256467975,0
2447,72.94224129013493,6.164342757086159,46.03998212952378,36.16056377936541,0
2448,67.65592199683678,4.2740998325731505,44.0331059377809,38.64869992924298,0
2449,62.16234334413603,6.855771200433514,51.59963930922387,38.365927692686874,0
2450,63.094589476837406,4.6182858850319874,49.4481762035407,41.80910675225025,1
2451,60.83808084518758,4.312962225478165,49.02203381575387,39.618304130335716,0
2452,61.681777917695555,5.713002388141237,57.04522983206045,47.68116952430694,0
2453,69.32821709950645,3.404968250254522,52.745633377791826,52.33039133450946,0
2454,62.842400108892484,6.532437146599922,47.350035341482624,31.859287775078172,0
2455,76.8205206571262,3.416015282109735,47.8776204120411,36.90671507225703,0
2456,84.87246155335927,3.4249178152652204,47.487067430471576,49.01619448924745,0
2457,64.19946758629958,3.6354653173874985,54.37369810790128,25.783309519409677,0
2458,72.39404500535377,6.139250056274183,48.459261852734315,20.292787181544302,0
2459,74.99685110302934,4.074836957720438,41.03423248772925,42.26315952898479,0
2460,74.72002270919275,2.9780063234492467,49.75840160632828,44.96346411070492,1
2461,70.75955267916088,4.091480000096303,42.31486999436036,32.77699812046408,1
2462,77.42682418359722,4.95193644397927,60.92115300877451,34.21348945879545,0
2463,74.82248952680658,3.2285412745034217,45.17166043076384,32.39807678259101,0
2464,57.62337577672702,3.2724783364484846,49.190676173211344,31.330747606555654,0
2465,78.69156064389273,8.166944501149377,51.29101367350569,46.934958206046,0
2466,78.87290837266742,3.7091518942791697,48.55670919660385,28.195015130023613,0
2467,62.367138958214184,4.51543644684049,48.54984799266904,37.34477138566651,0
2468,70.37937835447602,4.449144498801071,52.109136430804384,30.946638324851477,1
2469,76.83328992811069,4.367964788344337,57.63107979398139,25.447110240987847,0
2470,67.90686180420639,5.932020109953653,53.83754540908649,48.701781747467706,0
2471,80.72978047766011,6.422214425708074,57.39256939286771,34.80174777826461,0
2472,93.6387249461936,4.541068352702612,44.76690445953249,41.884400804207566,0
2473,62.140139673650175,3.1452825701114766,51.586813166276805,24.919241201989898,0
2474,56.18955396846225,6.911660341773355,50.7762302602914,32.580605462435244,0
2475,73.03818595604876,4.856988363204976,51.75545645838368,47.56087880695006,0
2476,77.21562505126144,7.5954827222857535,56.88115985317786,65.8727145584531,0
2477,67.69133626155231,1.6316211536522558,48.89605425103973,20.237839356096885,0
2478,84.53260663321035,5.29310483192498,47.97248316722956,37.98892204710574,0
2479,56.613942002767516,7.877909500814312,52.66990398709332,44.122805981435,0
2480,76.9291862303161,4.470103796842762,41.10898636217076,33.83899846760716,0
2481,63.94139179241107,4.661759864998046,48.81573975438911,48.49521986994124,1
2482,87.19377906207296,5.443267537385508,49.329011553572734,31.33267329339687,1
2483,89.92515353168119,4.161806271672564,45.39820691846538,41.53847660216641,0
2484,62.33343412216652,4.531892101920901,55.285295056782886,34.779280955016404,0
2485,64.5044286409142,4.493277358712896,44.68879841328358,52.194310829547724,0
2486,78.59587886979801,4.058868898360441,49.32063475818102,33.23635496964394,0
2487,66.12869350210485,6.84328482530084,51.465786126614844,36.48126203713484,0
2488,69.54588782067762,5.691617048444653,56.767257807380595,49.45689037497155,0
2489,70.2538842054241,5.375942348154953,49.947217825595736,29.719613409071364,0
2490,50.80326843802344,6.212856510335175,54.68076797064105,40.68750056763572,0
2491,69.86162253905762,4.6034662501948,53.50297698638564,21.774656563133984,0
2492,63.10272225935826,3.838694272470649,50.617287780845714,29.120665413709254,0
2493,65.06877177600228,4.096063543078164,44.55243295863272,43.821312758908036,0
2494,84.43632003468814,5.002674561656914,42.827095695478256,30.093024904637677,0
2495,57.434931057207436,3.411182437440647,50.53252700709593,34.554270681762084,0
2496,78.13205186747977,4.249608475119986,47.28651563048693,44.930864020479376,1
2497,67.21037069668192,4.225825037192848,54.59630545840646,34.2081385885307,0
2498,67.20239831504166,8.18683434474352,53.729282590492886,48.22842073216358,0
2499,77.90371896051711,0.8392775900991252,49.07694502781475,42.156627874860646,0
2500,73.4005129456889,4.73057041789155,44.21143538029365,44.35683111924503,1
2501,75.70612997219531,7.588540689222156,52.553677748036364,52.40965598738532,1
2502,79.68184660532862,5.182766696198681,44.910252769324245,43.198230626140656,0
2503,66.68691616816677,6.130126210131639,46.207680385345675,55.388472904693444,1
2504,63.87763265492249,5.149739472649652,45.10292130892423,49.112622830378236,0
2505,59.148494734422016,3.9989999281752793,49.307494890300234,34.76547570165543,0
2506,61.74589470021045,1.6371260982366307,55.85096167035281,52.931480750212714,0
2507,99.49094425308725,5.308183530554454,49.974795648882356,42.63866020902945,0
2508,82.44679580736786,3.8365900930964134,47.78390653786152,36.05320291339497,0
2509,56.489256337919784,3.799496890752044,42.371925349773775,42.783856953208826,1
2510,56.7754204325643,4.251519116031332,52.760622923649215,51.12326824390263,0
2511,74.81866061718492,7.61729210993524,46.09797697035686,44.550450942422216,0
2512,75.47264797377967,8.60725631338096,50.58758809579048,58.22392832551398,0
2513,75.48883835317365,5.325811906292602,48.2289069204168,50.86530557898822,0
2514,67.45044206446302,4.302849164132408,54.190886097997186,45.23160033402162,0
2515,68.745457399971,3.2341603738231846,49.21381803985724,29.739319172588424,0
2516,73.27879524159357,5.702810242319104,49.70536822738474,38.20267485989879,0
2517,70.85893006293331,7.6743584000977165,52.4287357372773,40.71664139750851,0
2518,47.80699627252465,4.628989419462265,60.53470091131593,46.96631501217747,0
2519,67.70200369424806,1.4315059388701634,54.44223465179277,46.37333041272193,0
2520,61.485935657396865,6.005074507723286,49.55696946825695,41.69540410218286,0
2521,71.75211418908512,6.478099567175074,50.01598995307644,41.20349915377171,0
2522,99.85259002603411,2.621231539421229,47.37570269837783,47.204568950760695,0
2523,73.67481665474304,5.2647262754944295,45.25002148240152,31.41413774370014,0
2524,66.86470313827603,5.676839024204148,47.23624606466839,56.955158192498565,0
2525,79.21801501977252,4.890339046986592,46.13925518144029,19.52833114836529,0
2526,74.82687887209212,3.8138436213719693,53.266841918979424,54.55409482172029,1
2527,74.20094490451841,6.523905835345334,44.64402571065507,39.54814471574838,0
2528,76.06850593215671,4.394930381046976,56.66605280690022,50.02579814271594,0
2529,90.56543564829542,2.772220755950102,53.76023191809415,43.63840434292613,0
2530,58.69111564674084,1.9257882714954784,50.102508646838345,43.46034410910802,1
2531,74.73632076811454,6.891274279998965,50.001593057325344,45.54254476026521,0
2532,60.73618870018461,5.924995964706677,47.21359345192723,48.090542890877785,0
2533,75.55512646342248,5.131960320693754,51.35042205673882,36.7116917341276,0
2534,60.81313488513906,4.3395880447237944,55.44046231604295,50.34799130526236,0
2535,65.82633186394915,4.206502378695309,46.48421768872093,29.155293764212164,0
2536,67.04910085762094,3.386395027337583,42.333039555406344,39.94669426673875,1
2537,79.7581671934471,4.352816533160173,53.51609127428372,48.35969924272277,0
2538,79.18454443942414,1.8198691773197382,51.621829871219,49.950175796158895,0
2539,57.542826235536154,3.8959045197972286,44.3990059927941,44.60788848261401,0
2540,70.5493411099985,4.533593725473359,46.33304314542941,36.066075620442646,0
2541,62.904201452508275,5.914820070785629,45.704478629749296,48.96707778368703,0
2542,57.414950893246655,4.940110304939954,46.377338654828755,33.30633760881247,0
2543,67.8298294957563,6.192384670813339,48.38158622979406,57.51409073748911,0
2544,66.9151721154418,7.023702657670144,48.66726347859626,39.153291025003355,0
2545,94.26716486345522,6.587255140736152,46.7460317246577,24.603743057940395,0
2546,74.32959825360696,5.705764771067836,46.20918090250036,28.05316531983448,0
2547,56.22382499245763,5.017794018771176,48.85607828040309,40.436436368795874,0
2548,64.35225995829057,3.5288179873796612,50.83845767429781,41.39825271326053,0
2549,80.21383295429399,6.109916077068974,48.41851731817577,59.69656684951096,1
2550,90.88442772869925,7.519621073332294,55.79333511670651,29.615006623857738,0
2551,54.140166877620416,5.513159059475627,52.54043857210393,40.39462199303931,1
2552,51.20075614860955,7.875888722639185,42.045770715706524,29.405785929179434,0
2553,88.70965175371782,2.7116424379083743,52.61863882706927,35.073451467865965,0
2554,73.89614177370903,3.268754922830688,53.027719912927914,56.83972030069338,0
2555,61.31707268123634,6.282802261622393,47.826325159379046,28.636637768440092,1
2556,75.34629086122435,5.396435315229876,42.52401206348422,45.87042424067834,0
2557,43.64252260983122,6.970673264857711,50.04033379705568,43.929073590143915,0
2558,70.0337550659716,4.976792538909891,49.96145674258878,39.75828573641791,0
2559,73.27821172843085,3.6980368662075023,44.391768817334025,45.19436623191738,0
2560,79.2427013953783,4.679610136692436,42.743903918700326,28.399796180567115,1
2561,59.861040477074624,2.7009740436143987,49.5622322677328,56.56322507803557,0
2562,70.8568716140336,3.3071139903544484,48.83461403974589,59.24845495123521,0
2563,60.74575373940412,6.4586659968770155,47.913673173388034,40.47104697759313,1
2564,72.55383755674318,6.309181121704415,49.58294632626719,64.23106130613554,0
2565,61.04653677636976,5.544506427209115,44.486118130898404,36.00972068450079,0
2566,65.91899160839779,2.418383718559296,47.82589693566943,44.0043199385628,0
2567,60.04184605209771,4.462394636730667,52.666625153071735,54.318890637745135,0
2568,76.51136241823657,3.162500167009924,48.25014959824355,35.4099553977709,0
2569,78.58451116656666,6.7647998806816485,41.64013764103724,26.184509411205617,0
2570,67.65379430042586,4.124416799656098,47.63653861138214,23.88282934381146,0
2571,70.38237994960028,3.371378433827676,44.6492076824657,60.608265639026584,0
2572,55.51408585366456,5.044694247682137,51.33568148230865,34.709753493612226,1
2573,67.00323351993212,4.039768314748082,51.594187016902126,38.14263236581501,0
2574,69.49795382958256,7.22561586530556,41.70612687456985,28.872359216789455,0
2575,96.20793091029975,3.897783653698714,53.79506485291095,49.483392793291884,0
2576,58.88032974225837,2.901157611163053,44.43906849360721,32.18440140775415,0
2577,84.64177238752437,1.7706297263637265,57.79591145241176,35.08736972338678,0
2578,79.96858773465809,4.953820246379877,49.756118677496914,42.9952041941616,0
2579,72.80636404490136,4.157104829213111,43.76803250730419,29.359540727544275,0
2580,87.58620484195134,2.85664309023241,44.290069646536594,38.21417730485775,0
2581,73.72105472606863,6.783839691883678,51.740476458936726,54.0220958950327,0
2582,73.89159195667929,6.000867721143862,48.043500550508114,44.282543975168636,0
2583,69.46879346982455,4.9576731815941555,49.5167304519093,41.30542292428358,0
2584,82.23568882418627,7.046489366256299,58.0639011634852,42.14864709463865,0
2585,80.96469233810883,5.9938040500979195,46.50377967885463,36.10864904023436,0
2586,63.743227125037876,3.7657161477223515,50.29981428847853,59.961523197549255,0
2587,56.80752805401232,3.441169754013851,57.09922243686527,31.878428694659327,0
2588,67.97019362604343,6.226972316680792,51.352567377332,42.1092616196393,0
2589,61.999614356023535,5.594550434701026,41.96698632320997,41.15025566342807,0
2590,69.36475425384644,5.2546216519559925,52.52694505866069,50.08762507133135,0
2591,82.37438134684139,3.730253295696639,44.18498571108278,51.0317393879364,0
2592,65.4269834491321,5.9119213505086305,57.034037643664824,39.67981195512929,0
2593,69.57176618688425,3.866751675299076,45.88566197501011,42.90666493113049,0
2594,70.58022734808395,4.847020018109483,64.84754753872832,43.28534753913948,0
2595,78.48430882205284,7.17041621958047,57.336879941638394,17.27858344429393,0
2596,47.53110666015395,4.008748646284781,46.016937151860105,24.110103975222245,1
2597,63.932997052347034,2.6405161143907083,50.100069025008054,33.949363092780295,0
2598,72.11283692279473,3.4211792121948346,53.76822140816732,34.38401323623131,0
2599,82.00078956426862,6.491448240031435,53.918302371133535,28.00717578035868,0
2600,65.08097552493795,5.382096706070314,52.211681299880986,47.4958257137363,1
2601,51.23447293958126,4.8066839319668695,56.26079518483055,40.021184210174724,0
2602,76.19711445966136,4.236359292032645,49.38515526682815,37.85305452613163,0
2603,63.646376111743706,5.728039861329785,48.16641165711984,27.438447254926132,1
2604,58.103333409096386,3.726342723514665,48.265680060376944,39.554551357552114,0
2605,63.75654610286776,5.458498352963894,54.29186615986064,13.733152440013882,0
2606,68.15474642344151,3.9031181467805647,51.82590520151323,38.37043689194159,1
2607,63.952553354617876,3.653510922087419,51.456418328451285,40.63183668807756,0
2608,47.944339429009304,4.0437688477624825,53.97617124628591,42.41914984321499,0
2609,78.97066196887133,4.436888830274057,39.744737960730724,24.3589823652072,0
2610,82.74875041278722,4.926755246099445,51.55034411937575,42.24816736691475,0
2611,76.51521991339506,5.353183692666671,51.09284444436858,29.585687301354575,0
2612,58.62314329575183,-0.5325479371426667,58.344040406503524,31.87530167707666,0
2613,67.98508466052482,3.7885241633798525,42.35706008868166,47.17931385822665,0
2614,69.93478684770542,4.412645033965941,57.78593316188379,60.14113723359744,0
2615,75.9879438956191,7.257593057912495,50.37704564462333,40.5135875880268,0
2616,76.68340488718081,3.379996087426802,52.444947653300225,31.829045413597676,0
2617,62.65826201221504,5.244194927149869,58.37959393804688,41.88670447509998,0
2618,70.8199555641356,7.242545464603756,52.80380634002786,49.39029157499145,0
2619,74.57280404615241,3.030547205079091,52.001841447312806,46.20997565872735,0
2620,84.55822322146767,5.590962838796603,51.21145592901159,67.43112872463746,0
2621,77.04506539824723,3.7965922490982194,47.582609325028116,32.84662430905333,1
2622,77.89056687375519,4.243049386566148,49.85755437744803,42.52231479919298,0
2623,70.8382662792936,3.7953337490700285,46.42243616938626,55.48917953418203,0
2624,84.10459145203504,3.9022140373761713,49.77716550287259,54.86159237018532,0
2625,74.09762795959497,9.082868221859739,38.32034651472452,20.499220734756193,0
2626,61.389120898264295,6.266683808107499,52.14519783783774,39.966423799600186,0
2627,84.0336997012519,6.652606792679314,49.39131373108187,54.845207658487,0
2628,76.97903272539028,5.737990230254744,48.31898131666618,68.90642990399138,0
2629,65.56955978871518,2.590614817397063,51.09879041970071,47.037958837508185,0
2630,65.20507032600757,5.592436955484961,42.8321803851728,36.32136706303516,0
2631,72.96575545140762,6.60939442176102,59.64634998310641,29.9079684756261,0
2632,74.63184795267584,3.7199007889413327,49.486162692562004,62.18743357530849,0
2633,71.97292265631206,6.44799000074169,49.27077783513905,47.28741586465759,0
2634,73.11308673442885,6.056504314781119,45.173018949335386,31.519330731145825,1
2635,86.9995737457638,7.778060067220505,50.11973191224631,37.96843633666219,0
2636,80.71543152234887,4.373325481229572,56.9347994513664,43.10186516828704,0
2637,71.90635591265024,3.35358352658641,55.17958104716017,45.43806653888118,0
2638,79.41310580767484,4.457557835941182,54.27218875570278,31.003813424542102,0
2639,59.674760964724605,7.153356489745435,52.731994758336356,33.85809581874507,0
2640,73.97927049946809,2.2573911787370555,48.20728736218695,23.470654376270403,1
2641,88.0930634973311,1.8974364268534516,42.74918416481649,50.39762289604782,1
2642,67.81954104607627,5.13409291839742,48.994806140666824,36.58381533229684,0
2643,61.52366071380915,4.336116060838766,48.82064267733161,44.66321649183292,0
2644,63.4791111140694,5.011591839763527,55.243972198356204,54.22258508576327,0
2645,59.10366962657612,6.417967656853798,51.546952212299104,42.19870142373946,1
2646,62.15238091872297,4.171145980821722,58.061557639517744,38.87029524050932,0
2647,66.2949190140997,2.190491253604069,55.98744270019087,41.93921476883934,0
2648,55.94432980821358,8.066722335799916,47.71752195247952,40.63193603850227,1
2649,70.15618333949602,3.504157568841836,41.02435401690066,52.46164997877945,0
2650,79.02277173786648,3.4114443169818536,56.9278761697074,43.108383975387895,0
2651,60.9224381985308,6.655580020583894,56.79692611615372,34.555989804210874,1
2652,85.19283923641768,4.423266318437723,43.16894204548887,50.4784905688975,0
2653,75.10792088527595,4.904915221947784,57.5462000991375,52.30484356358352,0
2654,80.30580585624057,5.724185186090477,51.91058585296259,26.616693731795365,0
2655,63.42165446147863,6.625374654664993,50.803427490628266,55.32783884768105,0
2656,78.54525227066615,4.499808960227342,58.07391627123664,43.64711773208485,1
2657,59.08066099604687,7.279928008871449,56.72342586615307,42.83269950146598,1
2658,78.90247500836509,1.7963002268977917,53.256654759976016,50.066246315965145,0
2659,71.71839339793532,6.139680855429615,52.36608532905991,34.33023608995721,0
2660,75.53251219984784,3.740708662973514,53.08197145265179,49.54164514190924,0
2661,58.24405394375148,7.058406974911987,47.99971283058737,36.23224530262145,0
2662,61.049301577233955,5.213066718245818,49.724492751338396,25.250493202896617,0
2663,75.97228218253385,3.9906420019858975,45.488414227027285,30.022437208930658,0
2664,60.51651995775799,5.994261639532449,48.334801121305404,45.67021832903227,0
2665,74.63206292099123,6.339782520810878,48.16683060665534,30.545316600053418,0
2666,56.32862193539754,5.962841184287957,46.823473151891676,56.10076123189649,1
2667,78.48174212666669,3.4554556405504093,50.68373251324232,51.89283453439643,0
2668,57.67476685231491,4.273974314566873,48.38009574649711,53.33439166032965,0
2669,75.52299937679523,4.993890744317848,52.51117360175987,41.24778579677412,0
2670,76.25630933646,4.938110521024909,41.88839693353117,42.578616172949594,0
2671,63.03228181570425,6.124618213157522,49.433226029463505,28.062881457557225,0
2672,75.82026567084726,1.9776481512400874,50.65775820088748,49.9578351015749,0
2673,72.60442263333556,5.5014905818302555,48.446853800815596,43.79833455037085,0
2674,64.61158143807262,4.56502796834504,49.138036500953845,45.673056252922606,0
2675,59.91445315923792,3.7422490754240716,42.073769946350716,56.88311811452882,0
2676,50.373743083274206,3.8862698333456005,51.78238552334746,33.9403701605249,0
2677,73.49650047299694,4.678193503223055,53.23802991283535,38.73858450122682,0
2678,54.35197228637945,-0.4016276566892767,52.46768647101884,43.26670921542168,0
2679,70.95344199441308,3.948065643812675,55.19363529721092,30.64564594541293,0
2680,67.36551783917751,3.68627776303056,51.00764802891251,38.1240117872316,0
2681,76.79142775438196,5.799174813983936,52.39340590325469,44.92949810466969,0
2682,66.97954500510136,3.7917099762342192,50.78045369228426,36.74578728627169,0
2683,66.70552213652908,4.677329299744265,53.43775359796247,53.08989409729112,0
2684,77.31870704288295,7.313414941491953,42.11385181933939,24.89075438183006,0
2685,73.35058029084118,6.491527279723135,45.53209516010995,51.22771240233342,0
2686,73.16155957182778,6.353407099915179,57.93449828516545,46.61185474816005,0
2687,74.69267589808527,4.250191354383722,37.69782088951897,34.31171412443409,0
2688,54.64427876792894,5.8145484189344785,49.29911035087328,30.755914317700018,0
2689,77.56788679986983,4.649153299319609,55.861374798040345,19.197173827575483,0
2690,76.12468794013603,4.705860183984593,49.53369667229118,32.04824987586166,0
2691,59.83316871423503,5.6145280156198245,47.974944642746514,50.47176655002997,0
2692,67.55919526325799,4.104509617368601,50.6471083840765,39.43914273721326,0
2693,69.6069271237237,7.239504656664805,48.23439909998777,51.629808803918415,0
2694,68.65503215598267,4.759804790603094,50.1542474637847,33.80128929375448,0
2695,73.33859966568535,5.927540849389498,46.58309481739935,47.07106160106563,0
2696,84.31366781831184,7.183400718885947,55.54337209977862,32.825013979155784,0
2697,80.81766727672829,6.547480661862762,57.1163246053283,30.34424993790161,0
2698,56.87780806568594,2.8866213459642127,49.333048389441885,38.92872782829324,0
2699,76.22069990306049,5.667343842514827,43.06755289654379,33.350334886800034,1
2700,83.28933319535409,6.276079091690971,47.38078414843302,24.571778509627876,0
2701,73.86808520689203,6.337794533241123,49.080056699485176,38.176852992830064,0
2702,80.90980425185967,3.3300577488280534,52.52769438451604,41.06435416431289,0
2703,90.12270445700764,4.014447144474014,44.95993388414661,52.683586114960676,0
2704,80.23709546106981,6.491837353612432,46.154188406789245,49.3680567713306,0
2705,72.49308595641729,3.8573594439760317,52.55338068929404,52.199431992328314,0
2706,80.45088474084753,4.550455915003528,54.694544160197786,47.203574983935084,1
2707,71.44887833096891,7.363813714252954,46.89202977414658,43.32612758949975,0
2708,70.23903043284956,4.928301124422815,43.33391473024502,27.710550935281077,0
2709,66.48585764286267,3.9098387932492353,66.42059100643942,41.498721979352744,0
2710,85.63413358832108,3.6835739647056425,53.91652118544357,45.967937773308144,0
2711,61.81571334057999,5.499078994377782,48.66498119116484,54.57437949370436,0
2712,85.32367724678116,3.0002779872841865,54.3451563776542,46.86288541731814,0
2713,74.99864123740372,4.6289960541553725,49.37771685142789,52.40383434605422,0
2714,56.006938251980586,5.499845802485033,54.335784445500934,29.680021086347608,1
2715,73.67649292991422,6.948724730821501,50.79696598888111,36.73582373851905,0
2716,48.99973492348376,6.001322120554994,50.45635949083787,44.29350713661271,0
2717,76.25508016831036,3.928902323026732,49.43209065884606,51.60952690742562,0
2718,78.8523148298899,6.767628976345581,42.76309333268455,38.547713541610804,0
2719,64.07644044347947,4.550727443678784,59.6904744969657,39.17554040850847,1
2720,71.23547695955583,3.1464454669258863,45.292330398661285,46.871403060029785,0
2721,89.54157433750287,4.741937961101791,43.19988211844703,28.741291728548756,0
2722,64.94253295738064,7.157253801718553,48.93570058621816,56.07404549823429,0
2723,59.410924129433994,5.247860075097388,45.19264093244747,31.20863906892315,0
2724,84.81663402462598,5.01878279649468,49.74143604719865,20.814105764406968,0
2725,89.62587190530795,7.455817467054279,53.43881924280884,40.10067008522581,0
2726,70.03695671847848,2.8529677294183595,54.97651450264611,56.98458702375565,0
2727,80.11463035408356,3.0716013289208415,54.07365360810841,45.8645313033361,0
2728,83.41475915530881,2.576230293549752,48.4718397260716,47.51090543003633,0
2729,62.57515767461616,5.5589722797200825,50.24795913830793,40.413857623071145,0
2730,65.14694164632132,5.249739690672687,52.03939525448745,38.47622502728823,0
2731,82.30874513154735,7.314104550919664,41.21106288028964,24.550906304068846,0
2732,86.85014278708509,5.365212615705155,52.852923500599296,17.40613742095814,0
2733,75.62880860174354,4.393764260781046,42.713503562080845,41.96272338440863,0
2734,61.20185646497946,5.002692309317161,60.20173299453245,53.12549194340226,0
2735,89.87061111699441,5.176561127691437,47.97742457679152,43.44133704828065,0
2736,64.69029102188036,2.4923580900077495,49.07562411402704,46.235995270520135,0
2737,66.64862218828549,9.06549746650234,46.15146450381072,55.8371754563954,0
2738,73.42337834489622,5.779806527152867,46.85014984072155,43.28766851441058,0
2739,85.54160420714774,5.3150124620338834,61.3704678457162,38.773448996923804,0
2740,78.53975976552223,5.92274597641787,54.70184844311649,31.81475194349935,1
2741,74.1486550036191,6.064116470879908,42.25398777426081,60.222125629720864,0
2742,74.63288530118106,4.789169771746352,57.521064503426146,45.2654777915368,0
2743,70.43514668643466,4.0531382956389495,55.96621137570716,30.56398284080669,0
2744,75.58139514518507,5.899176029482556,48.593937688558555,28.288323321987633,1
2745,44.70439922305697,5.578566260797179,51.53348471014919,52.53063726928913,0
2746,67.03392540930201,3.785164851365888,49.925279602894626,29.625583035916744,0
2747,72.4132193491678,7.128553417050896,59.86289952223466,58.53834157502221,0
2748,58.48985916380493,5.4400280544844755,46.01854905503955,12.435372029092889,0
2749,73.86323317811559,6.094729043401446,50.73005304887864,54.22595197789977,0
2750,67.95528779013878,7.0878813315198785,47.85927334503597,44.868948111619645,0
2751,87.5547569831549,5.032833231747253,42.83479797691073,41.185944230568744,0
2752,85.73019725214857,5.475428010476173,60.958191275274935,38.24541564958237,0
2753,65.34194430881837,6.215040857759175,44.09216710448794,58.907298485940295,0
2754,68.49162288433304,3.9127083742999216,51.10064593743888,47.070588584012036,0
2755,69.26052434391607,5.081077494269001,41.296496968098324,30.967963911045487,0
2756,65.48340523840378,5.188322879976722,48.00464730378453,22.810900439711187,0
2757,71.95024984028127,3.565912172474908,52.10984410716729,41.77297213147308,0
2758,62.4171793111241,8.476455183010817,45.87633010248818,39.98928866462586,0
2759,58.693846650624735,2.8890598347613965,52.934009253678276,24.801319626244908,0
2760,76.22711223900268,3.0528441444692636,48.654794540559585,39.44606474517664,1
2761,76.29529584221811,6.971339863555369,55.80041256199306,34.260653669258,0
2762,61.956842403400074,6.0698993761948135,56.80880456670111,40.092900683066944,0
2763,78.95355430762599,3.4610527737788335,47.06627619634994,47.25923611648402,0
2764,63.68422270834669,5.910933522652539,50.38366429696478,54.92609947464035,0
2765,72.53165238037981,7.201775667495965,50.917271132361165,49.08889036369287,0
2766,78.20344012612456,4.954605413604521,53.09674647717349,32.78559250169795,0
2767,69.66387435296286,8.898234350111874,50.07190998122133,43.689151288291946,0
2768,74.54740912141135,2.413907283697947,50.95105479671421,40.63107121492024,0
2769,64.83570356112428,6.040735180788653,48.7829676260244,26.67871045369099,0
2770,68.03533416571902,6.749792504331505,50.57619933486009,43.98232784692272,0
2771,67.9414056911966,6.33701585240787,56.48970096767566,58.56672337917714,0
2772,62.53421653459761,4.693466410031528,53.230416206059274,40.32426604187004,0
2773,68.23225836884218,4.564337776983276,53.506278197216844,24.058173202745994,1
2774,54.51381701136253,5.666217756630886,53.61535162067789,40.30268671108619,0
2775,65.08846252857896,6.223631729978104,49.230956110594825,27.862878010267497,0
2776,67.15124506630329,5.903710154423544,51.59413521789765,48.63605506886287,1
2777,67.4382024750462,6.560086836190084,44.57413160832128,45.248649917251285,0
2778,67.58502554129221,3.4716950643998974,56.34403828158479,38.290899465252565,0
2779,69.38235800139871,4.658343531314548,36.0851978382839,36.68835734144179,0
2780,74.79441518086064,3.5899761018143685,49.564258038322876,37.87765698384453,0
2781,78.74517074132523,4.420830835870787,55.70447988575137,40.0827449434232,0
2782,63.50234773151733,6.522831337721458,43.18066033185329,32.277649786584576,0
2783,57.967991446108556,5.1619758810878436,51.99889958808426,26.12246918998563,0
2784,59.57955587756897,8.910288744724655,46.596167767104866,51.38698946694648,0
2785,65.12797078805073,5.2901095507845755,48.155983674055655,36.14599023503042,0
2786,66.48078682183491,5.089537820869604,54.72970480319719,41.670431041691444,0
2787,62.30003933802543,5.159274379160324,50.99028462942575,42.852819511674944,0
2788,57.038833357501055,4.0432869607100965,39.82822066057818,43.22020479655214,0
2789,65.43879172525811,4.913245081433609,45.117872301342004,28.26182002901576,0
2790,71.81426620113972,6.691682040667469,54.876678674443795,23.241598354481525,0
2791,75.95029465835565,5.170956002191659,52.24471359096499,34.11307475308008,0
2792,64.42576946891678,3.809810405174793,58.740677862621425,43.957115324169536,0
2793,65.87002177856566,3.6123730692820475,58.41323797006649,32.72050132525687,0
2794,60.73301691152689,4.324697162501235,48.28877434926604,36.45078646300767,1
2795,69.68560829625224,5.110795151616321,62.516189025347444,61.27297413749568,0
2796,61.515713658091855,6.7903798032143925,50.122398349259555,21.545761151954643,0
2797,75.731278132412,2.989267037950345,45.186657327954876,32.44966004089501,0
2798,52.14133508065889,4.520260583166865,46.831800670447116,58.96604068573929,0
2799,66.40370327547538,5.2164650291526184,38.716374473552904,39.55401328004777,1
2800,73.01107339191742,2.249441348555848,58.03509504124641,32.9401483450109,1
2801,71.83834516322504,3.7496025755503903,57.973809945219315,51.6876891701112,0
2802,96.93033663980496,3.9801671903957203,44.92246280593339,40.552304364811114,0
2803,73.49800024567908,3.8060444392242525,48.860578558090474,36.51691604955994,0
2804,59.959454031579895,5.287834317532472,50.47803772056289,41.923689270375114,0
2805,69.04535752910927,4.759160585747304,45.19823473928943,33.41891190617234,0
2806,52.23753666533548,4.167070846098445,41.22448984364419,29.825089371119216,0
2807,69.1940025070324,5.641943939828953,48.94821198111544,38.86403072365252,0
2808,61.669439429992416,7.584612076469375,48.39460285270376,29.89003039923993,1
2809,79.15390275560162,7.458884775112628,48.057943795056126,40.1069331179648,1
2810,64.50459725404465,2.115842341906496,51.113580313004825,43.544065674743386,0
2811,68.83234084204753,5.8656082757527095,57.14759829262996,48.53060456051611,0
2812,63.64442158595597,4.732965064904242,48.48453640154137,51.279249855168274,0
2813,87.38851351853332,5.232733014298034,50.852214993606815,35.942634983677486,0
2814,66.78757233882088,4.402575449686177,53.63435261872468,44.994146079390696,0
2815,88.32557043479201,5.176382944830803,52.770714632563745,44.925234462063564,0
2816,78.14151762118266,5.227111094108028,46.92788237776079,43.27818715815984,0
2817,74.82066727335386,4.131572363976615,50.48188561557018,35.20540589049541,0
2818,73.68733147317519,3.655448678262229,52.73769910084527,29.719321875358894,0
2819,73.93797298216252,4.326956476070774,44.35824331244611,45.0200188906656,1
2820,50.7232742065439,5.351388896685148,56.31769505398254,22.9313743780695,0
2821,67.21116605849244,5.898494512526396,57.15794452607056,37.321605674316885,0
2822,78.45157971184321,6.28002346601022,46.38609872277753,14.463689843514018,0
2823,69.51102816525895,4.258714965399631,50.968350091740845,26.635975766417367,0
2824,55.94810153196425,5.425766850954105,53.211391283355155,31.228660615525754,0
2825,69.4759554942253,6.443753887929947,47.271929218356235,50.96724207629284,0
2826,87.04105516255491,6.748392342716192,52.408069228440475,46.88108024404269,1
2827,82.4689171553472,4.9117507188027165,50.81627813146083,34.460653161577575,0
2828,69.37995990633968,4.668602412590581,42.660409111806,47.29369795129751,0
2829,79.51449277058086,5.2866863507545885,52.29580657989279,48.876229633803966,0
2830,66.33492979631949,3.2754387906538915,44.499287918644825,38.393351516252785,0
2831,52.96128413173281,4.709585733446738,54.696014258310235,26.1562185578631,0
2832,60.75534011870445,6.116879597709695,46.64394462433056,37.92087689933886,0
2833,85.62888768508198,5.962920694165552,49.193572831694276,39.021075948278636,0
2834,67.26006918170695,4.594598593454166,56.86139456723288,27.67545609169774,0
2835,67.56616020624982,5.32657730163075,52.48190823264422,43.670467929299676,0
2836,67.00161803725119,3.7630244895639686,44.602630402127275,42.798118543023556,1
2837,89.04136589573007,6.055238222337537,44.925417146004584,44.450426998941865,0
2838,86.25958915362062,4.883267845795291,47.00348605688137,42.789230971674435,0
2839,92.18780233448135,4.586072822455793,51.97322041678333,47.29843035114983,0
2840,68.40954789599948,4.45741424585992,51.79149907466384,38.206719721269685,0
2841,72.95624488747094,4.905659199650213,45.78448847668565,42.01785107370954,0
2842,54.833574505792086,4.328183532602062,44.163952571928206,36.02259715754468,0
2843,84.76934426118274,5.987214554003845,51.40791702542917,34.155007843780496,0
2844,58.32220448732065,4.407074677975729,49.090699671049194,53.382496307620755,0
2845,72.16775563762629,7.389446144041072,60.78607943723868,19.562312984735037,0
2846,59.02697472367156,7.197815755222072,50.1830182828154,48.767599891542645,0
2847,64.11133173261304,3.662684765218243,59.07126413850138,33.794591245543394,0
2848,61.627375689503,5.104556404143921,44.1480820094783,32.49961822356879,0
2849,63.92124739324182,4.024015067995707,42.13393530219146,42.61577484065407,0
2850,64.60877296851021,4.5100286552170825,44.39957433737233,25.103903876489973,0
2851,64.51731205074923,8.003641201467197,55.94564890726733,31.839769280537972,0
2852,78.33333911780306,4.538642874326301,58.78050794846767,31.50860353487008,0
2853,58.9513720693748,5.540339055616143,46.08910273023683,37.78601741814905,0
2854,72.20541427013868,5.811981941012418,47.69716985120221,31.958623118393113,0
2855,82.17959152305559,3.499055941275139,44.1550954489375,56.01118685639269,0
2856,64.86803635486604,3.7173567883861924,40.941800764408065,57.97016516497954,0
2857,62.82081109252398,3.190966442887822,53.59205848888315,19.780064772519367,0
2858,67.69475374819748,3.6710438991533345,51.11510151481082,45.44322704765736,0
2859,81.7972520836071,0.7249548360242262,50.052439913369376,48.58663439077574,0
2860,71.94107630953357,5.8168736011904425,42.9997173141831,45.42985202391105,0
2861,64.68785705392402,8.081290761884105,58.1997834091433,33.418865069083054,0
2862,74.8387665118804,5.22173110855479,47.483216309752635,37.55904437841458,0
2863,58.977078501635766,2.8755967109890888,52.668132124082376,32.517253452223045,1
2864,76.81359510442948,4.035835425650078,42.727192973776376,35.79735968841172,0
2865,74.08607307701767,4.3116847324625045,49.047374051899816,27.90034971332824,0
2866,66.92191528861116,3.4736228341799364,51.45687228119292,38.8521117836545,0
2867,61.61414201552769,6.290273957592735,51.63537609026654,24.971982886949302,1
2868,61.133190777165424,6.215390066563001,50.77324271618313,37.99865445771862,0
2869,75.3481733634591,3.2668223092735107,52.472612460243866,27.514183109002353,0
2870,82.28980502489063,6.087621566671261,44.34739771983519,42.06816361791404,0
2871,63.626922529712054,7.290218995365898,50.986863027198304,33.205804390571096,1
2872,74.58386703551484,7.85383730784434,50.568788417401386,42.905803478745376,1
2873,49.12972981397931,9.297818034628943,51.158363420975306,50.81580728364782,0
2874,64.153822693428,3.6470110258352038,50.36172608659591,55.89446936104708,0
2875,69.68941067129099,9.236330639592804,43.633936130433014,14.719954109795097,0
2876,60.90316583018166,4.468690417236818,43.41100123945513,31.658059061262172,0
2877,60.63493625210404,4.111301816929228,38.92865907057724,36.96913922887986,0
2878,63.322204435311136,5.490608562316768,54.08767254922649,44.60327818381483,1
2879,72.92192728326373,4.1269079988604815,54.13828754867599,23.496454958454706,0
2880,68.12670981593625,5.598566210969789,54.217751456110605,30.179075931997843,0
2881,47.61768766675028,3.0198842183940475,51.533949812307256,41.303572026571096,0
2882,48.792998473649334,4.641871096904849,39.334403911409446,40.84888241526667,0
2883,63.931348221428244,6.928373351542519,44.86644754107367,43.77618406420093,0
2884,74.57686586053552,4.9144080628532665,50.85207708796556,44.43675726888116,0
2885,42.52495157274765,5.212393680109824,50.67759001395898,43.385944331158626,0
2886,65.00269823848369,5.7128879070759675,48.88625893423989,41.93655316631493,0
2887,64.7375214348258,6.75599244397649,51.844586014541235,40.55739773326368,0
2888,83.88337778208448,2.5171629317158506,50.05825853842623,46.64763089724363,0
2889,66.14978188287137,5.876786077756152,50.60385232775681,17.606773334357747,1
2890,73.82988984740929,4.597791291137355,46.80467333583992,55.443334869712345,0
2891,71.41257140087463,5.249956842967758,54.91005493060795,17.95517949119676,0
2892,48.694335201928,6.589925254643564,47.84614195659808,29.20838183095508,0
2893,77.68207216631737,3.2087200228822335,43.34675458489687,37.732392033498556,0
2894,72.15396505456287,3.481033337835366,46.14500493590636,46.726128910898424,0
2895,75.0826863967459,2.0968550604292906,48.2576690431901,10.047331092003837,0
2896,109.26237706436326,4.176261587354335,54.970013941844236,39.718756760581655,0
2897,49.158870605014116,6.995648516568225,49.78866000782603,47.923950394157345,0
2898,87.24696649761108,4.819119217289796,49.06925890517176,49.94518116028477,0
2899,67.12552480599645,2.989812656517821,43.756682876186865,33.02670341502541,0
2900,72.87328904403009,4.2714818831374295,53.92741294914788,36.99164713044968,0
2901,69.54487754698758,2.7682074447640654,46.74023922988307,33.83851871107372,0
2902,65.75763666601956,3.3122208474032573,49.49986070529332,36.07325346473915,0
2903,64.30167071761241,5.58322836539557,57.40091538440932,29.68173449271565,0
2904,73.29508735573009,3.239190010540957,52.54381665524652,31.10747837529082,0
2905,54.82826303328321,6.668951457804953,41.85872976142413,44.343769220283676,0
2906,77.50579167521765,4.893319563754496,41.15244881823764,41.316153732727415,0
2907,65.83805595114745,5.128392055916788,49.67844774940377,44.91586507590473,0
2908,58.69930660959642,4.582440548588159,43.936296925625975,42.14014389700837,0
2909,65.49987142004187,6.159271757815585,53.242733738164986,47.04338601147596,0
2910,82.57149216862572,6.174739831665516,50.211315324824895,48.782139981549946,0
2911,64.64664912983777,5.502581527868257,50.82692384511932,22.58283380133896,0
2912,73.5845361820962,5.847183658861472,46.46628409178823,31.456903495856373,1
2913,62.69043724284526,4.681865495119362,58.70691827643353,37.68624042509961,0
2914,77.57921849923619,5.813304510363572,64.2129686400523,39.77322474512659,0
2915,76.85507738790204,4.49318333678929,48.60707638121642,33.29909426181966,0
2916,88.48608833296412,5.003347433243603,51.76519624207501,49.12023670988306,0
2917,68.24436054500785,4.588034375950554,50.48708671532156,59.799483682905986,0
2918,76.68654804757907,4.314172191021206,48.70156568279466,41.86161955581734,0
2919,70.98067539538944,3.966332303417315,45.839647661336016,40.84341032198211,0
2920,82.95871781863015,5.701535155788328,44.57516006259762,48.49456255104331,0
2921,62.8116761239127,6.965908869220195,44.32201367237238,21.34160244796564,0
2922,77.45005312877281,6.75665295750434,52.026200127745724,40.2846894043841,0
2923,68.05302703883318,3.115151996081847,47.401627608981826,49.79035825467517,0
2924,69.35811822891502,6.93380457711031,37.108535749297346,33.568460027988884,0
2925,70.91752484448372,4.522762247573107,52.224291102991614,27.734394200980347,0
2926,72.52240396426677,5.901099522718387,49.80869358767922,38.141943899002214,0
2927,68.83770956878041,3.640677001929183,56.73336500700573,39.3931456679808,0
2928,72.14713183170527,5.212969870811008,51.86561198545505,30.913477180845415,0
2929,85.78118057562185,5.470584774345361,42.606632018448515,60.96161276050951,0
2930,79.85449685615218,2.7730928121205207,38.85161679635009,35.213036189920544,0
2931,78.69154592496896,5.912400749516284,46.40263807831031,28.46340648573431,0
2932,65.44460473976129,7.018902511757473,46.87446289653174,39.06378680929389,1
2933,61.10759171771676,4.738028081477558,54.71579600500083,49.07860637704491,0
2934,79.55300558237752,7.040252196242019,49.95564533855213,40.17414248998231,0
2935,78.76046792529795,4.715459759821389,55.668442490492545,44.85593920044002,0
2936,84.72670675750982,6.274376796569926,43.375834721486825,31.284894056668428,0
2937,63.9601937403077,1.6721450510733504,54.82632192190224,54.876884464035136,0
2938,67.70451344639653,8.628166668970195,53.6049457671546,45.61711027918443,0
2939,53.605158374745656,7.243187367864436,39.90882944284402,50.4770156887761,0
2940,66.07528893939127,4.573061743619482,56.61308920630386,43.6516063247517,0
2941,79.96570510579447,2.041866460034273,50.467292458831764,48.24884037728784,0
2942,65.33504620771802,5.432042552458234,51.96022251934253,31.269474403227726,0
2943,76.40479795200824,2.834111679389365,45.675519437857886,35.085895833104374,0
2944,68.09496894002189,5.667280306336232,56.37623506460986,53.4648059555603,0
2945,73.2405702822156,5.617348578746423,44.07073835380565,55.59741947283964,0
2946,58.523086101843326,3.587895246496963,54.16046009186973,28.529344002809232,0
2947,70.852094496339,6.6814505354215665,54.10303737954336,42.497360678638124,0
2948,40.08864029099277,6.20836205420926,45.12916285913889,35.690561995147725,1
2949,68.13103841838016,6.463735005932845,59.916867997112874,33.02968530635138,0
2950,53.6952675628486,5.013286555503343,51.1576424010876,42.8483969535545,0
2951,82.05994516546816,2.87671389962944,53.26946305135512,51.40962932365408,1
2952,77.77407352764511,6.466808408316706,42.36439602332122,44.51662473284194,0
2953,74.66670981966081,4.594442901296313,60.58865001504282,36.80487550080965,1
2954,85.2100622715938,2.9153297852109965,43.87721529887455,45.1486117993516,0
2955,60.51083479175163,7.028059048961489,55.12443216382965,36.40023826419099,0
2956,87.47363197915558,8.149111280753765,45.02614141034152,44.12114300730602,0
2957,79.32191564260384,4.938127806531195,46.905055985761585,53.96465700455733,0
2958,67.63444712781055,8.238681731904938,53.943770219427236,19.228403406991724,1
2959,81.35620147182944,5.136972092917024,55.13776356837579,47.97252298540033,0
2960,58.93706487588366,4.429316143750473,43.64357875442949,24.609450784295316,0
2961,61.75485838472326,4.0543123187217835,55.45236084528497,52.28327710544461,0
2962,63.914102767603,7.455623611989114,55.22490247566597,33.6297439012714,0
2963,64.71022291935985,3.8297841779183424,45.31023295577554,27.82328622393516,0
2964,59.43442357239747,6.102903964962481,57.99323796795555,46.952692270887475,0
2965,82.23083067095325,4.161254247411188,42.71571185875981,43.64170063142411,0
2966,67.41145599630168,4.309539856138455,46.876137086111925,30.00813097038342,0
2967,73.5250496835688,6.5453745409543505,52.39501312045994,27.470002428316064,0
2968,64.2964863358632,4.429944730565969,45.73216857648697,38.12518512508718,0
2969,51.79396699451483,4.39280693086956,51.31909542839671,27.959130498288033,0
2970,72.70057358391422,6.699207045762211,51.20538039401647,29.385270270763723,1
2971,50.87745024580223,7.396095939832435,49.064628650386396,41.156207904214334,0
2972,69.31365953914532,5.96703470492635,54.1620026929528,30.341283657449033,0
2973,56.3168496116719,4.0178453365640765,48.8581960367118,44.265392900265425,0
2974,89.87275999230808,4.234087251053631,51.15770534406903,54.90143595883477,1
2975,79.11362722174722,5.119872895610056,55.732359387439516,38.51444585099418,0
2976,71.0575379127148,5.481395092888486,53.953431050129204,41.30151061985585,0
2977,82.63706677654669,3.518201134790342,53.930086454071045,60.18096732835487,1
2978,61.536840225342644,6.0845569093697955,44.2541019889161,28.12398882622653,0
2979,75.43479378670094,5.128269994459399,52.62396287750661,51.912351951807416,0
2980,71.99810433718713,2.426437522042806,45.607506045152476,50.708575979124824,0
2981,72.6402008133367,3.6066102763089045,43.59292510110987,48.54317339173783,0
2982,82.72353500106767,4.243806989522504,49.64146826857516,52.91747850732631,0
2983,77.32492102779803,4.890713466738418,45.478524066742054,42.80574965958619,0
2984,72.88723662825024,7.833918193255994,53.95308859419988,34.17070504400733,0
2985,53.45112563771704,5.357256959209442,54.07267729847662,50.94573291220567,0
2986,60.399537047205364,3.7388421651520627,40.48686881784279,51.32842211712895,1
2987,68.77291066404275,5.3309462064607445,45.85848730211555,51.05313901493288,0
2988,70.93372374276652,4.471868378819178,42.701066640410005,40.445020823192365,0
2989,58.69796275326076,5.487137359300313,47.686853617035545,32.83805486386673,1
2990,94.11676675578421,5.870851530553422,52.27587834934412,41.91362254111611,0
2991,85.16394055253573,6.8138459708359065,48.78855950910806,49.42230017567836,0
2992,76.02118320392483,4.963570256494961,47.051203796664325,50.243517898599656,0
2993,70.72036861283745,7.45844079139975,56.5008826340657,35.70323872925405,0
2994,67.87791030098849,6.362033993804287,38.47571413701856,43.1537289612739,0
2995,60.48081539977764,3.938840682781718,56.18435946759112,26.91221695514044,0
2996,70.77480518518863,8.314783498622695,47.27855853422257,49.84950103005851,0
2997,72.57752540142751,5.490491769905146,49.60945494943605,32.16691243274936,0
2998,57.58239424518376,3.7473132440416475,47.36318331139946,47.85255359571548,0
2999,73.34176417244898,7.479369576845633,57.714440527695594,28.506954226098383,0
3000,68.44740951175251,8.116666377797667,43.8451075159737,50.314159064340075,0
3001,50.921924421226095,4.95046210442066,50.05868184860968,43.2183519002277,0
3002,61.39614989220498,4.244524609436605,52.637193259299984,32.18642304383054,0
3003,65.86394466578356,4.741437563819507,41.94498616057416,46.91356381080525,1
3004,88.8768765734019,6.07209759127655,45.400509147769235,34.09638308194669,1
3005,75.56553124533758,6.916784982545771,49.259107332508854,47.495550374451284,0
3006,56.64518430900109,5.85573099629536,45.56667482657812,37.25888524619278,1
3007,74.86036289417638,5.152584812707655,45.92204114390425,22.78952874370337,1
3008,54.52696011061634,7.2470176554566414,48.25068668461781,30.17583759519063,0
3009,80.82691053887073,4.530745290422717,53.24790665823087,35.695852913127155,0
3010,65.28875348182122,6.54637900755036,48.286411115609276,53.681890237485774,1
3011,69.06363811260829,4.567905802473082,55.39213097236473,49.01143630529225,0
3012,83.2579664754219,5.6465344370163395,45.01121108670323,56.238614123221424,0
3013,57.1283643141575,4.829656152814323,43.74038869763274,56.53635216029858,0
3014,56.02881814887009,4.916221726020784,59.63172702860567,34.65249195409085,0
3015,64.16400673653995,4.433920223806685,46.71020936167244,38.115131402411706,0
3016,80.38378851019317,7.017281046771042,43.4454399646392,35.88720075669462,0
3017,54.806539245231576,3.900610942837197,41.28973029114085,33.284893946989236,0
3018,41.67844401889431,3.889651621176937,55.37551726904469,21.585052906635415,0
3019,65.48841141591001,8.181490348767664,48.2934774266997,39.85252281983158,1
3020,75.51740799910921,6.466771346981497,48.73145132466801,27.144344062888894,0
3021,82.00261749738829,1.4223294519604455,49.2039914420668,39.65828118465673,0
3022,65.36838637914602,4.152111891184394,55.0647144233489,61.15770809562984,0
3023,65.88573392883998,2.282015993656919,49.1023508301204,34.906549036692915,0
3024,81.53900734255747,3.5739639598771173,61.72026889416313,41.94774005628067,1
3025,51.3025830030458,0.29222800064894017,50.66880287027114,49.06648385809283,0
3026,66.1147922481699,4.794515633459087,55.30892383479161,42.80291291965907,0
3027,71.90423889925057,3.2870872712580326,54.02619928952203,42.92484187942296,0
3028,74.49218721285034,5.089857885194657,49.817763398709815,36.3759756631192,0
3029,64.90193306809117,2.5623181116762126,47.06514506989768,37.68122024938767,0
3030,70.34441011705842,5.12436777975806,51.659819642832765,30.39989477812172,0
3031,45.1167264658701,4.377625582819509,52.550493656036366,48.46045008889408,0
3032,63.41751587666152,7.252929447782893,47.137069759367364,22.58508343385904,0
3033,74.53508712554468,7.1170352926184375,50.831694329753276,49.71088338382202,1
3034,60.177059657453206,6.1780184045154245,56.18102489129798,25.963016152547574,0
3035,70.58984221589597,4.510079329008181,60.34973869534839,49.626072740766524,0
3036,74.46872500802698,7.97807059289044,54.27184660174711,36.46182473787819,0
3037,66.57450799142235,2.670447083240269,59.31379843190141,27.6813131186692,0
3038,71.70463770996571,2.894662055654506,46.85312894396772,45.79298645079636,0
3039,60.372674347153875,4.874325350166403,53.50941126029647,49.28767535075775,1
3040,67.93388720303953,8.38105716338168,56.69259754290636,35.61921351896463,0
3041,76.10216169589222,4.696491639694869,45.51833333514002,47.20610548678933,0
3042,71.56972960968434,4.725132135186077,47.57204943977496,17.149155053306497,0
3043,64.13468730436064,2.8371344658322863,58.68952380917625,26.794037102534,0
3044,72.24216404290793,6.418894377905568,45.124505721065304,52.924089304687286,0
3045,77.14609790636618,6.429764381494031,43.294349836721445,37.76330725802084,0
3046,49.50058721422522,6.183612802099865,57.639907868197554,21.377866735511525,0
3047,81.59074064955898,4.056168990728956,55.98381612490219,33.011338195580066,0
3048,66.63745261318928,3.9399398474404914,52.160601219918846,30.765995274749194,0
3049,74.2548993324023,3.060316624392544,49.77144622677086,38.340382685270754,0
3050,81.97246923645228,5.125808752641401,47.80737747197509,36.292490161923524,0
3051,56.28326302769534,3.3793890060822473,51.40974436904526,41.78931728938161,0
3052,62.90558997572453,3.233875242126067,57.89903478700775,39.305339483874256,0
3053,67.11451304124296,4.364463924633986,51.19283063071038,53.59739255037019,0
3054,62.16246478875571,4.266265737223676,60.83479633623483,44.24548599719669,0
3055,87.34936575836808,4.193032206767067,45.51029007179885,44.57671611193586,0
3056,61.432279061732075,5.699666895260392,49.901596228358656,51.651571238945216,0
3057,64.44453220513134,5.1185717032254185,48.134706661680426,36.11231249570418,0
3058,72.04389031602977,4.567765954233323,44.57429228418834,27.381225566415146,0
3059,57.97850473923911,5.274519392467223,49.23458133495172,52.06970324632249,0
3060,66.04319288243737,3.5127094383430517,52.086646508302195,41.358417481081126,1
3061,73.17453261250175,5.157917935864517,52.62115089976015,41.39351207898928,0
3062,66.67139595617489,5.2259037392669505,60.85226089472278,33.66670078469764,1
3063,69.06613141100051,2.745429710963779,52.3223373486178,33.831446668964226,0
3064,64.70667887551629,6.493540631555543,55.75068401839808,48.46722338770844,0
3065,54.85529690819233,3.6778494421595065,50.33047123149488,49.8465579813761,0
3066,73.21593211339238,5.135464698809653,58.390278002262974,47.838234057466586,0
3067,87.54933071647241,6.746617610802906,61.992246427940344,47.92961605445475,0
3068,70.18401630783438,6.388515136570804,52.65542565487975,45.69029537259759,0
3069,72.25264117247549,5.051500082853253,45.036704922742096,41.315227300781565,0
3070,76.9272275511686,4.456251495676897,47.25597488611416,38.246203156790195,0
3071,57.30669503453301,6.421267862863351,51.40967151602581,52.10323849941553,1
3072,87.02514658129606,6.01204246671293,52.282490176253226,36.26279129509567,0
3073,72.02328796422802,4.072452469933805,53.49212567192186,43.69979213880747,0
3074,86.3185689908911,3.8076595294974647,52.3009884061502,31.959870020457537,1
3075,62.66967004476011,1.891467227456003,50.0349245812797,33.4070096314955,0
3076,88.18061922557825,5.231047762525381,46.81900779398936,37.63845432142774,0
3077,77.75155494034783,4.875953382472402,52.00569130632115,31.960616232728363,0
3078,75.53040085852358,6.7042870619638135,59.274936787403284,47.978518254783005,0
3079,72.34024454353148,5.53858264022055,55.099643027138775,26.519657484549704,0
3080,67.5147138192555,7.0013437912590355,52.67351974818099,40.99229623381073,0
3081,82.00531658473872,3.9539536581257435,55.14783461911375,41.325080968421815,0
3082,71.40359869848047,6.707225496451428,48.14467985549574,21.89200421680319,1
3083,50.32930296412847,4.206625431343017,47.4586742695834,35.589761794763916,0
3084,58.82813538292997,6.166394092688408,46.26107447817009,42.556995380481425,0
3085,68.14154247807252,2.81186241120396,49.37356688615281,44.28727993294068,0
3086,73.09998983165555,5.352702949049283,47.889970516454596,37.95692791399834,0
3087,69.43411511100105,2.022968087831135,56.041373703260696,46.76888204480716,0
3088,82.18970789793663,4.599293771087368,47.623382911589054,38.906837427639594,0
3089,50.48898135961375,5.66053099081687,45.98639141887542,40.136529120750566,0
3090,71.4358793650516,4.218547173153357,59.71288589415316,42.516538689865534,0
3091,51.82020774612845,3.4243435568660487,47.743123844593285,49.269996287341684,1
3092,77.59712295484168,6.2691777039439005,50.76764228625176,33.24281997584468,0
3093,69.05541285557997,4.8448058152296145,52.25661412371706,35.13178127481702,0
3094,74.19609972024118,4.265644029453993,44.31653440539593,33.31103508270785,1
3095,61.36117039410234,5.062843881731415,56.17741884751535,36.67802283858067,0
3096,82.7946493165775,8.955003712918383,53.185595202056135,54.26234258079765,0
3097,80.41724664058852,6.7302542746723155,57.79192005940391,45.727253193298225,0
3098,75.83544303011888,6.743860502281761,46.603890313909496,28.68910254831158,0
3099,68.7048275313656,5.653319478488546,50.4956289623808,33.995530344113256,0
3100,75.79857285295132,5.2497279088657205,50.19677877497098,43.72767224276402,0
3101,62.93107432012651,1.4058765675043756,51.31944247175011,30.934922190672296,0
3102,78.55555659020712,3.981529480305302,42.726926257114194,32.74659959185243,0
3103,86.4948089432392,4.279138380196288,50.55418189346111,53.44959666174149,0
3104,80.70610559979187,2.1876619039287,42.86768044288127,33.86624371526813,0
3105,62.70397530192591,3.2638763146768497,51.79167035598461,49.54666816029387,0
3106,73.61417317273103,2.028745293616049,39.3567543774074,52.55323189530938,0
3107,57.06858456241352,4.942514246453941,40.74206582854707,32.66537908831036,0
3108,75.72390311175675,6.228148956273224,54.092743582199994,31.100374434428588,1
3109,74.50603412862539,6.6601617779364926,47.26580772402609,37.23867913518835,0
3110,51.30183660467836,5.6221766931188615,45.0607096318388,29.11372279326375,0
3111,58.38216156087636,3.5549054882021465,56.35422810537774,41.210338785027425,0
3112,67.16861103256232,2.1019022622200607,51.638131086642076,37.94348088146614,0
3113,66.99140252859173,2.364696950897747,54.36045097766892,43.60580015886302,0
3114,57.90523064581195,3.0965261341182524,49.16878963839585,53.96943456232821,0
3115,73.88978729352183,3.666710452946488,63.39814346950001,48.17484980770319,0
3116,72.51473608940512,4.76037725301262,46.97743069720102,44.892397754123564,0
3117,68.0573086802148,3.4787536728095474,58.72247774679944,20.33951587032082,1
3118,62.44208499841637,5.508463840502392,49.69316979950044,44.43375982102375,0
3119,80.48707126416564,4.65158974580079,41.727448025436274,57.22627660704549,0
3120,86.55407113088296,5.0158185676115385,52.414243728740544,9.894774836864833,0
3121,65.16438516153463,6.710375829006807,51.57381280727582,46.893825429756255,0
3122,63.878330828451794,3.2296523986994448,44.74339092880385,38.406414252435354,0
3123,74.91207665411996,5.628056867438552,45.38890361432642,31.502049969770553,0
3124,66.41970620253014,4.9790401572858904,49.87651178457504,48.01128583911954,0
3125,68.60602799336766,4.499770578545457,51.74873907623991,57.09705900607331,0
3126,77.39653151724671,6.32788448129894,37.646683585603,47.75230728837754,0
3127,50.906439124927076,6.318521231835511,55.265607262619014,36.28808048738473,0
3128,83.1830232485267,3.5802638060173577,47.527510130925116,30.565301755918437,0
3129,70.72680524329341,4.726759124213114,43.34126257800912,41.44627633789544,0
3130,65.8850685543782,5.421817523876098,54.705332757259654,48.731692923815885,1
3131,69.1076584577855,4.590489877966124,49.88191010290772,36.129469737662724,0
3132,69.62429355020518,5.877531998431698,56.08082888391127,37.096170083492034,0
3133,52.68798696555075,5.421788026865413,52.189761314898774,68.22000249838399,0
3134,84.94938227453235,7.748841860534019,49.99242748525977,50.78651945959726,0
3135,70.41325632270619,2.7045812961053186,49.23635027509922,51.50128678393632,0
3136,74.43002130447375,4.816346015378904,52.413563802780686,25.39714093941188,0
3137,79.51549770574043,3.637246232731713,47.93234370595335,32.928113207065394,0
3138,59.788375424396996,5.9061611831585665,45.7371370562675,40.74681639454239,0
3139,74.73471899035229,2.5742421649316833,53.04954561327322,29.988624421148504,1
3140,67.32358909101207,5.51946906533733,49.277560792777855,56.00397298889294,0
3141,78.46770775216494,4.054927352977488,50.16783824034503,54.10312306590645,0
3142,48.727725796485046,3.898757200818479,55.44689918077304,34.66454662615946,0
3143,69.00905699758731,2.8302526946889692,49.4306169613213,57.839186066074845,0
3144,63.97179344216038,4.302386080698491,50.07516962770895,39.95747903280058,0
3145,74.32262950634156,6.626750795436388,47.00175244274534,65.89389717389048,0
3146,74.70044187368202,4.962216974705781,52.15369966990925,41.446861305250366,0
3147,62.92374105177974,5.941520626811712,51.74913956340044,45.76192750328422,0
3148,62.87826135823956,7.496962732949413,54.50387565895279,53.99903441169558,0
3149,68.89334631442671,5.395633377233864,47.10435581496562,52.77633349807809,0
3150,61.033577726847916,4.161800641906489,47.71091515204907,45.10732066135893,0
3151,78.41983695452127,5.700878322774185,53.96068699572734,38.58859680556164,0
3152,66.30792799552555,4.183555780528562,51.261065016814314,45.141326999931195,0
3153,40.930117806783585,4.243365975054246,45.468909369036524,31.838158281238847,0
3154,66.25177943378193,2.7201608005715228,56.532770338672506,41.521337188641155,0
3155,59.61456179156028,6.3893862366265886,41.50774715799874,28.90692467502005,0
3156,53.687241845390545,4.420996136525841,53.92142376631876,22.191183599196986,0
3157,57.62573361777427,5.273147368723793,43.67393982000902,40.50426764139443,0
3158,71.0940847183297,3.4460571070900405,59.42894258242764,52.622778906716725,0
3159,83.28640828248231,5.653921444573209,42.27700136547188,49.25804641596059,1
3160,73.1318447386498,3.8570881427973744,55.76125325936374,39.180877042743916,0
3161,63.934966117842606,4.7874369174472635,49.59182819994378,57.469896981754964,0
3162,74.55904195170703,6.316739046858689,48.16698715080628,34.309386091534265,0
3163,65.40909689781009,6.186138968348794,50.92698328233881,20.821673382019767,0
3164,63.05399630836855,4.9669548912245896,53.15950169578907,18.17898705799038,0
3165,58.456373317670156,2.3478034509399226,45.47799748834565,28.18809059404283,0
3166,52.48171193248281,9.489215855090961,45.92106137415714,48.166247432622285,0
3167,66.10076293440555,7.618788455409704,53.24802432556443,33.65197316532614,0
3168,71.58053489920133,6.0840122373324474,41.463285231751996,44.60958641857302,0
3169,69.0337632998511,3.870194327613544,47.07885453403957,56.462833835839774,1
3170,65.84033072052641,4.829611757447053,65.2034347707972,28.999030374221938,0
3171,60.542539393032186,4.184869355335224,45.1599351770536,44.7849973179589,0
3172,76.08246191684968,6.8957839086445825,55.739013958798765,45.38963072655722,0
3173,56.82868080053415,5.393754336277751,47.07024615643094,31.39262011526897,1
3174,77.76027913843475,3.823754212460251,52.54522572398572,53.54210925245083,0
3175,59.97782981073275,4.293867351312827,53.27177845298109,37.12292944450523,0
3176,62.47564762646965,6.6817822138548575,55.64478367591474,36.162470190869904,0
3177,55.33214809384323,7.400146770230718,48.998730865936125,61.116132184179726,0
3178,64.98597853114363,7.292497345229368,59.94442319377427,45.227667423667185,0
3179,79.75312458477978,6.135548097580966,47.0533171770741,49.25290549685498,0
3180,75.15628088443957,4.621062696796045,51.1711020679978,53.54892931521839,0
3181,79.78422112028035,0.13772926200631908,51.22638466108804,33.49526000540783,0
3182,75.22142545933936,5.4457400357123324,44.39015940025293,52.49821097053679,0
3183,58.96330171469631,4.99725686173385,48.570638725104395,34.9810588500233,0
3184,66.69210775672443,5.2099731444820305,50.807567496192036,34.553766106617026,0
3185,62.19800870882537,5.080846020549809,47.839394784352905,37.28000027691864,0
3186,83.3057490403904,3.0106067570762645,62.20461982728267,33.77935165055045,0
3187,58.03211353573688,5.836112835276778,45.806881632002344,48.22156432657163,0
3188,78.93697689389111,5.948324471047775,55.89712234070214,42.672106551450554,0
3189,78.9295387010877,6.023508173089489,54.282299065743935,35.087755853828874,0
3190,88.29620201716088,6.41986550536008,49.930689327478646,46.74505033154822,0
3191,65.90313407370503,5.906077467382435,45.673954730738764,37.24817562613654,0
3192,77.12322159580162,4.384955882691633,46.15872339804115,36.719296296353235,1
3193,92.81651836538842,4.893744728125864,47.41016350391745,40.486838849015435,0
3194,63.82358323066303,5.136687300880065,41.07129359026868,44.63460355666217,0
3195,54.6495975246764,5.161549173659928,44.982672871003544,43.8984764937742,0
3196,51.19989966092236,6.497326483957595,42.58761742318179,36.3675081774717,0
3197,77.12712028861331,5.965503129533737,56.729375015888586,48.47111207439402,0
3198,51.168497919414165,8.11601515935493,53.09231196194109,37.776058489203436,0
3199,66.27680947062078,8.309703469827008,53.929870494327304,33.45015511391281,0
3200,74.37313187038961,5.1194743739208874,52.94415975770974,25.319783512326488,0
3201,71.85175536829914,-0.7549833226890543,50.83483811667082,49.83178480999021,0
3202,74.25444864184172,6.8552486991909,57.30340166064568,40.12390076194008,0
3203,72.22289855800854,4.1894354915194185,46.94618672134131,42.108723585105146,0
3204,82.78865813313394,3.79777411725349,50.53334827683523,50.45802915699515,0
3205,60.476836192612026,4.4023320875159495,53.73529413912062,35.225937684021844,0
3206,63.23004861541469,4.33003542977809,43.393953840719355,26.256007515258716,0
3207,62.27340554729176,5.918404715158089,65.48294448071275,40.69780702215218,0
3208,78.3019181186261,2.660846331310662,50.14282881388793,43.07961552080295,0
3209,79.00398588395063,3.383418881312598,50.70994725287797,37.37150933839627,1
3210,74.51225319318507,5.514737831296125,56.284390158374606,54.73737578076169,0
3211,81.83493666889927,5.934416045619962,54.57477666505112,15.138334322786434,0
3212,58.21959132623619,5.962312467404018,50.1903900969823,51.20056637899783,0
3213,86.67224111551137,3.8194455816000517,50.65064719049021,47.91153650364226,0
3214,85.23238621712258,3.53260152610064,42.47925734526011,44.56770777700459,0
3215,77.35621997245747,4.240047749318121,47.21767111075012,6.640984505309035,0
3216,87.8179890877106,5.359809128427088,52.5860510807948,52.83888783270268,0
3217,53.43376792322226,7.228216053908824,52.219464195214435,29.735658893641148,0
3218,64.75551863737348,1.9288442213438746,56.105828750020436,34.923080216166134,0
3219,62.64696539318048,4.66890686456245,49.39749470888338,38.29407335209931,0
3220,77.21479323757343,3.0009823384621943,43.063567432845666,44.07418034651975,0
3221,59.498592603978544,2.5216359839697655,55.28365215387839,46.3942804219255,0
3222,77.57495149337485,6.450434968017225,57.18044673091008,48.928405543192966,0
3223,83.70536143996713,5.816936861749008,54.49122286428115,48.15853510078516,0
3224,76.95202900084,5.674150273920893,49.18183164571254,42.52927204213126,0
3225,72.83751023661502,6.38153875959649,55.221930259382894,44.159226590575905,1
3226,60.121266590992505,4.280421654850796,67.14455239004107,29.092462841777536,0
3227,61.53149033874635,4.351043725499707,50.57576157220238,32.48973193180978,0
3228,82.49618905296667,8.278595925083861,43.44131653877437,48.95460223674832,0
3229,77.79349003905332,4.630143418610638,47.06857475223924,48.37209486728681,0
3230,69.60980480622456,6.102698169581137,53.12738000152025,47.23799416444421,0
3231,65.8209045423411,5.009572311444972,41.97597844550968,34.85583238343472,1
3232,49.74192126888623,2.2276122048823774,50.84701537456035,49.104921319436954,1
3233,59.291475813155614,1.9330564942980977,51.90168325157941,28.38755547519642,0
3234,89.11419087139723,4.131523670090143,57.67560869906326,50.77359809862273,0
3235,57.195444289975335,6.584151877504984,56.550974280271504,37.391291987541095,0
3236,71.8947982122108,6.182437484954006,54.32292395875886,56.841704063406326,0
3237,80.07443973195198,6.37111574633605,39.186604947427355,24.78557907934515,0
3238,57.450773319977074,3.519430731595527,54.60526564023962,57.634040459185215,0
3239,71.84710474781083,7.423808735183471,53.527566930301234,36.38535670836538,0
3240,79.37915537510655,3.5526600497204237,51.27972188539173,36.20520743988256,1
3241,70.12499321907251,5.319236598004953,41.34888936927257,41.94838818985597,0
3242,98.68403055666768,4.984471565138395,46.116130454064695,33.02921087199303,0
3243,53.31400741121804,4.73918926952812,44.16588615232967,39.27670998697693,0
3244,80.5872852988388,7.00788820744341,39.92495780246455,32.62373734729145,0
3245,68.27198262603535,3.942334219751059,49.98542424292603,32.98936469020813,0
3246,77.71920154836675,2.975592116432108,46.010889392786105,44.868859503005716,0
3247,74.41307151699246,5.029993229309629,63.12652790134456,30.98434504696484,0
3248,62.668438028900034,4.40025989857021,49.15614030281045,32.318057649945175,0
3249,72.28996392459341,10.06607437862397,56.4687657793298,26.27208750253591,0
3250,51.42098548601713,6.014761214659963,42.15450487653388,34.96069320038661,0
3251,76.03247500571393,4.385989137172063,47.34955206997565,53.11602029723922,0
3252,72.98158465990525,3.41583264621937,50.484489380171574,31.540663598970315,0
3253,76.38660168643102,2.179567384146823,45.459230256961646,32.683667348127585,0
3254,80.5811832508715,3.4621713713938504,47.88899657597628,41.93921946481535,0
3255,73.67619840209711,5.172412657638698,48.91024546878231,36.292035662004736,1
3256,71.48089419798276,7.140992977392154,48.83046007277553,62.2815443334965,0
3257,61.18931663338708,6.682533713581878,59.27559286517673,38.374720353237436,0
3258,62.87779236350949,5.343642247469569,51.89113142715755,43.35218346217372,0
3259,81.86734620177332,4.515248501446273,52.397552814706515,49.43768784799322,0
3260,84.36335405705978,5.403218534618231,52.698273871725355,49.24577865862851,0
3261,67.61889563687946,4.222043003773136,53.06313188668556,42.33287581557379,0
3262,70.46002747253274,7.577545993645813,49.58556508062567,38.388725133139985,0
3263,60.95385625006234,4.71621472808738,48.39626814260577,60.240285363792566,0
3264,81.72756845267445,4.87049321262991,50.834080297591385,39.002397246857335,0
3265,76.65416823691778,1.676266362468998,55.78401974456736,35.583098955715194,0
3266,89.4121743646375,4.706847730215854,55.63119094218192,33.541510117059815,0
3267,61.21676922820261,6.254726206947412,48.79800762155794,22.73196797293244,0
3268,66.21992100981782,3.398416134442182,53.83921847334056,48.21615752237163,1
3269,72.31445922525572,3.873919498260781,49.02707668480166,16.519316028991735,0
3270,76.4648953772577,6.189066526600497,50.16935274717622,39.94277159095079,0
3271,67.84332362452368,2.78501416472292,47.63238309222901,37.95139365728615,0
3272,61.270389095462995,6.586701511312878,49.09177430546883,62.399651922314476,0
3273,78.81407528923572,4.201784164740347,56.7066503477484,21.683487712863737,0
3274,77.21135362545581,4.417147669263196,50.46210573669618,30.988967130156432,0
3275,60.83725899436275,3.3141823923116087,50.67641254276159,38.63903541318351,0
3276,83.55442801105495,5.567069390641825,42.76391110371021,38.02470662530832,0
3277,81.70198709196603,8.68980797754407,48.45378046183635,34.50455409189955,0
3278,71.34296497247793,6.172245859190948,48.79342548127636,39.190120905978326,0
3279,70.79597862376036,3.7035721070891965,45.85428257278298,27.404372711302585,0
3280,75.54057771115907,6.703430878237214,50.108327058517816,43.57192878994939,0
3281,61.38296929743742,4.524980681098626,47.854088548861725,16.785146579224218,1
3282,70.30031479164082,7.061727472141339,50.39997927621791,39.74230644122743,0
3283,48.4761645539082,6.210014603246544,50.60751504909467,33.996433057364264,0
3284,78.76455645502935,0.5852876517924006,45.22122821088678,50.16287942756635,0
3285,54.385067775581405,3.493880550567459,48.00649108758405,57.553110706333044,0
3286,85.03419828428999,6.416577834253085,50.386871413804165,36.68947831249642,0
3287,66.6987990603355,5.227485908217527,55.92149715578363,53.907259291414306,1
3288,67.88333018068823,3.464366078438224,51.283595863978704,36.838837193695895,0
3289,63.72266093915494,4.049615726759281,46.69032410041286,30.3387347687091,0
3290,67.11961126077924,2.140645069865929,51.995023796219265,57.459036321856196,0
3291,84.18531345148037,4.867440068710406,58.537744446608805,45.20776444734007,0
3292,45.1219134346492,8.316034589023646,54.58353236294509,40.04438522609814,0
3293,82.76965386088187,6.207400086098488,52.7376326521781,46.87177475098648,0
3294,73.38023481101708,8.285625501782635,53.62795087741161,42.742150351301675,1
3295,57.929783521427844,6.32359563468497,57.19977020714315,39.30780592058482,0
3296,59.24687606950762,6.5412190150290375,55.3781339700883,26.735651726920036,0
3297,86.76393027208204,7.961118031617536,52.83380190558829,37.29463262838733,0
3298,60.54493120057269,5.5658948890133395,55.34321109795042,46.232554234584725,0
3299,58.46649489404041,4.719159017739679,44.5917445186797,38.772285743131896,0
3300,81.37314542364729,6.548986274933018,42.488673738298594,49.02325761130386,0
3301,73.38552876285914,7.1807603556828274,50.78549325321915,43.83655023866789,1
3302,60.620744234636014,4.280053035931687,50.343403548252695,31.21863681914593,0
3303,72.16624975404619,3.917646376489956,47.28044973243371,26.808280421678763,0
3304,59.742473163597225,5.208284048646321,54.12926334913855,38.428215000698316,0
3305,81.00821398422605,6.247248300397493,40.68568206774382,34.75771551895412,1
3306,80.61370964873133,6.197136572992342,47.32613871971098,43.36321809621686,0
3307,75.32006198821944,2.863748599718601,47.57522227561193,32.8186234123727,0
3308,73.61661061247017,7.867409100594982,41.8184910745027,33.84607674245123,0
3309,87.61188124867374,4.038252605904725,57.47365503634652,50.53069717594912,0
3310,69.99686327388225,4.602402504667131,43.20399365668339,41.48202968627898,0
3311,58.181258745791986,3.6460184600182703,47.05829971346157,32.972729345727075,0
3312,74.49473912832306,9.047493253905632,54.53989878902567,40.1764180873502,0
3313,90.86047049537115,5.363106005431951,53.23022671714366,53.78911243001683,0
3314,59.85240506814148,3.7235373789776527,44.459126517576266,42.93786688274723,0
3315,66.38537233306015,6.295885324943669,53.41244604630318,45.9295080942513,0
3316,74.16446038101452,6.15370366896505,51.448922393291106,32.477654634725575,0
3317,69.4609515099426,4.718409464630174,61.66517781055734,50.264193771346,0
3318,60.176964196226855,6.2609100691750745,52.019702080341524,63.18102260463802,0
3319,81.21857856230471,3.7620620587537035,49.29379089465734,32.08532357487147,0
3320,93.2004072201726,4.260622587576122,45.717490214402886,28.181060256280105,0
3321,71.96131459023907,1.9846750181509059,46.278783165222144,41.75542243835148,0
3322,60.95931710264,3.014073373670656,45.87115452265921,48.755050498444106,0
3323,54.51039474946525,7.711446208506029,56.85549406955961,39.08610327949739,0
3324,72.5797598122118,7.462142941583472,50.089849575082354,29.467936039573374,1
3325,81.03877343316258,5.098682972973444,52.82623561987365,38.9141583821961,1
3326,74.75167746495381,7.494397170784756,57.57123799990443,45.98092272777455,0
3327,69.97596159081147,4.759888270087543,38.20767928896267,35.92968173053941,0
3328,64.10728348210694,4.634884546148138,56.39436882350188,46.07255017754922,0
3329,59.0783636728191,5.084765972698334,50.27698455891667,51.6471078523991,0
3330,78.34751326324883,4.812617607014652,52.17524185820222,42.402306257704474,0
3331,79.13771621385585,4.677205514659729,45.85798389125874,39.72052228721707,0
3332,54.54270213309267,6.715097160724329,46.22437800775741,48.293439252262814,0
3333,85.89838978180684,5.225203480934304,52.44422944906494,31.438991725627695,0
3334,75.74071220894001,6.0687226466507065,61.92298900165735,30.452901663070776,0
3335,83.99594645145794,6.547070787915996,55.01656656407451,37.33427715071015,0
3336,56.57872251514885,5.5822786934821,56.3276146070927,35.081205451855325,0
3337,56.34175844584561,3.544593011137642,49.0399936486929,31.966580247095244,0
3338,68.51030690232703,2.970701166553942,46.998978877071856,58.30468474998774,0
3339,75.02784426895194,5.223170952210958,46.095975242105034,61.71993209494291,0
3340,87.96360822926964,4.743115542762598,47.55863137651656,36.46294957744418,0
3341,77.06078913815132,5.131087143380182,39.73608783414737,40.917189497483655,0
3342,67.57318723187967,4.97591894112712,46.37540328554199,38.12157179936209,0
3343,59.73630792334108,8.87536049024985,47.19823421970079,51.07499240118156,0
3344,82.3000057271915,3.004660616537993,49.12320912802579,53.05645561840047,1
3345,60.35294574249285,2.015080595268313,50.65875054873646,22.227362013103534,0
3346,86.28468554772321,5.498565250279414,51.81225434312805,44.76010800065626,0
3347,67.1561535039349,4.435366168117707,49.9253731377852,26.931786588388515,0
3348,85.9058207261785,5.474101804594927,47.09278456828621,57.58272157875278,0
3349,76.78931290059279,5.875824533426002,40.1832067836724,44.40248030210398,0
3350,68.63004510557542,6.926157042768346,47.12345695799103,31.766504616373638,0
3351,64.80603628173873,2.7391612694240925,45.13774681156497,37.58678612062147,0
3352,66.59092122653921,4.164923153214255,52.33033374139302,37.110227417338415,0
3353,74.28316692375238,5.6431418883211455,54.54643698346847,45.25112942885816,0
3354,70.77156496217717,6.15569539353084,54.6928553352997,50.41912604177478,0
3355,64.06188591931294,8.290174325432579,53.7847636806391,28.517927080282902,0
3356,68.34368589682367,6.4335559566708005,49.33237132273756,58.38754500912114,0
3357,70.7857702971915,4.9148171061705845,47.39022217262052,56.05690107820843,0
3358,48.71265905585188,3.6643463705860073,46.26448623166467,31.246764324089547,0
3359,74.58168114788698,4.153565220921471,42.46250541699125,40.728017943623094,0
3360,60.20278775283193,4.11094576556434,54.95926850253929,57.10808544114316,0
3361,58.46667596794255,5.982850442770641,49.12644481035013,52.32918586677483,0
3362,53.1265565288929,5.3854961683787455,43.76829853189563,36.63256969952104,0
3363,52.0610750213211,3.0145256437367314,45.867543121448826,48.14339814567873,0
3364,56.44552496887711,4.346147796364351,45.66513271783724,69.97198291719138,0
3365,62.9097904236951,6.316321330177131,50.215122425075634,41.05159981851212,0
3366,89.53259137526568,5.527493532461088,55.33733925535343,33.67351748559981,0
3367,64.74120324104796,5.852966924019156,48.260052252022085,41.724198520913994,0
3368,71.77750106268032,5.5743825650858945,38.73733242608175,42.46552095497318,0
3369,74.00481386506328,7.439646101913289,49.0540983242054,34.75463260999902,0
3370,71.3106518621585,5.354064595736555,49.21903049951402,44.41625067814217,1
3371,69.22556539274007,4.420965803193953,48.875398845322394,27.45598940272499,0
3372,58.04706236400755,3.626367438299659,46.86269416762149,33.34466132991321,0
3373,84.50927548279212,5.374414187314568,51.08719540362921,47.582447761547975,0
3374,88.07196643637886,1.3389439778373742,50.33070557574501,22.45129148457749,0
3375,53.17341305877314,4.723566497250932,49.87584842936676,49.031675919947766,0
3376,59.7597140911362,4.691240210117984,52.063206807214826,19.88018634294297,0
3377,67.20189657622994,2.9532937195740785,47.85083588426073,22.68675421123685,0
3378,60.35462205089809,3.607601242016006,47.56707165149673,35.010212569441144,0
3379,75.05965553455866,6.214486295222362,56.900616447927,42.868638428193506,1
3380,62.71727797593387,5.346067623612444,52.796777048577184,53.25263603127389,0
3381,91.65056067806603,5.152682500560991,54.134730304714,40.576227631595955,0
3382,81.90548594343596,5.459521300898034,56.130522926670345,37.5344639242401,0
3383,72.12574030632214,5.138941381923385,52.629720903124,45.79581247984804,0
3384,80.26986263319732,6.864293844287472,54.641943395680855,31.291011795320657,0
3385,81.05900424357309,5.185143772555473,42.1032741896487,41.394151593464066,0
3386,64.36052511941757,2.8126803292718745,51.020769359980136,28.0055374204464,0
3387,61.83782755458035,7.445194947311616,49.08640769092836,40.82590516875413,0
3388,70.78143062969647,5.555510400993269,58.38842045449905,38.701636741505965,0
3389,78.61636124497944,4.1161194038073985,54.6382276590165,31.95732078550583,1
3390,71.39060398653417,3.119897422557472,46.847774046034104,41.65040636537739,0
3391,54.23003517809003,5.593871331437068,51.86397079264603,41.58549653159643,0
3392,61.97175556049157,4.824241992538437,50.8384066672462,51.75454012339135,0
3393,69.26027136405622,7.361220179048614,52.27165716576114,23.943665969372123,0
3394,69.2433439567417,4.4811390789997585,44.90578765312674,39.23951092302958,0
3395,89.72542176789808,3.7439288154762997,51.800082326191124,32.39737600296521,0
3396,56.14012057601002,6.343694327353893,48.85924325355883,48.69762058176292,0
3397,75.05589241835875,6.387922839075247,51.412248820278,47.53912065192133,1
3398,84.8911310832829,5.252977051415293,46.37807417438915,45.07879845068621,0
3399,92.71449745422797,6.014535571512362,47.074684143017,32.96166741930537,0
3400,65.95602576816039,4.943469318886643,55.86921010183352,48.854705829400956,0
3401,74.914294527202,5.35079765151387,44.742262208299195,24.69869071256668,0
3402,75.69760357198646,6.747486323845885,45.11122799478976,22.646892964072286,0
3403,71.9548173155329,5.937977501032255,49.74209371392211,27.24129000098076,0
3404,69.01154798760695,4.7460883425010625,46.14054812407023,39.66525189673094,0
3405,74.35975389500047,7.028543818889226,45.574856838686,46.75164400988294,1
3406,44.677539147803145,1.4527169408127314,50.525379856041475,10.239675259904754,0
3407,76.82069490062631,8.078109967132903,42.47467071548148,53.22742831879786,0
3408,71.26177903661967,2.441061357663897,44.960188825431814,41.311121961784345,0
3409,67.77525103221734,4.059360762841556,60.27047791461822,24.32227652410225,0
3410,90.46862195719558,4.9386236972073965,52.29737529484505,41.009469702895814,0
3411,63.250659812094476,4.780278993907758,46.267183238650446,50.9252541467842,0
3412,65.9692401093497,6.509616560039833,52.09107539133099,45.99441015306259,0
3413,89.91553302204734,3.4132450720846483,52.836652384933146,50.99073062553966,0
3414,61.679386951501435,5.391150226224595,54.97207210045119,26.337533706028893,1
3415,64.4988471706346,4.132681852670369,49.364219852716346,35.85994764861596,0
3416,68.5297457656915,5.442711469006125,54.882488513864445,30.753077694764677,1
3417,78.4073448212955,4.902841610303185,39.80776737558914,57.17580205044318,0
3418,72.07802507353314,5.139403479024467,44.718459347621234,46.3936284348663,0
3419,57.07374652847737,4.175112751303482,50.81935700868228,68.47009588957641,0
3420,64.67831436872811,4.234904074855876,51.64816766403896,35.323904665827726,0
3421,63.92645566787789,5.430908771041141,45.44108856165679,32.75325788317695,0
3422,69.22778954776955,6.415573258634066,51.2970999563158,38.5717336140485,0
3423,74.25843658629829,4.102580998703228,46.8807987565637,53.78357221422549,0
3424,74.18205755887972,3.6968486831406353,48.61520452886417,36.33880310624653,1
3425,52.23988245951598,5.9201902485077555,55.123869003325055,41.244375979069446,0
3426,80.63940987560856,4.951244160413466,54.544687484442996,40.96690702886819,0
3427,72.52568845996623,6.245747200978927,45.01469836318369,40.394967612021894,0
3428,83.84532047593906,3.641304179943279,44.71374268989948,33.47601539537522,0
3429,74.44198327290673,2.330841611864854,47.944133022233416,38.62708932089633,0
3430,81.01322957735762,4.200493877260499,49.866268494135376,38.19897398648642,0
3431,74.66545311450128,3.850471086102476,46.7105075571263,39.924353403253505,1
3432,83.46225756202747,4.88181739987955,55.20321221399834,49.43516818152708,0
3433,75.22250636017779,4.0447321785944155,51.736949208542775,57.60628034624493,0
3434,69.02084753557097,6.111525427004674,52.03042554937215,31.595652373302933,1
3435,92.72434720446881,4.567774606366226,43.66730585527514,36.08006375212285,1
3436,78.89037122279892,5.225711748160851,55.8364535869189,31.749881015938136,1
3437,75.73744421004413,5.2364518376614155,35.89915588879654,41.87101537222273,0
3438,57.23695583461664,5.292432638618281,54.170277259246845,34.616505424890235,0
3439,57.11692382536462,4.96380633431754,54.671558688353855,42.39796833741989,0
3440,72.92715482141854,5.76590103561547,47.83799406361019,51.03626910444787,0
3441,71.45521197768241,3.8065172992612886,56.36455108623712,14.741683141953917,0
3442,63.858774349916835,7.099126889980825,49.68451223522827,44.91779889600691,0
3443,71.4098269961206,4.645193924947197,50.31215851663721,35.39812951102121,0
3444,85.88626928043595,3.0326762931519777,51.697643937021084,44.604222679843886,0
3445,76.95402474550299,5.282110035487659,65.93287455905528,31.035305622497994,0
3446,58.589914902472614,3.723229276328772,56.722169540415024,51.96260988306875,0
3447,68.88491172857056,5.998001801763312,53.50565600356459,49.13280618040284,0
3448,61.950335191474394,8.314408364063567,45.435977566994026,45.68352148542643,1
3449,66.12300083591438,3.820141862663225,50.71794912739746,47.93225717810098,0
3450,65.86384334370358,5.498558499835977,45.93437953076807,32.543795328278264,0
3451,65.22354417395995,2.3667416169430586,54.11055423641407,33.8037624531071,0
3452,57.44864628026605,5.680857844162021,50.702334878674286,47.52436200817479,0
3453,68.7234531848181,3.671429300300465,44.377391601930526,32.32270857231388,0
3454,64.3939236315269,4.062748072348277,50.405622917092515,54.45635046658087,1
3455,40.705513099977324,3.348070265240258,45.75291265141847,36.764089287189684,0
3456,90.52972024501663,6.098226839082104,50.75608110668774,45.01894389860622,0
3457,80.88769654216672,6.510956536209894,45.704613418173714,60.9924951925509,0
3458,66.23699275075003,5.035077821987762,50.13743816680407,32.937766459319235,0
3459,70.18819049740598,3.7033599419964203,53.75234930967547,40.68761750844783,0
3460,58.28345652682438,7.384284554155793,49.73474004037447,50.541831646373076,0
3461,86.95722877810866,3.8743848083680157,48.045558664138056,49.51277388876531,0
3462,88.97288694773111,1.756951550108842,51.016381105287316,36.72184689760642,0
3463,71.56693728246525,5.687583514935603,53.485913103964265,34.83269562478146,0
3464,80.23530644185345,3.342837989537725,44.4640836505912,37.66864067454948,0
3465,71.75286778933923,6.4829131902487624,51.30328077352601,54.47857766151364,0
3466,56.63274561124069,4.428293454989872,56.587704095087,37.208941436400536,0
3467,65.88176631036343,5.9055698608162945,52.86828481638358,40.78115692483465,0
3468,71.31927966771957,7.102250519828237,50.288770733336136,35.73213529076575,0
3469,65.45452281256556,3.186711703068917,53.19868753349447,47.05548564795987,0
3470,67.81346722564965,4.151094303661392,52.26248228051341,41.555250375836565,0
3471,69.08600442490885,4.886493391014405,53.76800554579907,29.96566189241771,0
3472,69.19121502134539,7.306326978551516,39.88034194508528,30.311758859650055,0
3473,70.52258490497483,4.0124259230893315,42.232719331683676,20.01394433444493,1
3474,59.39394933603399,4.1082444560764895,55.024145747416185,31.686785908743836,0
3475,62.82983850872064,5.717210863333713,42.4736041191928,47.939458036321724,0
3476,57.15415734300031,4.134156911434143,52.00769317859603,53.23760538012268,0
3477,79.778155496862,5.228788824346425,48.239751719838544,46.85558363217184,0
3478,48.943530581596754,2.67269386854781,45.019053772020015,45.54632200640681,0
3479,81.53590343316925,8.321494913834895,51.74824878573737,38.7347395047135,0
3480,83.86349397262843,2.978436154535895,51.00516751858285,47.74914554913987,0
3481,66.97819413017379,4.517370944014687,60.55171326048189,42.862782230818844,0
3482,43.96862912172701,4.951278446236858,46.87594397732055,58.04448971987125,0
3483,66.38689438032709,7.869032201535194,57.20055060034587,39.01554685823252,0
3484,69.35815838711181,3.01273132860089,51.76211457192157,53.43008083736131,0
3485,59.89401780071087,7.975556203218127,46.69489059228644,48.7411408181786,0
3486,64.84781606191757,6.135765231653034,53.996232287586224,47.35443286204159,0
3487,85.30195198863352,5.625642986634869,52.828692522269755,19.8850867453818,0
3488,76.64927162301741,3.523049469473067,50.17921647429024,49.29189561547711,0
3489,60.754358856219,5.856711863057111,51.33147678220312,38.724920210908465,0
3490,54.02400830404568,3.9147700663703002,47.01506484477234,35.56073505565108,0
3491,66.72982682390229,6.899991879797618,45.871064373727464,25.170869588220867,0
3492,67.86543220649561,3.5434069563384005,53.79721086911292,39.94412866031817,0
3493,74.96199187363317,4.830262258315874,48.88030287843363,40.33551596818243,0
3494,64.64683287432341,4.167090367980243,49.59958500875454,26.969980781851955,1
3495,75.11499575361862,3.518715556359508,51.399107979721386,25.26719827106308,0
3496,89.35154040060229,6.111979725361872,51.32644172391904,44.86619480128111,1
3497,78.15501022444262,5.8031881211144505,42.85336764512968,48.71705131061377,1
3498,69.51911492669227,6.813515298351495,56.43126043227429,41.90282909922422,0
3499,68.16849528946705,2.330187337687749,50.60591075950339,51.50834649684363,0
3500,66.43326865820129,6.596256053511565,48.986733685889256,39.136150156485016,0
3501,81.80640912452145,8.758173358035341,52.15423002584873,39.45648725599798,0
3502,63.72686554048697,4.322538366234579,51.18271096807432,30.829719712592095,0
3503,70.45222708999982,7.842722918163455,53.83531344744851,24.39758022446283,0
3504,70.51197901881085,4.60525809191026,52.6899183607547,58.54662133859585,0
3505,64.98215807188468,2.94138539365804,53.58923114498133,51.31299050249746,0
3506,56.27534452115899,4.541551336389807,56.75496952863758,26.074874328615216,0
3507,73.22974503617668,6.572305951512914,54.41812274485486,41.55751907831281,0
3508,69.38996028144616,3.742735276502703,49.19756889835719,38.999536888963334,0
3509,75.0024046943657,4.09949201149027,44.385494219615836,37.26007526836957,1
3510,64.66399693560834,5.890309148439786,58.338989665022574,35.9098215218506,0
3511,82.20821298813048,5.004590175107859,48.811383133264435,43.81269146967979,0
3512,61.23226218788155,5.876934428730111,47.63446293319739,48.181755254714744,0
3513,87.12040284017893,5.356744311137504,41.316365911177805,44.023911690282056,1
3514,52.52363490171739,5.71943797932736,51.69236552656056,38.794816256208065,0
3515,74.3477006455689,4.351548221285689,50.74443301976885,38.4277328310888,1
3516,74.75430682526624,5.347596413045589,42.4244253187526,49.36814316922667,0
3517,62.04442932059118,3.6089404914560994,52.266370210665876,44.63444938116062,0
3518,74.24393937861012,6.932650433755082,47.50904039649281,40.72689463035433,0
3519,82.7951866976016,4.048587924774029,63.45157503644347,39.640987023998925,0
3520,47.831811606459354,6.6932712313240845,47.15319403954566,43.45270509612289,0
3521,75.02744807490815,4.649589558525702,47.82403333901103,35.31651311440551,0
3522,45.06729179669922,5.302998516135982,45.626118878728164,48.215388173082104,0
3523,60.34335196476792,4.257553173663949,56.38938260520986,29.241414381621333,0
3524,86.29166364900945,3.4760068532479567,48.13612102767623,35.885434902335184,0
3525,64.18217966607946,2.382859418592048,46.37542923117252,46.11106095446024,0
3526,58.261200355910276,3.417013762111311,53.534775049602715,28.671171866457268,0
3527,68.02062271015318,4.514136720176118,43.09823532293407,24.269914573504998,0
3528,90.67906338163553,5.317818768243326,53.12555273124474,40.6307767542924,0
3529,51.68317752793974,6.515568969924895,58.90699858300429,23.035418455535293,0
3530,59.48690088360655,4.331363810304727,52.833039164175446,27.011964459481383,0
3531,84.97431683179626,3.677058853599239,53.18949158129963,47.56594118506432,0
3532,88.57702343537733,2.835927820995931,54.35030108453742,37.95214742394264,0
3533,68.96568775709716,5.720095426856156,58.54854014337759,52.85486949708985,1
3534,57.60947297473358,7.074791772994015,56.04946980009552,27.95185659062545,0
3535,90.95843501809159,6.899495401934433,52.19834861136512,39.06047634367716,0
3536,85.94442391749197,6.064899122220856,54.51945700318001,43.995845532077595,0
3537,76.78946987762232,5.957814975901399,45.570325372674446,28.29485069871091,0
3538,61.8759765106258,7.546435669564012,53.88146795373661,50.31761904499625,0
3539,69.50970659161963,5.498122192125216,44.97222014408126,45.10678883166039,0
3540,68.39639918955169,5.969194514036257,48.16488790684187,23.90712913312566,0
3541,73.30851304615578,4.518824207222002,34.58718912428381,39.62258203791399,0
3542,84.51001438131337,2.956934943717864,52.00714829683731,43.859567362586326,0
3543,78.79417041137403,3.9742266492506357,46.78063994445824,34.09943326471942,0
3544,59.226239230152416,4.986261442198017,55.55572607602231,25.201350944911862,0
3545,83.76496450019538,5.091178058751955,51.95096305302702,42.7845878944741,0
3546,73.13132140013155,7.8894287822830895,55.62047947350813,62.11242950282561,0
3547,76.87065795858916,5.121915751386603,44.58201727663731,36.13015900842309,0
3548,84.66540859278604,6.768265166038466,55.191930185798164,55.692411812847084,0
3549,58.88419750486449,4.347384137635526,60.52928172181663,32.477111782385315,0
3550,69.64174421293536,4.532486171352149,53.82079149965947,42.15545635009952,0
3551,64.68545448640785,3.0064885441648275,53.95174504346144,47.71522530876119,0
3552,54.32140574634544,3.8865079806851424,50.84798838197467,39.91586334028635,0
3553,73.4670997760492,5.79047208704563,47.37665609717318,37.02264351118769,0
3554,95.11556551584424,5.0113402705912,53.80596186350754,47.26127521350374,0
3555,51.59922255494247,6.414407929845851,42.46958544798966,58.91455115269221,1
3556,69.67719388950529,5.271880922517576,47.91122437539592,43.00586924639131,0
3557,76.40542935074774,4.471319402543387,41.14471598831409,34.839398234696525,0
3558,71.23078201656182,8.222445295680439,46.481718113424584,38.10248442740317,0
3559,68.86871947484259,4.859144646930429,53.21022545946781,65.19707645645374,0
3560,57.007836365541756,6.744501454557956,52.52696688110232,41.349071163381275,0
3561,72.32786742940164,4.398186190182983,50.25456847767737,34.05586301422027,0
3562,62.43236022984074,6.06439921907535,50.852004970310055,28.5493208351746,0
3563,48.100782950214466,6.3920234887275305,40.570676910678955,21.740989058873943,0
3564,81.94592220513731,5.312737955863371,48.137188597145425,43.6358427384619,0
3565,79.58385819842043,1.468275615955097,46.59324196782395,46.54641992824504,0
3566,70.5166097685108,5.027378691284169,46.7047015474273,36.03303820034793,0
3567,72.29074688205702,6.845690071639963,52.997893139068765,39.85029581969046,0
3568,80.74318012715561,5.791221249541596,45.697463367473446,28.295382907113762,0
3569,72.24339656778082,5.66875831284387,46.97659574936294,41.329284648275014,0
3570,79.04017554761315,2.4166145990637213,39.56465377145242,44.814953205671245,0
3571,67.0251779912615,3.919317393987412,48.52938409811915,34.64835732832362,0
3572,83.11983738573946,5.617036446727159,44.5608122614319,56.904526695858394,0
3573,73.20785725932684,5.615574915180338,50.39601464344822,31.62893673253088,0
3574,71.94051943605874,6.822000170199354,45.244459766287676,42.83476604018982,0
3575,57.29938911287968,4.782699867280859,50.52271122774608,48.48317219704606,0
3576,72.86955854301709,5.608736130010722,49.27657119628829,39.22710499850618,1
3577,61.68045082505549,5.02456136289694,58.360208865211604,38.11523181105508,0
3578,63.617172734715055,3.5195858952476646,52.48608990226597,25.711338495503377,0
3579,61.846243716838785,1.6163130033578788,40.80181063718848,53.57341495716284,0
3580,59.33765068100775,5.646514538195115,43.67555577948646,38.30106798332404,0
3581,91.24771403016962,5.260920812619217,50.27604004496167,45.37365424934825,0
3582,83.31339061988403,4.072737436849747,45.35076025803674,46.727204878601405,0
3583,89.20367502144262,2.5712404152262027,35.158157848820736,33.71701507982247,1
3584,57.77104980444436,5.944609271613107,56.747731569168714,38.024713957087855,0
3585,70.71253749910892,4.6011198887066715,53.60112008452704,53.34482350743504,0
3586,57.06492374795904,5.8353120835522185,52.60488436745886,28.82802334259555,0
3587,63.04305122802936,7.796072795617638,46.963384772645426,61.27918074757257,0
3588,60.81873016583425,1.7878536795204427,52.138383855049646,32.551272147237256,0
3589,82.39584006441561,3.950598786946454,46.47819837889559,28.204825433594884,0
3590,66.0377032189824,4.68593658003213,51.024286501088454,41.32309020688535,1
3591,80.68379333694017,7.182239261219976,45.39708387081761,62.08348264339871,0
3592,76.04120889588518,2.5453954711902727,57.58144225278007,20.89034064407795,0
3593,93.03638752104789,7.903791538520907,42.14881672959078,38.589842815103076,0
3594,55.20555776860276,5.203783852349436,56.161419147554156,44.76265017256556,1
3595,82.59233239786799,4.8559990073992125,50.19457914008665,40.33649958535531,0
3596,81.46440870400727,4.702910355171641,47.55266502329005,43.8192167000301,1
3597,60.26621161972965,4.3456054517299565,50.835014608478694,32.81966917827726,0
3598,80.0713333647316,6.572175138903733,53.6667400358909,34.002781540686186,0
3599,73.36144963026229,3.3972188688763416,56.83373368347198,38.515773528408005,0
3600,67.72523740046593,5.51812127246578,51.56571511566766,28.70111912097249,0
3601,61.760645130280004,4.4237275014395365,45.54651957368861,39.553135985598104,0
3602,62.80890548550814,3.856799827228853,50.278150618828946,36.112547063284985,0
3603,90.49812095785926,8.878962763525845,59.083966183311865,35.299548148451315,0
3604,70.00682818957483,5.62857610213019,56.73839042756312,43.205064125986375,0
3605,77.82130001531459,5.919898316991715,54.5438173906218,21.79340506800696,0
3606,62.09100618332447,6.706665171002993,53.97843510061193,37.70909896616846,1
3607,62.201470537783614,2.867975082022179,53.497250453032706,63.17353765614861,0
3608,80.81984809249943,7.628437863683048,55.79377417254935,29.13890313674375,0
3609,56.50423788448468,1.2365642322573862,47.716856071390474,52.855004964844134,0
3610,65.84786232094729,3.8468503849422193,43.22456967112497,40.546561209126985,0
3611,70.34027411072232,4.311452490231649,50.345017503685305,33.97042191118582,0
3612,71.11372601840053,5.872585047455759,45.91209206611155,26.793583404701934,0
3613,68.20906714983843,5.328077399212232,44.72489622311408,41.39681965285232,1
3614,73.95819781095923,4.74977788895241,46.398607117060344,54.53397105814676,0
3615,76.92855755817811,4.982003983058414,62.42656962266843,36.10788854803236,0
3616,77.3463754545933,3.5329654647161477,50.68062317037922,39.19038575263227,0
3617,60.14196191332174,2.7541514082737404,51.809539181804944,50.10370850190332,0
3618,67.15844902071203,6.0897674335040906,43.88818596497873,43.408707913462806,1
3619,81.94762861876937,6.040559168804278,40.781235206036854,24.277242202754216,0
3620,78.94647187573872,7.376741562735588,45.90473678440597,40.988872158551835,0
3621,56.27140548518936,3.814974354777188,57.19097792604374,55.12234910665598,0
3622,73.51479900352201,6.039222815451383,51.671377330382604,39.63058813532502,0
3623,50.2177475062519,4.574439907452902,52.99297545722196,12.585105705226233,0
3624,70.4693490206037,6.785712477790224,53.692830196010306,43.88214991591073,0
3625,88.97767016745976,6.532944165017213,47.04325310100861,38.01543560455964,0
3626,60.521072827310135,5.316814098836685,56.939827919866836,21.70905586078783,1
3627,61.65676954508418,4.49070476500102,46.83596200388909,23.207919099462156,0
3628,77.6402978157286,6.441398267912392,57.031161796312766,49.75107143288809,0
3629,54.571984847903536,5.9703567848848484,52.211510780676704,32.6761725440492,0
3630,63.67244970114961,3.973339396870726,41.05477422876839,30.92503619264008,0
3631,75.96441137581752,3.0083019897808536,46.25995256699733,39.64361439068331,0
3632,63.65714152310597,4.567200648977305,41.07530733563948,33.55797001680061,0
3633,67.64030012789028,7.273120723022314,55.81641066397104,41.000486277777455,0
3634,77.44185710315034,6.719730738099558,49.876322895988,37.9727997056333,0
3635,74.21546083536562,3.3315087954941287,38.8582878002511,28.00004419906357,0
3636,72.66818396295402,3.248363876150118,51.87873440859829,34.88802201438615,0
3637,66.60877720729961,6.912025774519229,47.3141786880584,44.427533213091046,1
3638,73.70061115268956,3.2965461428632565,42.580970724833385,40.41918040238625,0
3639,68.76267319900244,5.763942985463012,58.389829184843485,39.18057517608169,0
3640,74.57805609925785,4.075893176995514,50.536429330482896,59.373842411793845,0
3641,65.03067974882022,7.425567386782523,48.53284298843344,47.310375253855355,0
3642,68.17431025620459,3.8443628012931814,48.002876095069915,48.52441264821343,0
3643,60.10042207447986,6.715042295308742,42.43360265421114,38.34031592205075,0
3644,69.64992389993765,5.277287981090547,43.47725550207945,42.20145190351275,0
3645,61.88999136371155,5.37829228135143,56.42458392437542,35.68900010474307,0
3646,58.85953549838007,2.0445371279728985,47.63058565107141,47.77549765524128,0
3647,72.58661147855388,1.6956299701914221,50.110338504684314,38.89600095900956,0
3648,72.1273977585766,4.669151089599029,39.77834761899463,42.22377748930556,0
3649,77.82873734948572,5.370359095124917,43.40953982102247,41.60611302155168,0
3650,65.68874430424901,3.3122032583934153,53.04906259937376,39.81833118594545,0
3651,74.08052846836756,3.3669598842854866,51.88855880056917,69.3818806715577,0
3652,75.50797572273663,5.842208944739199,58.76687599362158,33.33380722505277,0
3653,74.44773807831595,5.844281720685696,56.714781658156134,33.24288469841308,1
3654,61.743463171978576,4.793388409418109,48.846445137575884,46.94096746811757,0
3655,71.49363482271188,6.170302581779112,52.36476782356635,34.04831000924821,0
3656,73.64140296054661,3.23869655641978,48.41698278548463,37.085936386511065,0
3657,70.07178466907942,4.466097624369544,60.27404909319324,29.13589046644382,0
3658,49.13522341628915,7.47181640867551,55.745073480262,44.91557919402587,0
3659,71.6048962397348,5.102483194909726,50.84842545428876,45.04257244484152,0
3660,92.12531039397243,5.189468771880499,51.00197392438176,36.848079400765556,0
3661,66.39960731243018,8.45891987895161,57.22425143629904,47.14816688480072,0
3662,62.719229021446786,2.900986751226844,52.89788923556924,21.418749862664082,0
3663,73.73348559711398,6.194645549963166,57.79314008535043,32.931465984856565,0
3664,73.12378210466572,7.49597941971215,39.03176036870563,38.30020813789069,0
3665,81.92735165416414,4.5127131102521805,52.30614130749399,28.277175030970472,0
3666,57.42131844091112,6.289446180282269,47.42282567659308,22.51286962581278,0
3667,77.31380252574992,3.526970754183643,58.78188993813996,36.92104034961553,0
3668,75.90422061251464,3.9699014066489724,57.73199343594915,46.94020087060742,0
3669,68.57853463059453,5.577449624071452,50.164179045506536,52.82108391426512,0
3670,73.3868731792169,6.197850009665885,57.678154894055155,34.52712116794627,1
3671,80.29457481598357,6.681404768609369,58.91557259996253,47.332158376215936,0
3672,78.7231538002845,7.354442880409239,50.372033359630734,46.365420380756674,0
3673,58.569806879262714,4.8988301621672266,62.35966886215929,52.186081743344964,0
3674,78.20158186755485,6.790417632758881,49.84329423665139,36.498089696459985,0
3675,69.35311394967482,4.486542734826276,48.92739524832046,22.01499504815326,0
3676,70.72874098015515,6.353136967382402,54.32936294292172,40.70185852422745,0
3677,70.73196991001694,5.311233196778272,48.23104634428843,29.86206259030277,0
3678,68.4975701120174,5.668516860622886,50.42669887897447,32.764948909379925,0
3679,81.91707497107065,5.635261811033056,57.04717212025455,36.98780855946818,0
3680,69.16282040150789,2.592942485303282,50.09609426108635,36.61072368650857,1
3681,58.80453871616831,3.31381721170884,41.524911035123466,41.41559266895794,0
3682,66.06470144030271,5.153812159726284,51.836596939245986,47.03156316419617,0
3683,71.78694716810476,2.469081380538247,46.51853210473803,36.322644167240334,0
3684,82.29214784297051,6.246816654799634,54.32635578647273,43.95697506608005,0
3685,76.03094684948833,6.307333949432213,53.48094857913123,40.14816009930505,0
3686,61.49464721252956,5.490755829316686,57.35700174083261,49.35494395878445,0
3687,94.85189916678891,3.318298980863117,54.537661503963484,38.11408148893683,0
3688,72.6477531097798,7.070208408302772,55.451221418290324,39.21073324225444,0
3689,82.75390737999015,8.055815959577536,46.65451619931143,36.255995520010934,0
3690,68.48285566422771,5.220615241168961,54.019932479452514,38.37751460041505,0
3691,75.3335924470545,5.765803067676854,59.84225644680145,32.16511871654126,0
3692,78.39468504518405,5.302607982194066,46.55675045681616,31.174027138564867,0
3693,82.18194711754256,5.795553783498199,58.99869145863549,47.75765385282725,0
3694,80.57368305378225,4.820661865060406,47.25324954399335,29.167983168153988,1
3695,78.72197000072978,4.948153640234295,45.74014377475013,36.808819103020966,0
3696,66.84913268805892,6.358576400746048,51.48100221677419,50.15342786270996,0
3697,64.28253958043939,8.518436242844661,53.57955208064405,36.47299204996393,0
3698,73.32607510324198,2.8998931483973918,54.55875061986133,48.287404536855746,0
3699,79.33128072341069,4.844281273395549,45.19118789613399,34.089542792731585,0
3700,67.77279299223393,3.229309272151877,52.17270048627145,29.48836393649806,0
3701,80.65171965714387,7.388037347864126,46.57222714258248,24.05174145099179,0
3702,84.52616745486179,4.118393046020152,42.55538871964712,53.127240692726616,0
3703,60.83679080926581,2.8351988093213087,45.356318422336074,28.631288183655847,0
3704,61.630792962037205,5.95728049827286,46.24549817022091,47.471865901250936,0
3705,68.59624941094664,7.616466672114667,52.607975801762535,30.000529732066177,0
3706,73.07612668189196,5.995396802841144,55.761068315343344,53.173839179398215,1
3707,64.75432986232948,5.307196815922876,42.633966850623665,62.067827246151005,0
3708,83.52202678867144,5.613711384163991,51.75980537104028,23.134699403096633,0
3709,74.24066861518452,7.122260994238332,44.116509071145465,29.15243565841186,1
3710,70.3944704824074,3.688701094978775,53.14542704507,47.73131863803225,0
3711,55.64090476131472,4.83222934387053,46.88634709498126,45.13042923365815,0
3712,56.84184183572493,4.3209647772357,44.74335490988361,47.769218547601916,0
3713,72.81009250281807,3.2482020390624347,53.99832257673788,34.26244449595624,1
3714,48.67404373845164,4.507437110874797,47.065386972774526,59.875341610233676,0
3715,80.12637409644071,6.661581643973673,48.42018024323651,41.180494666897744,0
3716,68.4184615562768,5.849903222589088,38.900054562218116,27.830374231564804,0
3717,102.43092969594733,5.966465750162301,54.73275680711737,37.46851499957055,0
3718,93.07916250616111,5.219713417479977,54.10454260584554,27.964331037711673,1
3719,68.18550930752484,5.784985674092883,50.02728922140657,55.90941358554105,0
3720,68.93662997468685,3.799114486477842,42.3620952932212,33.39668737199884,1
3721,79.95581514002029,4.535735171109156,56.04684589167381,44.92483484744622,0
3722,87.03172609918037,5.288006355453015,46.668683068196046,35.2932685501782,0
3723,53.61970942563983,5.416273788322835,47.73323274949706,33.84612690237487,1
3724,52.13624534645314,5.48028178238281,61.560220281797655,20.897458187189493,0
3725,63.779651944456184,4.792497076975433,46.48181777945385,45.98174602990567,0
3726,75.82737583173865,4.433864898304505,53.7110498121325,52.99181252629184,0
3727,74.96873590507597,9.736656924566446,52.81046131041309,30.840324186348482,0
3728,80.69771454983851,6.360180909398598,51.95086096440043,24.547708850013287,0
3729,58.003024716346914,5.619721213928933,51.41000271277255,48.03316042737829,1
3730,46.83856137031123,4.650187252690409,51.881942809445995,23.53758650893749,0
3731,78.58014195302145,4.323171759584185,51.359702954702705,52.195329359482585,1
3732,61.71803727034765,4.8037991094095664,49.740408206119696,30.956048770453798,0
3733,49.81512135611362,5.439243265380025,57.55641562055371,28.967072571753736,0
3734,71.45063745959382,2.179346683905378,43.43669719600361,42.48462421131291,0
3735,77.93175688218678,2.6459156069379746,55.10729052007688,29.618607149885626,0
3736,68.77942867878723,4.044676416591564,54.11171149343776,32.92888918706791,0
3737,65.42151613817511,5.310709155167853,53.49199560664701,43.53981932671007,0
3738,68.40637767854093,4.641090279272223,55.584897138200645,15.708876628333538,0
3739,66.29417237599218,7.217181839149227,49.53700302365804,56.42419245928322,0
3740,56.51952888059833,2.7764048195063467,40.655129620865615,40.43640132465738,0
3741,62.853193230095684,3.8729817955949444,49.63853670142757,27.07033987596472,0
3742,75.21279905013814,7.280137611486651,45.04402891187723,29.827546307131584,0
3743,73.216785413765,5.19667898701272,46.34070395070968,49.91646378260802,0
3744,71.6805980596682,6.327263874201738,43.78790163083794,46.01052935074104,0
3745,60.04851518146621,8.076870414904196,47.61327570778083,53.86780657285211,0
3746,68.18496837864333,3.959293373147266,47.016881530082756,33.17257155195765,0
3747,48.22934953557145,4.851028493311952,38.112150850364486,42.96583837150803,0
3748,71.7847666388539,4.591359648603692,53.50110955641144,44.265679117836775,0
3749,84.28857707813567,2.0681104932750864,61.10160929002441,46.95267500252237,0
3750,55.25867867957894,4.534404794366046,53.03118596748144,51.2728112343207,1
3751,64.14072326682245,6.321593281070998,48.98538021732886,32.82736094155653,0
3752,73.2910677871013,5.810884312718361,49.72626802161892,38.858297322395195,1
3753,82.52842634427483,5.928624754082016,47.89507065993412,33.89850254419855,0
3754,65.51775383699851,4.4367365290407506,50.450207919334794,39.473881266436244,0
3755,63.077496707341034,4.015854145991538,49.81495952963383,46.98432782062975,0
3756,50.31076857583917,6.903883507847931,45.79475784800853,23.459644997392978,0
3757,71.03438129308107,4.254024280463495,58.41444194473915,51.09371569459285,1
3758,90.42076040143743,5.441123058189821,42.564228821451145,28.608178757362502,1
3759,72.77358461964675,5.245002021016307,53.59165771597123,36.92629680302768,1
3760,69.77721020816287,7.192575524385678,49.49401186341234,52.43941924966124,1
3761,73.22082310766986,6.457118536508539,59.50415907532872,43.28009717983405,0
3762,69.88907996051398,3.0571120689993188,51.7043229962411,43.395299482636595,0
3763,61.8698562773987,3.21867024983744,48.20047231408376,28.193739547048892,0
3764,78.23279915677705,5.868364727103701,48.76146400782751,29.559140641761594,0
3765,72.25761523111754,4.90349352893125,50.19953347259881,49.41256396668919,0
3766,70.17613251933658,4.317242324069354,44.286046525017994,34.1085645451561,0
3767,60.2463397272175,6.523441825991706,46.16565237441044,35.05088126700151,1
3768,83.03507931934759,5.281189073133366,41.07528015404071,49.63951251054712,0
3769,76.6470274533311,5.078686080334166,45.38511550812953,29.500864546304726,0
3770,64.47079162632699,6.169742961132575,50.46953240830225,42.69235132886258,0
3771,80.01824853681937,4.437336507584654,51.5008752464226,40.42907326167691,0
3772,65.02429161614793,7.3527784782088315,40.10335152501799,39.973142741367575,1
3773,62.17996507488963,3.817928565150488,49.313941484779,34.81564368122496,0
3774,62.40296882519713,5.985393599513133,52.81704975411066,34.201448185366715,1
3775,52.28931446911909,7.150749257989768,49.185439033118826,29.216358362051345,0
3776,74.71542380418205,2.9340567660918504,46.831056771111,44.82665026041307,0
3777,51.6885512166165,4.484997236221326,47.93919427475893,33.31850808483264,1
3778,57.71556168734237,6.713311089328337,47.29618322511389,49.687446211672516,0
3779,49.24411990921467,6.735866821596538,46.81634720445972,37.75444958409347,0
3780,69.13930307209107,4.742756599417641,50.869117626224245,29.415495105789624,0
3781,68.49679539728128,3.897993359484711,61.53844113867726,37.62186117851579,0
3782,66.73303786813636,6.433903733496143,46.281500415474085,35.89142800863526,0
3783,59.57422305329423,6.775323653872407,48.409286836692864,50.09103411728053,0
3784,58.2776624656336,3.253004977231408,49.74151030312384,36.309998107484674,1
3785,74.64369863546574,3.1941295265504297,46.56322782820853,37.23789618799674,0
3786,64.49448068291512,5.337885022975399,55.491179017617135,54.11546705492435,0
3787,73.16358321536144,5.9440409501433376,38.145573133467806,45.08267321463349,1
3788,61.14751313875777,4.551396372154918,47.34470414810662,56.627060160034965,1
3789,71.81062742771083,6.018940729973524,54.09156868159981,52.59045004063905,0
3790,83.03278037316063,3.9347950897439268,48.52952845805683,31.128374116371454,0
3791,75.86165800392783,1.8279596013893968,45.895805205748545,49.89950854400108,0
3792,65.8758618178352,4.3641483915011055,52.20378377219382,55.253032920745916,0
3793,72.57198970355927,5.094848219769652,54.53171617698576,55.328131323234196,0
3794,67.59334825469787,4.5862400601553155,51.05317722607529,49.88095983576687,0
3795,70.07880184694729,3.262095104510772,45.99389820093558,49.67522994909176,0
3796,66.74388947851496,2.2765265361817737,52.281016595758715,36.9733895632445,0
3797,68.3566479411461,4.228866793448153,47.98975349862605,31.626179156504254,0
3798,72.12093353074175,6.346483657474615,53.72593440946914,36.47782681102543,0
3799,60.06641300418049,6.884296159120524,57.41629442428295,23.35210998567237,0
3800,59.84121173010021,6.781570076207682,36.972116221557336,53.42795315421705,0
3801,56.11457446168789,3.7761356972771702,50.55533736597816,37.16707040582288,0
3802,53.9972889549629,3.269440514554454,41.32133031526186,52.9133072906496,0
3803,57.82717307779521,5.744951922469843,62.20894292664885,27.685004227784006,0
3804,71.5946250680413,5.952650017396888,47.659377331019044,50.826249210022105,0
3805,61.07212484508116,5.600254407800746,53.73186620912686,35.05119341820681,0
3806,75.13614464231097,1.978905088643355,49.82341570202552,27.15630591690826,0
3807,70.34713748752561,3.6996731226748,45.984577096404706,56.27118052159758,0
3808,50.31495786561946,4.955466814571032,45.389734764112866,51.07311669340774,1
3809,76.5497558422169,5.730827291945641,57.928395865503795,42.117924201857846,0
3810,78.1079864559171,6.15096104390373,54.77969030089155,40.33937885134963,0
3811,60.06137325165147,5.21638028342306,59.717920436887816,44.39510018819118,0
3812,74.20191542894992,5.496175709807354,50.277266675788496,41.94628577917411,0
3813,61.43501762590801,5.127298187541657,51.43959810623,32.07724045828529,0
3814,70.97670376748336,6.028429061327724,48.66404217172356,35.87947730215078,0
3815,57.35501593045034,5.469298477236366,48.56458898442495,59.60717832038703,0
3816,52.06893547465423,5.098606490070931,44.79056533761316,66.72156742628013,0
3817,66.17182810387031,4.597446801293929,50.42005095462176,55.626685052306826,0
3818,68.76271053725164,5.121937137563721,46.053767025569016,44.782239401626235,0
3819,66.02320306385396,5.726887068258912,52.20954461082101,36.62250967298065,0
3820,58.1596944177744,5.401213083347092,50.85005109490105,32.01814106103034,0
3821,66.00100937868864,5.571239627517881,51.438410218378614,32.67717589569798,0
3822,72.69294752580734,7.0140827920267785,58.37564969845113,34.46732341313239,0
3823,69.55106969877463,5.397745884119881,49.81141025117204,61.5116404142577,1
3824,71.82501030599214,4.026502219290263,53.78363501426714,58.06282296382599,0
3825,63.29884799545767,6.325410178991254,60.2575473204279,47.46278389935394,0
3826,81.7171791471616,2.9507024934966237,56.53308534647524,30.39386823587174,0
3827,58.238266634452195,3.377879928891069,55.76584849227422,48.93055926711037,0
3828,74.87560297086719,5.503770897080104,48.4665589223975,37.613829714893946,0
3829,81.81891092959961,5.774595001679868,51.148215277838986,18.469905613558787,0
3830,74.80908092748895,3.1324231647440075,43.408618539850295,42.871006374012595,0
3831,67.9747577293517,4.425773778519875,52.494572004822075,31.580869591659447,0
3832,64.71702953337021,4.090874251670512,51.372300888069205,31.919465709099626,0
3833,80.36087651046256,4.269985515677605,50.11692562578091,37.495920064319925,0
3834,55.77025074738327,6.4153966644094185,55.1359739412143,35.01677027057587,0
3835,60.29875739620356,6.059758195320879,43.96112588787802,39.65743180895992,0
3836,66.02442234508278,4.9713167302194385,58.17431425580173,39.176694499827946,0
3837,82.37653757511998,4.181057109327608,54.508823439701416,21.241909071523686,0
3838,73.79767636040896,2.975525494669789,49.64683010174013,55.20277988882833,1
3839,60.31954241489755,7.1302774081729225,49.25635206091303,30.1662327705132,1
3840,66.89692294615097,5.888170850427377,52.40305607624297,30.47601614869527,1
3841,63.85676855903706,3.9399963438902894,57.6042561603189,36.71446748209703,0
3842,62.90211007766465,6.079399246437337,50.50803859345005,38.91665152630706,0
3843,79.78889558556779,4.894664569138062,50.72015450989613,54.58979816831839,0
3844,56.282568707364945,4.569335742706485,50.09059238812936,42.69423452054901,0
3845,86.08780855734373,5.652817292434404,58.91012056350736,45.66465484109534,0
3846,78.28229690184622,3.8877526251309127,48.15558448531488,42.74536187583281,0
3847,80.90861670603698,4.484365220734835,49.852462006904645,42.314615824987726,0
3848,65.37060487974742,5.182191596299319,57.317178271304975,43.097295030870086,0
3849,68.50059280920891,4.25082321067218,50.735054168064316,20.672658574310613,0
3850,55.66848185475288,6.003627815401286,55.68529430022761,37.50081515160471,0
3851,64.75337592933197,7.803599755517391,45.443599715485206,51.62261110571157,0
3852,74.93654847643151,3.868552801089286,48.97353739185743,79.42331010806686,0
3853,82.96063061781396,2.5023120555439333,57.42217019220114,27.9569106746049,0
3854,58.92843183197549,1.9973897487856078,46.618301421182274,44.230799603243526,0
3855,66.34494063014733,4.774297787757527,49.24350480115146,34.28953422125658,0
3856,68.48700779767478,4.005253114810726,51.283426154457395,60.47651903896849,0
3857,56.04210797807515,5.311790751600621,45.05422741003507,26.462172392085186,0
3858,75.913492417584,5.198896508039152,47.93094940689051,46.249394903158795,0
3859,62.76009668257391,2.5951747300788557,50.5631834091282,25.9278890049581,0
3860,68.04609648822976,2.277674255777891,50.23340867080981,36.81433331939167,1
3861,65.48050628088123,5.443899860519143,56.401760104185676,39.65686669250191,0
3862,62.106614942803255,5.203143252079935,57.707285974161266,50.69691681739608,0
3863,69.92955014519445,4.361273002450173,45.71957563999544,29.22833173841472,0
3864,67.84390421431978,2.514284622301543,50.55634259583745,46.633830488473855,0
3865,66.28142117721335,5.707086894147486,53.371241542123826,40.18777723387947,0
3866,62.71538378319657,6.907849318135915,57.581737328995985,42.7279338628598,0
3867,73.19524670782955,5.416973660328384,53.592451486585645,49.58332714685141,0
3868,86.53617268492285,3.728789164152403,51.45456700796166,27.174433069947124,0
3869,71.39887232839128,5.066828248356727,53.332712659913156,48.10594973148592,0
3870,79.9611821491113,2.9508288785994727,53.368844171681296,34.31095146910575,0
3871,56.097780748465375,6.586941070758189,45.36142853857816,50.95873454976826,0
3872,71.57761439293769,5.122766501794308,50.96399396253135,43.3455763453788,1
3873,59.02631681028933,2.3477646323701524,57.29580497094346,37.90471618482945,0
3874,55.23075072468099,4.548988459334476,48.963216156529974,34.099740309091786,0
3875,62.60628592540964,5.694952265351346,50.64723321273722,48.23294994355331,0
3876,81.91899334413573,4.500428568536717,48.78741775236989,52.60951685480927,0
3877,79.50015828669646,4.586156417839739,38.43070252196563,34.671484591398155,0
3878,72.430047220544,3.163396689429092,50.102950886173396,28.669934342186032,1
3879,54.672994401100695,5.849811480622484,51.50895965326436,46.942110429452256,0
3880,68.03719348612063,4.0272961999712935,47.43753304559549,25.514690579662997,0
3881,73.01700008901736,1.7653319344924512,44.22681525557636,26.944875624170283,1
3882,71.75536229578599,4.443113943994409,45.59696770109176,29.37299724472101,1
3883,51.56206416519254,6.471724573355529,53.82093808067782,35.845495169612505,0
3884,61.09682151980128,4.419605830100079,59.862623865234525,26.63668110784555,0
3885,69.35922235851284,7.60697747768528,56.912166704527166,20.61200090618422,0
3886,75.3629090951719,5.643451922822775,43.27826997584724,28.64555805662877,0
3887,48.03872178900053,5.508137243420549,54.27313655275351,46.424744465726185,1
3888,68.37876024520142,4.807402601123587,46.68418812095355,27.284559278732328,0
3889,71.43048769878952,4.897570688353564,47.08866468745612,36.5973032204583,0
3890,78.49611988516213,4.604864547320744,47.69012201014358,59.46698462365562,0
3891,76.92857584237437,4.54659591187621,53.53033474927715,39.5082586997291,0
3892,75.82571318808806,5.796300743100723,54.79626688224519,43.42530989729593,0
3893,62.00059493298066,3.5962531553141517,49.50984464360106,30.53959981748447,0
3894,50.91997862876693,3.3861592569136105,49.59464629495988,61.63474853700142,0
3895,66.069472429386,3.3152074236869336,52.321318716178965,34.587055108615715,0
3896,80.0163182520856,8.068481821515732,52.83997269762121,37.71895315548483,0
3897,83.93454527524432,5.79551435250587,55.88112853379265,53.17058677967364,0
3898,77.10549102297786,5.456738302520217,43.57814012245401,38.18265755146381,0
3899,74.29340822801734,3.413727994559853,50.10013669902015,40.47888782675215,0
3900,73.79639648385965,5.935013451012242,44.659878120544114,37.183116792108706,0
3901,64.43881253239219,4.825142980320007,49.74528860468298,37.25167621942773,0
3902,68.6993970644638,5.321253411697625,48.8691235615962,43.70502010828092,0
3903,86.6906952582633,3.535069526204666,49.766252730486485,45.529431891981055,0
3904,60.574419942081235,5.240403286126365,46.00128555944734,33.56751568787433,0
3905,86.14778790709852,4.364249692690275,42.56355103396285,32.3391954385307,0
3906,66.77971845507942,3.8515832644547183,39.527812366425486,33.908639111424364,0
3907,83.25432109095078,6.101159503710873,49.344099228675795,25.987459858002318,0
3908,55.93184990502462,2.6934382872049962,47.8449944708353,24.095697414807027,0
3909,75.8590420116465,5.847164396471226,46.620311675980865,42.97167147224908,1
3910,62.63229864052378,6.026729200329495,56.612742314158304,49.385958031751116,0
3911,55.847328080758125,3.680534486673139,45.70280906602345,48.710452931452174,0
3912,72.18534042410946,3.769507308301299,57.084170410694014,16.180087268633415,0
3913,80.09471788595968,4.665461478100397,58.119218721346286,37.54934912956739,0
3914,61.550585614065035,5.423054315693331,40.2454976660531,28.97908044407441,0
3915,55.00984039541599,4.770717512278662,50.46190729499485,41.43737437820857,0
3916,69.08155235665045,5.650343690287819,48.00151754582004,35.82176481190619,0
3917,69.12564671222819,7.644469478806099,35.44098027641367,45.91911906244589,0
3918,75.48319627554498,4.2384248462754295,42.77679373465793,39.80846909598659,0
3919,79.49594571364489,2.4272300439448693,53.874680535542375,21.03998105082111,0
3920,69.40584818727505,6.23888537454598,60.09599626355632,30.329141272004595,1
3921,88.55503314794262,7.524971863891294,54.51339071349624,40.057851148266536,0
3922,72.24234744535292,5.589152544576686,51.61816236256489,40.90110429231086,0
3923,66.535734939931,3.3683769869694977,49.89333809184456,25.94323192295998,0
3924,53.88432640897172,4.8141614551471985,58.41331457324057,24.635402964538784,0
3925,67.37340479683833,3.3222147736825516,60.741196009788204,40.56245337573179,0
3926,66.63613054588863,5.964283240944422,47.06578660237907,25.963326939494728,0
3927,79.6030479628147,2.973064395952348,40.00006719844855,23.313705734992144,0
3928,74.62483624066854,4.5498068197577,39.50906268364399,35.54859487368658,0
3929,58.206308783673826,3.4934932605591404,56.60940496079901,35.11553908661349,0
3930,71.72254386411038,5.190237027702443,49.764707296128066,31.21599522660699,0
3931,76.71531171729053,4.4504874842933635,50.916209552293594,32.96263043275037,0
3932,85.28031359387833,5.265143154875396,41.04674503521643,40.138357232223946,0
3933,78.8750396741406,5.033525832449548,46.234055436057666,32.798370963201805,0
3934,77.60846654311477,3.5200114584138342,48.52259593049609,40.70697021664839,0
3935,70.60085994615163,5.940315595293533,51.03919191682035,36.19531463882666,1
3936,73.8831200542345,4.926851522235327,48.007039805431205,41.67650155386656,0
3937,82.49504900706158,3.5172064882011496,44.81336900849329,48.78205565436645,0
3938,56.6722260252035,8.361389834308689,46.07716503698739,48.39247845390595,0
3939,66.50560672783044,5.714645250075687,56.041616429736166,52.88210471066083,0
3940,62.27431251243759,4.770109169901042,51.2239230980175,48.3814689689716,0
3941,73.79153118726124,7.122806790052735,53.06078403477776,42.385575315418045,0
3942,82.30222175650788,7.762723414079911,45.505630945613355,35.665683623598554,0
3943,64.03025713278926,4.781975866529172,35.230882572996876,36.12239077183776,0
3944,46.09695632530562,5.521096229652143,47.384478465577516,31.2222269356419,0
3945,65.8777925497553,3.5179957729955884,45.66714722787252,40.04529291051558,0
3946,79.13473732017407,4.779210873847982,51.7450613431404,46.97387478711935,0
3947,75.3762990294988,4.701406169360196,66.4286185684092,32.743323971169794,0
3948,74.28186247810577,5.277240550432481,53.47583008809128,39.62782141336226,0
3949,67.2000669812552,5.499140717955515,63.67980079691744,33.22637771278231,0
3950,57.209692637802135,5.83974267324209,52.84384847669725,42.093543301876146,1
3951,75.15294321624468,5.356463984449938,46.85056881213642,34.5061661605005,0
3952,61.65718189965375,3.183886060056253,51.73958039060442,32.60489428705947,0
3953,91.84096733380457,3.5922993413883724,58.903192997388544,33.200333050679745,0
3954,75.70507208354516,4.1803885708044906,59.147812981606194,45.03328773845567,0
3955,64.1935169744605,4.576639112115156,47.1233131597846,39.03250594669645,1
3956,63.88614752611372,6.57616143570817,51.265918478496495,35.71578269999964,0
3957,69.07055793386412,3.2555915197206304,42.85366560164427,42.61404502547211,0
3958,67.60498077978251,4.463877427743951,54.12334312345715,35.85483782532349,0
3959,81.16833775529955,6.429514247321075,57.76677349527947,51.26517893685703,0
3960,71.86416169744047,4.550183788255081,50.19899727058008,30.261338463067432,0
3961,62.683682610914715,5.690623474764236,46.66307972819936,38.130284871827186,0
3962,88.90440685155782,4.790686935608145,51.800654756387814,25.95234778332999,0
3963,70.49308331520223,5.385174885987084,52.08729515681583,36.53125608109906,0
3964,77.68839675968897,4.657291184285689,50.4057191592481,23.2036450229337,0
3965,63.91773492555241,6.000598209092531,50.893575621679766,47.46316522559126,1
3966,73.63115627744523,2.6824153888903473,49.130925747653144,47.66503767005579,0
3967,73.11109991143195,4.455031987417183,54.97977464113203,47.84170173724476,0
3968,51.10350707903847,5.444859015041462,53.68113722582564,40.28872480174468,1
3969,90.15275110460641,5.80054287200929,45.084484264279254,31.20129595289908,0
3970,82.90644460922547,7.239428934130741,44.94704698420703,31.996593679640505,0
3971,66.02804683854012,4.413462999701635,48.72812791486719,55.30172055220521,0
3972,58.977302595441444,7.219222642791309,53.684185620525895,54.356771037997966,0
3973,73.47561613803552,4.011464260010494,50.74028706945408,41.225551569507715,0
3974,70.86697699414397,6.992969617316966,46.784247949386724,34.84365965919673,0
3975,73.55668948563229,6.226200690047559,51.30759298362915,53.68623422698511,0
3976,71.9157739619409,3.6298121305516657,48.34594740238864,33.0549683861519,0
3977,75.06240989305925,5.460558855877733,54.402432301120655,42.288492080959074,0
3978,84.47305699391806,4.923146246701712,51.66529217533524,53.51957305398459,0
3979,75.68103205128646,5.938376890512501,48.42360906273928,31.636615003353725,0
3980,59.50344501090059,4.6650926173500356,51.15759386023231,48.29223585637112,0
3981,83.62562852712452,4.539130661507403,56.57524029762101,45.2056079584387,0
3982,86.40614563488288,7.053641874144277,47.15184961726811,39.60483457768439,1
3983,101.52056734512085,4.851918658316491,52.0132849082358,30.065664008668843,0
3984,58.76505966760402,6.23963348628765,49.64769829767002,32.75560239896724,0
3985,72.42882013150275,4.661972772433701,52.134918419310495,42.89451072850659,0
3986,49.17901296811013,7.499994888841285,46.72717529202135,25.766632051186136,0
3987,75.53149156379209,3.9824980559967598,50.55167716579688,41.3074385901825,0
3988,64.51799701833227,4.078784703129223,55.539116412084006,45.41050984061663,0
3989,89.23445794824953,7.286775771673854,45.314965093769466,49.852201728091,0
3990,62.25385029981418,4.332580413657121,43.352974483374595,26.016429255397775,1
3991,53.10816962032739,7.401611459246589,43.54272217756518,53.162472971612736,0
3992,65.2873625929748,6.337760869392219,44.14668734899905,56.95363494179935,0
3993,50.24512228782862,4.76802544015875,52.97661643946332,44.101515677135936,0
3994,77.5109945450731,2.2800597919742622,42.970701570672674,29.619514185753395,0
3995,49.349169537436794,4.971022543592246,48.51052327628235,36.71890711639759,0
3996,70.28457581183159,5.152445080300137,53.09144651655354,39.52402754881493,0
3997,49.22188180143803,6.750826599956559,52.08329530274297,42.70463508730557,1
3998,66.79702195463358,7.382670764360167,48.072205100187574,40.21981552643602,0
3999,86.43378155804534,3.9725192312843784,50.95461865877553,42.81165142894617,0
4000,73.60647891435795,6.201772645982274,50.53572664868784,39.09253242660877,0
4001,61.36506395035066,6.148103234020024,48.87879522225907,42.651070945122434,0
4002,69.68796511060916,6.6101190536156675,48.9458264067271,35.39476578838686,0
4003,70.18016872044447,5.748034868203317,61.1771371737848,36.61813283017531,0
4004,74.72630345843406,2.086253463557345,54.0465545196565,34.23974829523332,0
4005,56.331416367191736,4.76686635120836,62.40325458756072,59.17259534504072,0
4006,75.92567273847331,3.2664386376246273,47.51518433539749,54.639007861743224,1
4007,42.95608368397225,4.696091340622889,49.575167015559266,45.55294190013616,0
4008,63.70115447636189,6.470006354200841,43.33937117361676,53.25308997267739,0
4009,65.11726157548455,5.457726253812459,45.95216598955214,47.98461338977883,1
4010,76.33326826071239,6.7221362995961496,59.50956574331251,41.812711595140556,1
4011,70.22630852676869,5.512630881070309,47.389828550791215,24.944286589803163,0
4012,55.944369461437134,3.052511090496646,59.596406500722296,37.3783607987486,0
4013,60.15006874182985,1.2187294901408983,43.78318869660055,36.649621079816484,0
4014,71.98680009547407,5.223213142519386,44.73265482963362,28.66924826907843,0
4015,69.20932658135443,4.679110300473252,48.2938438948829,25.13837725393384,0
4016,64.20875890364253,3.534581390927177,49.68125039160411,44.92719346567025,1
4017,65.19166210488021,2.449059125522933,54.61543646225065,43.24504322370813,0
4018,76.96167997159289,3.8978851797909364,52.25385208593133,28.32603019932388,0
4019,64.82307427130786,4.708262772702836,47.918423713279864,32.54121493563811,0
4020,69.11908755970927,5.998816735559585,49.33342096740947,51.612222731541635,0
4021,91.69936588080543,5.28294662235197,48.4046854010765,31.223034864834396,0
4022,55.76317363116077,7.412100870759094,45.42673132337135,41.707989039338024,0
4023,51.481572684253415,3.4465939159319086,45.56018531699189,38.10221700432019,0
4024,77.83589664798606,6.3215883380861495,55.13941945716705,45.063634710620626,0
4025,63.21356938705897,5.070948114693092,40.859175360364304,31.438923473435697,0
4026,66.8176247225738,6.0420036861778765,58.08679348722527,40.90083477540107,0
4027,62.18843621868886,4.345227705101685,48.28502887198884,41.68722577345877,0
4028,67.40199859232487,6.6075205608358845,46.1374569680392,42.301808062292196,0
4029,85.98538112096341,5.442837137517865,53.698796453486345,40.79073857962613,1
4030,78.0212845861812,3.980832522623376,57.42608292073559,43.446093205941104,1
4031,78.62223511886977,4.981963956630218,55.58816220801979,61.91770332050811,0
4032,55.837729442073545,4.64066621159435,52.50926024679946,65.61297776771106,0
4033,58.488462634471304,5.73376752595669,55.43431744860918,33.60783859213278,0
4034,41.60921340514573,3.230334875938237,41.41751211428067,16.81757019647501,1
4035,61.90619178917246,4.9559724468264585,47.39084729255926,45.954953007219736,0
4036,79.56703186385658,5.592960878973996,45.44414969987578,41.862524599012666,0
4037,75.16946515748371,5.04953496078955,56.12319365607588,50.6104185918358,0
4038,67.78486737047876,7.020411866583494,48.082609905380565,42.84885899715317,0
4039,69.77699716281947,6.161034161106579,54.227032783910275,40.58603939525719,0
4040,63.11114457424594,4.98877880488888,52.67928471244319,51.28906595877223,0
4041,72.04758882401784,5.32503364624651,45.688465319181596,52.68780588413842,0
4042,77.65878279480614,5.443498327223,47.065208950118574,26.134399412190017,0
4043,53.84113212589527,5.6049494062502365,56.46908845407363,31.833938128604164,0
4044,72.99647687837349,2.261513006503088,46.12258675657793,38.944070407113216,0
4045,79.32434870954667,4.547710556345979,50.62433805097739,40.98437623924584,0
4046,65.8489971103663,2.7733413977098604,46.08729356836778,37.740167966477514,0
4047,77.00700612120583,6.91742142118923,48.43023906542069,44.34207177861886,0
4048,98.14654444472552,4.9087257199956085,49.76919028015014,49.961047893171,1
4049,68.95657207013107,4.7099885754805655,46.085667448512545,57.227097107207285,0
4050,73.93307050005323,6.345195998049853,45.19776523008059,45.789130237729,0
4051,62.61942916338609,5.633487196174812,51.43136668388721,31.476663215468903,0
4052,71.81251162602051,3.3070482284311895,45.77631295604412,38.52623774802182,1
4053,74.60271624982303,4.893641956208946,45.94671222150664,39.24647758740443,0
4054,71.94842340270138,4.497249540160423,45.30473428149015,45.14640239981159,0
4055,59.80304680291143,2.383200667090919,49.61045976834341,43.88168033433942,0
4056,72.0636177132545,3.964585650144193,54.718508171999204,60.503966511115095,0
4057,84.62195938717636,4.724689516975301,57.53264318156133,35.384868647450915,0
4058,74.48635764514528,4.827573602762236,46.37040957003111,43.84750533766803,1
4059,79.61987189071841,2.776652864484037,60.751553966656054,63.547113977440915,0
4060,67.62988029987372,6.727498374571214,44.97647569646602,34.14793103096399,1
4061,77.49900239423711,4.846845411662842,55.417742616639345,41.45148696170355,0
4062,72.79267838216526,5.056329614990845,46.39151772992279,30.551194988759846,1
4063,60.49089270312768,5.600962457509755,45.64538365064995,40.820868996274314,0
4064,73.18521004798875,3.8178856191444934,46.276219216078054,32.19782851862358,0
4065,60.0830333655969,5.684533959699045,49.737761501754406,50.468009034913464,0
4066,63.67119725115208,4.449388030972726,52.89986085516805,41.47318859031395,0
4067,71.89328307292374,3.6551216890292126,53.34934018952411,30.646027400177065,0
4068,72.97244273380124,5.8601712400330985,45.28007492326056,48.40567697791671,0
4069,58.10767534922871,7.237510788202711,45.051703562443656,41.79666038871587,0
4070,80.53985771182876,6.087244060228747,45.41680653318227,49.528187772234546,0
4071,75.72006278300474,6.384466347710646,49.443227988072444,28.523373720522514,0
4072,62.95271564389116,4.219054090156551,48.949221979045625,43.688244122486616,0
4073,54.624152035508246,2.6035704062473153,45.249122689651024,47.733416946447086,1
4074,68.55095420918569,7.235206283149761,51.34801847031622,35.76622509764263,1
4075,65.5405628613884,8.08177233410714,61.31284404167659,27.409972730318486,0
4076,71.13140457053022,7.314210160654524,47.47642269082424,39.58392504629606,0
4077,66.36883338844433,4.496321091530375,47.83244089398233,52.28115293780928,0
4078,49.9254313925499,3.2680484919067334,52.79830785162184,51.25930330634056,0
4079,66.11653061698841,3.40147595327065,47.205918541316024,35.71571565244423,0
4080,66.94380888931687,2.4744011485789272,53.344822408590915,27.169145636235577,0
4081,76.3366102477406,4.838932072384932,46.4072864661048,35.68820279650427,0
4082,63.0180032538895,7.408516937123682,59.16059803788651,35.31522349268088,0
4083,86.78674673372566,4.7875060521916355,51.72387486296147,44.46446783304778,0
4084,50.883594493482434,5.453484350522412,46.89988525461644,38.94998497095879,1
4085,83.11167497802624,7.063395446456313,47.05654150265363,32.467357882628576,0
4086,67.75681029121895,4.3938570322514,47.43100123645983,51.04263067260668,0
4087,78.59584872343557,8.053297185079392,56.863748331244366,41.40425867444834,0
4088,70.79801484058733,7.98814161124618,43.656244961993586,44.35415652730941,0
4089,81.39555536025469,4.803332991979276,46.66029164770248,22.75014565868733,0
4090,66.12638035447189,4.1336986039711805,47.19169721537287,15.757351293027142,0
4091,59.01379574822188,6.04585706958547,49.92156016621531,25.624542185555917,0
4092,84.20504287271064,4.478712586221713,48.64445153676603,35.194565743932245,0
4093,68.86519354117858,3.2651671743989956,42.54386084304769,45.763560176138085,0
4094,72.2155847362421,6.921857980284471,48.00088658202266,16.57753129592702,0
4095,82.34751914044796,6.8246710809156195,49.50224658407516,55.92852064371987,0
4096,59.68044757905565,5.233267405645341,46.85951082460108,41.70566026770126,0
4097,75.95490897639257,3.1057028694077333,53.43387744523832,53.602949929499104,0
4098,64.10105243537109,3.155710623173921,54.597042143768235,31.14029917525871,0
4099,68.67830644355628,5.160843932628729,49.608066501353036,45.038599341724904,0
4100,70.7227896538429,4.2501934482424515,51.15270793425365,40.85195929970787,0
4101,54.997781385530644,4.488360601787588,39.194720013253644,48.17686313054554,0
4102,62.211629571795655,6.532944732590005,47.89448613919084,37.66208632400283,0
4103,83.5107289241314,6.099768976133836,55.02410845878956,44.732152090075886,0
4104,78.86191188584796,7.06721402074642,47.882817084103614,51.021953187712,0
4105,69.37360422672765,3.5140651649341135,46.313691618040195,33.488237061082245,0
4106,72.43123458512893,4.4852126469699325,61.38844463015465,42.422442324896494,0
4107,67.05757494363543,6.1384725431901686,59.09538595097902,21.121377627776518,0
4108,83.56583385827982,5.672117511519337,52.33787456241079,47.02503019063358,0
4109,67.99647422205837,7.298570573881433,55.69455305740024,59.5466254346249,0
4110,72.31842092134848,5.630805058856104,38.87032291020961,27.555639522513047,0
4111,81.46030144142065,7.7721636561583285,46.06224279685647,39.08618739572057,0
4112,62.226285151540935,5.810026702584711,47.65021063413424,48.804813009141135,0
4113,85.58789184496894,6.59325117138299,48.82009950566527,40.31417473466551,0
4114,54.69538590256623,4.514727579823314,47.55027989513019,41.650995514932255,1
4115,86.29642131112799,5.021430817825983,37.24986854241827,36.09000558476362,0
4116,66.27324416048026,6.366416605759213,51.9301230935428,35.718477469120856,0
4117,67.57301252174719,7.419467255889582,52.71827064140303,39.133058464146224,0
4118,51.09989828817057,6.093855423966129,58.00949395794991,40.41671422139356,0
4119,65.45205282622307,4.875242342098071,46.05845367612518,28.185587384226903,0
4120,59.60193468973116,7.0660025442925125,45.64918421110049,39.339780140539716,0
4121,63.923536546265275,1.7120320155801787,36.60007757017766,55.685339387093265,0
4122,68.62689034211121,2.8666482477396897,48.532165817045566,35.808662064110955,0
4123,79.57791614472906,6.022451335502583,54.505558905310856,27.62745017125372,0
4124,72.07603351400626,5.0211625343796875,46.9411606890364,38.48583932013573,0
4125,73.07676653401114,5.908270476686248,60.71722409271824,32.85387187875703,0
4126,59.044806111544375,5.096611283647913,48.71702582105238,26.616581746780604,0
4127,61.192459103972695,5.856418541905809,50.734961421442776,41.391684617326206,0
4128,87.98725018351311,3.7783957685102143,43.18448459709203,32.89717962848922,0
4129,62.647989652367535,5.855729129119537,51.4361017258764,33.75285833146725,0
4130,86.56208252057296,6.491621792311377,40.103401025736524,41.53427380385389,0
4131,67.56938801119134,6.830825905896849,53.46848977506573,24.668254046376653,0
4132,70.02287936143505,8.020331441973049,53.62214088117706,22.58430349748875,0
4133,80.7036516022993,5.36614766525358,56.79645712168255,46.70872194501931,0
4134,82.71892421938657,5.410866630270768,44.90015640616156,20.69166399275917,0
4135,68.89187439720912,2.7152413037392282,50.802810591487095,30.233223046926454,1
4136,66.11756946478461,4.202882898292362,52.81908279693252,22.001604646115624,0
4137,69.44079551477788,4.710376888990081,52.21140819165155,35.13863533151168,0
4138,73.37957528232118,6.5754793284145325,45.67350362432575,44.280587476511656,0
4139,78.91303686869756,4.083498313865556,38.0400905522193,41.12337948732377,1
4140,70.04229858994151,6.194510029623249,51.734801484422405,63.91873389457284,1
4141,76.18886298023153,4.99756742455493,49.2375016084504,50.869156177890005,0
4142,86.3835973227094,4.734247827327857,47.166647035192796,30.68842149843399,0
4143,73.81309612264785,5.373340953699884,53.81972681857733,28.029449951735895,0
4144,73.11652856004778,4.413265441620736,49.775402309227836,67.06687940975502,0
4145,54.810891749099326,4.3564441278610015,43.404024736161006,50.62572005733362,1
4146,43.69269863170936,2.442821141314828,40.34273855451889,45.89369607269572,0
4147,73.88375729230168,4.628068689008166,44.35518367433417,40.74851812215618,0
4148,69.05175768719128,4.28004778077691,61.965061473833934,42.73521567475017,0
4149,64.85217325085259,4.226028515976381,53.613883869663866,25.179267245175737,1
4150,72.43530204186345,5.625309593885061,50.94306170987506,41.57039170196768,0
4151,69.39596270803092,5.987947929185765,49.09169536407098,40.712313974590145,0
4152,81.27780250633899,5.348291756963492,48.76303530026282,30.958611568985198,0
4153,70.86110868258977,6.4931227856742115,55.83597991679547,34.61473546431522,1
4154,62.53076714929833,5.863342888745548,47.547021290482846,55.15176393443556,0
4155,79.90166238959289,4.557415715291537,52.88460205342146,38.74825079705138,1
4156,67.82868925053798,4.30571557142843,48.25786024854203,60.71171302533111,0
4157,75.26536683672308,5.469233355150269,59.700783159175316,22.593205635126164,0
4158,65.225892938072,5.860650664852852,53.71144253789152,34.77869813774252,0
4159,63.50173114502564,7.096766460547247,56.22778407341813,24.527214487530813,0
4160,70.84168230185696,6.786759567410144,47.07795112655881,27.905775461081657,0
4161,70.12828643543685,4.187790490239246,55.29068056283711,31.717942943407028,0
4162,74.79827035366833,4.846990579809107,48.43711287302655,43.15309626770591,0
4163,67.31354246690258,6.006526707376655,50.55017411966425,42.66826171080387,0
4164,51.63640216229602,6.601996667088458,58.17523835309729,33.20709680372394,0
4165,65.67226116411611,6.408454203057188,44.786124716217905,17.722004426634182,0
4166,77.93818467143815,4.90418325075298,51.016238656527,54.77692873032153,0
4167,67.02623920756893,3.1189660213572252,52.190026292593636,37.14235283963644,0
4168,67.53616597485453,3.501595435631613,52.60002190400405,28.837098296988607,0
4169,79.86376505905938,5.408950271479122,47.746077534532674,42.74930781070087,1
4170,62.880267727410775,5.513338369136518,60.43132050404041,42.044451705231744,0
4171,54.57196781757101,3.3519809398484224,43.5253405732987,36.77323535000035,0
4172,68.39368880474505,5.066854416333907,57.29442694316235,41.485310156415046,0
4173,65.15826048751263,5.946836535457675,56.07532802795819,28.449701595919816,0
4174,60.33753680246746,3.273160013739284,59.50444394801842,47.59912843176484,0
4175,68.24621544101309,6.657495802706622,42.0588645064609,30.031329052431296,0
4176,74.91505647246784,4.433703277160262,45.65584256055145,33.944303446965684,0
4177,69.90711438432184,6.886419668864976,57.4597152958082,46.488018161515754,0
4178,73.06981072686237,4.19982133133615,40.614804226848456,52.039589650102336,0
4179,88.13407698515422,3.4600617756737315,41.96770549479793,55.85774568046339,0
4180,66.57121138442436,4.312794515237421,47.55846106644254,50.55798238466572,1
4181,72.7834863464467,4.85727781538402,50.959968943111335,36.75927816198218,0
4182,64.90786637400865,4.417280139842779,57.96112536824388,24.589669308995372,0
4183,61.53640280113027,4.67599786764033,49.07367042534821,54.050555856028936,0
4184,64.1509234658223,5.500947724514285,46.9588042596773,53.706959889049756,0
4185,65.21241428478311,4.743230945305401,51.556949688482135,33.28023846646504,0
4186,73.59475797547125,4.90083140907199,52.34798241647201,49.2118903782456,0
4187,93.49075786700757,2.4361604011961058,52.20619911085136,36.67822206069261,0
4188,62.8395656372416,5.587547024015709,49.110068960243275,55.012768835117285,0
4189,65.83374694384537,4.866195053462498,40.224569430409254,34.85135337596218,0
4190,69.36876986888751,7.415439470724307,45.41192005446834,59.78651287548503,1
4191,73.95798848709747,3.5906522491190627,57.101355426337314,47.86120547598246,1
4192,72.63550811954785,2.2875570072507285,50.935344689882996,57.97544844685987,0
4193,82.84095793948117,5.927102740895063,48.38738940446471,35.36202730350121,0
4194,45.73607929464792,5.5197905274695005,55.59084274186987,44.05029604444193,0
4195,46.13070129804328,3.4873504692032813,44.34941683815526,30.307208016556345,0
4196,65.0412182798985,2.705376567493863,48.87325933143496,48.439892521191965,0
4197,80.97300187543709,7.306095096026435,50.688792025870185,48.99041532837124,0
4198,54.34351968394404,7.121165585910173,47.793112483526855,63.970239182011866,1
4199,39.92367660306243,1.2688148619408057,50.503814114507996,44.82039797219649,0
4200,75.71179406219208,4.312665456115249,49.061530342891174,47.24094202506093,0
4201,72.43657223702715,7.496288082175849,43.003284761070624,35.29169623496218,0
4202,59.097915932005705,4.2859061633332,50.90738940939528,45.41379372635238,0
4203,60.1446039927907,4.264081648960021,43.358241042435665,36.20108791312416,1
4204,60.30256280365326,4.575861008555948,50.82807562548361,41.15860758842,0
4205,71.1053531747394,3.318654539347761,56.870679120750545,41.74515661545795,0
4206,63.73684723816993,2.4428363836579337,48.594884013619726,36.476951266508294,0
4207,74.9406391897552,6.578820966102123,44.14258435014507,40.629450965419935,1
4208,41.45373337095609,2.2355946406284866,49.365060933975094,36.24704830286579,0
4209,61.43148134872201,5.370907178163134,45.840144459607345,36.202688749661604,0
4210,58.7394603908895,6.329869239136475,52.97254501315735,50.766646515022714,0
4211,67.43659321627507,2.8231605516482623,49.26005626238573,41.75413641826411,0
4212,64.61952241509861,3.6135973961073926,58.548816258322866,43.47066272200277,1
4213,77.97843779895767,6.819768782587385,55.81494797838669,25.426952310144642,0
4214,51.406632283399425,5.79933758034056,49.234597477592985,44.2345833183039,0
4215,70.45491476330751,4.074071439681669,53.578045339865454,45.30423463975238,0
4216,75.58336423211705,6.8033735050417565,48.03381795418577,36.016613773112475,1
4217,88.56647436561954,6.809803585181454,50.16978442582584,60.850296762606916,0
4218,65.18234028906525,5.403579039523561,48.19282901824844,17.107727358159348,0
4219,73.24458604352517,3.6497596581895055,53.832279799248546,47.84367135770546,0
4220,51.96137207437635,4.379826944792307,57.16494138354789,47.128048049548624,0
4221,46.08043795686976,5.429580115933085,53.99324103595572,45.41582931999412,1
4222,78.447743757817,4.717107756278768,54.60968300642678,41.76212705638623,0
4223,69.94439706351929,6.408435767352277,54.615167186178645,45.50679322625037,0
4224,81.78512689798423,2.7053388798359954,52.75627961167355,48.68175479555894,0
4225,56.26597111030251,2.758604706400642,44.30356920394866,32.74112416168006,0
4226,75.19902139528753,5.271306667223649,58.5048575970825,42.9919562218009,0
4227,88.68817840543853,4.262683379289643,59.02205413349213,38.16683157976696,0
4228,74.19705608357266,4.059427077953389,48.830601983433155,29.062315997744914,0
4229,72.7658150559105,2.347914921238404,48.14651042391909,47.171699746132894,0
4230,70.0855608082435,5.029318767197273,53.062058264576876,34.35639575315967,0
4231,54.291185428740874,4.9208673379988515,52.75406417591753,25.021413252205328,1
4232,83.55572935710347,5.980218472927611,48.99026965623491,34.60889339298351,1
4233,63.89142360194934,5.103359199681458,43.74987172206198,32.0110110190687,0
4234,75.04483256383017,4.801093882639255,51.52850595374888,50.2847900919011,0
4235,54.36965693428746,6.765500955185505,52.75718269087773,41.53193140558078,0
4236,58.2054033549222,3.031299044827175,53.629105740193985,53.8238274568994,0
4237,84.35087399222235,5.804583828271364,51.74646386177104,33.33443768766954,0
4238,66.52697711042157,2.4932792528069765,48.644424258190455,48.741698718965,0
4239,84.53275476042545,3.7424571799987882,54.970010197531394,68.39622914807913,0
4240,69.21769340941482,3.181014301065029,50.32924248782959,43.5603246712714,0
4241,51.58102227042143,6.172913803177877,47.6753849281764,48.616488623231525,0
4242,78.9206759973172,4.901884649606909,49.0967330897714,46.93517664225406,0
4243,64.10107682244393,4.9797451331105345,41.27015483762509,25.779246725741736,0
4244,76.98688813517043,3.3399005184058237,49.08879087910731,45.85817297467451,0
4245,70.25210867540082,4.5504597561006666,53.44218259937334,43.06456320649569,0
4246,54.568817720571296,3.8548020450363323,51.69891511069615,37.402526166016905,0
4247,71.64294765370569,5.575182522281324,57.60332086490593,31.159636257951192,0
4248,91.96223142152799,3.5133632970025794,48.68512542992148,46.93983240327037,0
4249,74.9298645851446,6.994691547807614,52.43656581526658,30.275962603893788,0
4250,69.42482246994537,2.4866293255638583,53.96370088152886,61.33645604681897,0
4251,80.75343401956897,3.7902202513151577,61.71428504143704,41.14169083488128,0
4252,72.1066846520311,7.5158007649491445,50.7238274555882,27.766929522134966,0
4253,72.09534230262794,4.347291878056948,44.779064105679886,34.86003721671661,0
4254,59.083748278408976,3.027682003393382,54.23964376677641,37.21865661710183,0
4255,72.33848025789598,5.328607343806503,59.328636779842284,64.12376653923846,0
4256,80.35443416416945,4.2869116366781865,48.38725644886689,31.154110531905037,1
4257,61.63937847899975,3.7461946165725415,54.20540769303208,38.83782736748613,1
4258,84.24495821246947,3.356193783801924,56.1436402761446,34.62171630134978,0
4259,69.08293975854875,9.152560408438916,55.08532771985077,44.992584855816645,0
4260,61.12230488461459,4.622672149723796,50.62779261236789,34.78116586294956,0
4261,79.97632076920245,2.1116489595006844,46.50763120893427,28.609433338602898,0
4262,67.13205764261731,7.240564638508301,49.59360225993207,38.04705420203801,1
4263,77.59514887486108,5.916606357665856,52.293002269388154,37.006061566677566,0
4264,67.08241367741462,3.8503003534703186,54.54111262045865,34.07755622375986,0
4265,69.40173856470096,3.600321366970787,51.669725239995195,34.61189641102882,0
4266,74.93560204334291,6.010209194237346,48.100460167297115,51.84695797881003,0
4267,72.90897057590006,4.629622508765818,52.776898280748846,36.802597857324955,0
4268,50.044682195482615,2.111033272332348,54.3004253387141,28.658723375215672,1
4269,58.78756259905608,7.6808599469070025,51.898050282072404,35.37884036200144,0
4270,79.29409984790816,4.3490143066760645,45.819064427308376,40.54335659465393,0
4271,68.67863411098453,7.24335760472364,49.09296982641405,26.63730363448646,0
4272,64.76268697228578,6.917652436948573,54.73910388206233,56.259779600063986,0
4273,56.41425984742526,3.4984856832757787,43.08491095627763,48.67579477506272,0
4274,59.20263678724152,6.549784796544722,39.534109888044206,54.3017274361878,0
4275,49.78201360038052,4.022836175204478,57.540414250720104,43.921281254876824,0
4276,68.98719281298467,2.1999491197940872,52.557076275109395,19.063025498698995,1
4277,64.01562419418953,4.363102750966786,53.03365001260053,55.35333716638513,0
4278,60.33412109014685,5.596456252664418,44.61591513186472,31.364316402901075,0
4279,69.31876574832047,4.3058950280054935,53.68764031733269,32.17813255997901,0
4280,73.63970630852738,4.539427488612348,51.37624343784182,41.563251439554435,0
4281,90.93197932209945,6.7153490673929195,42.078362110758015,53.78229846670149,0
4282,54.88116580436787,5.159740970435138,57.12141707136929,50.53287133952399,0
4283,81.59381043300522,3.7350525330725715,50.793416618093644,49.06281120176021,1
4284,79.73101561015072,6.05304548550099,48.01958016960366,36.88172947125447,0
4285,62.20907260623299,5.2965133504313675,48.11005127007391,36.72392473907888,0
4286,72.03235954586032,1.2175927978069359,39.92389047283812,43.45943667980067,0
4287,65.42366750662384,5.642529370657173,52.96668299815682,38.69929158716467,0
4288,71.85688580418739,5.587743061574153,51.30928603622863,48.89317907329353,0
4289,85.0913101340455,5.03018169437129,49.02959933833453,48.301176644952264,0
4290,76.05606232631312,6.337550871604362,56.39242603725836,45.913413211727054,0
4291,75.08608373233442,3.991409623510247,43.080704905020774,14.740387182306215,0
4292,65.69690680045358,5.504749683231351,47.01613761816192,41.27988363677264,0
4293,55.15943335075665,2.6495609432489706,45.749958726198074,38.91146119267299,0
4294,67.91531789459592,5.6106355750982475,48.60602510114224,41.68025601759531,1
4295,82.06608154863915,7.929589543309845,50.33735012628612,32.456753614535934,1
4296,54.72832143410352,3.507715471298688,52.15006761905678,26.75214089600775,0
4297,59.44910631823305,3.860296802018337,48.26513273447441,44.6313847997504,0
4298,71.26267736234068,3.9349768356626713,45.613221324225535,36.43698682267938,1
4299,60.153452151527375,5.194997338702393,58.43003474885222,45.746929937076,0
4300,62.07476552884788,3.405445590719423,62.05820095894285,33.29085622315229,0
4301,65.76401418271823,5.63187106803647,50.716433359410125,54.15910640492677,0
4302,56.343825958098506,6.270259918203748,46.21609816489566,50.01064842570763,0
4303,60.25878153783631,5.801520820180676,57.37727065521147,42.9682710854588,0
4304,77.03427916787308,2.3473768615428914,42.766214468357674,37.86711586614053,0
4305,56.92630217769036,6.49275149773791,48.32613337647586,48.52408877798197,0
4306,54.021278655051624,6.40605112138052,46.51941474326849,43.92547815237406,0
4307,63.69975020466106,6.245242058519457,44.20232224774756,42.38584187930605,0
4308,77.31955502509845,5.559263372983738,48.59987883539115,50.42865409559609,0
4309,68.0307819200311,5.330283971307699,45.67913960413018,54.2653615440664,0
4310,65.35418921884381,6.548584097189595,50.06327232074327,27.475888155144553,0
4311,70.44358797515608,7.8852702314051815,50.13588583836232,29.496158926501934,0
4312,52.54292567140348,3.570439304952725,46.893341382390105,32.19739274521202,0
4313,74.94705653775033,6.617188093692158,48.14743321703065,24.975754023564484,0
4314,73.83435031403644,4.870674352988821,48.845755160481446,39.37251474430849,1
4315,65.90691525904279,4.805490421957099,54.049230305597135,46.00116455244506,0
4316,80.05924511796417,2.6952039644269425,49.25785299467907,39.78581705047663,0
4317,58.725039010469615,4.572815885726907,54.12350870393048,34.65878358387104,1
4318,81.2790899325357,3.5041025630473768,52.929064917773275,51.26457757129158,0
4319,71.54493665595251,4.304218355741082,52.85765348450371,41.405564032067495,0
4320,66.63447410121826,3.3527204243327753,56.93922985172986,43.429829673663185,0
4321,69.80126364631688,4.32663741903049,44.40304560127045,51.542348048997596,0
4322,68.92735234189058,4.390834464464895,47.63408446846443,38.76758061148866,0
4323,82.20282896417717,5.1451323776582,58.816494001497844,60.60214072624681,0
4324,59.23320872528986,2.5778752065630037,48.71341749705366,35.52184996128234,0
4325,62.37480760853402,2.831722778382015,35.924381550470756,59.979482045129,1
4326,80.3630289207248,5.54287140609579,48.98515828426057,30.252648180875795,0
4327,64.04465064816141,3.8038428243948514,50.67469765081625,45.17484902880442,0
4328,79.00533077331592,6.611794685344897,36.914434412843946,33.57467831193763,0
4329,86.99435983008709,5.33790458302257,56.669678199439744,51.195661169810926,0
4330,65.98204973058367,5.910143225309611,46.43143768067199,35.21767392141572,0
4331,76.81362326575305,7.116038480631342,51.642815575937576,42.90871190644086,0
4332,58.46307718660142,4.535433782290141,48.87009227327969,33.49458003958431,1
4333,77.54733298067809,4.138269941875587,43.55824290397979,49.37225173666614,0
4334,71.99423985986768,6.30755387839822,44.6474593268229,33.44248739360861,0
4335,74.73038282160215,5.764270345894529,45.324585817862264,56.834148447426685,1
4336,63.54427927964605,4.7190045352680485,55.42835954591819,30.040028930386097,0
4337,53.389165844328275,7.087186950433914,49.26230905949924,26.543720816718533,0
4338,75.03252064749505,4.681633535240104,47.39067241724127,49.515520780790865,0
4339,49.365968475205456,5.049160456333672,45.326955437048845,34.08356359736479,0
4340,66.82649507757465,5.031833976251388,55.98075110763063,39.92762686550464,0
4341,79.4118186641997,3.5981091576522934,57.321006362617936,36.77758846164279,1
4342,71.91897735873036,5.116378084229586,55.923719493533405,26.873917328473098,1
4343,89.48342644789813,7.0951402660977365,52.46218669577083,39.23006335861662,0
4344,80.25109152581774,5.667452473064264,51.44915020935356,52.64915894972302,0
4345,63.46101611674423,5.046595139598397,43.92031091012049,50.03137003305565,0
4346,70.27313379851438,4.757349078251496,48.77090436644471,42.31792762625925,0
4347,69.52629297455564,5.496300542609527,46.580698983267816,51.122682930351075,0
4348,54.17823236653873,6.124649942733777,40.87243945507645,29.404814153058233,0
4349,60.59601083515647,5.913858246334629,55.28521709582683,36.74545671094994,0
4350,64.3923909302014,4.502202707267031,46.52085026803862,43.958049407302084,0
4351,49.637794971440634,5.4871723911651715,55.97970953717653,38.69585173182888,1
4352,70.47493468251643,5.719909611722418,54.40873200380006,37.531766695234424,0
4353,67.50928155346959,3.4892075187095326,52.783589883167096,27.993562676789047,0
4354,53.27106098688426,5.252345811775542,53.064420358815916,19.186586113572886,0
4355,74.04212865277331,1.758044170546457,46.923430589631465,48.178664249496364,0
4356,77.1587274469096,5.723800564731778,59.28925075645333,42.43221573252226,0
4357,72.27034478864888,5.990514581844023,50.215627154765244,49.01998378210093,1
4358,66.7593182479103,6.121319188679689,51.50965842559352,35.627640578416255,0
4359,75.91442151751855,4.407429721745649,46.75461833216681,32.87222115172406,0
4360,76.80220360476692,5.463570252536052,45.3441736961152,40.06547966636634,0
4361,73.07403569719689,7.13593076831175,52.38648004404712,48.54199648612816,0
4362,61.75387749565239,7.120654472436888,51.08756747969393,37.685477850123455,0
4363,72.7660076551118,4.956240951160159,46.05323817048711,48.01785184328486,0
4364,81.95480650825479,5.2089794460943395,42.80786640612298,29.936919944069132,0
4365,64.0337094138827,6.666366717101649,43.650384563362266,38.385528668301326,0
4366,90.97939339132431,2.7487969771067378,55.98066858545553,39.29885855921969,0
4367,64.74369066014616,4.515386385984463,46.93373092674964,52.2638994392192,0
4368,70.32407013340136,7.003355683305134,48.30545727162083,42.07627398015908,0
4369,63.275144039936634,6.462800812527149,57.25170129379531,57.46077518294195,0
4370,72.2327083592026,5.553895666474857,44.38924719256793,26.523152000525172,0
4371,52.57778307364725,2.7412513920040693,46.365025871414716,41.299189044112794,1
4372,64.53958201183279,4.925134650438257,46.156165857196534,41.79398039180446,1
4373,59.07878799651433,4.1151269056251,58.0903424058302,46.20093197586867,0
4374,71.35338347892291,5.4965583542258205,59.96691750291207,31.866400635511088,0
4375,79.94447375508908,3.7859799728076795,53.757816127010855,56.84446339410836,0
4376,76.46006187114551,3.4614149075380887,53.9169236207712,40.129639414717595,0
4377,46.28340639141108,1.9027020834745376,47.098224985736344,29.12932487065082,1
4378,90.4206965292788,6.832707027465052,59.736642434521414,39.83975009586381,0
4379,72.95279940620868,4.400344232835414,51.33848127179331,36.86838477119886,1
4380,62.23500859507,5.235718675553802,54.2655513222487,67.8323514224733,0
4381,71.5712791899094,4.9966428252887285,49.47237530614523,50.49943599525014,0
4382,71.76189822502693,3.398849100559251,48.65983706336195,40.49661355708217,0
4383,63.331512830484364,3.1114026328277102,58.31521129798059,38.88083314800795,1
4384,71.97916667342075,3.4920273110041467,52.698618398691536,49.51056862481465,0
4385,63.92527712379693,3.9152473417559106,57.25687730535191,49.98862160328214,0
4386,65.95638007309978,5.549909370520707,51.27664085872522,10.884500806793511,0
4387,63.13720864244915,3.806423504719083,45.75816731788455,46.42993154733334,1
4388,55.673287102603474,7.619735947391932,47.08328533560756,40.279665439786264,0
4389,71.45836470215384,6.540726553839726,50.51482621232305,26.88856178213024,0
4390,75.85299436516338,6.212539324498563,46.867498919783365,48.802141396241765,0
4391,75.14883596076372,4.820511646290274,44.462692956861545,62.46188013558265,1
4392,78.19925252635234,7.2714211035807255,56.007085158935126,45.567959468277806,0
4393,73.24340210014869,4.6729915533183135,47.27564964588244,51.004284422568645,0
4394,64.67274501783096,4.9531078787686305,50.690963738956604,58.04119091964404,0
4395,78.39663864431189,5.254961809623904,51.480667949428025,31.697378492799483,0
4396,56.42482460158065,6.052734560815016,47.05923437339715,21.42428554833083,0
4397,60.993286174875195,5.955362118504478,57.253997331543694,46.56866063309502,0
4398,60.357999285767555,4.287312082333095,44.414291193976936,37.52388463558549,0
4399,80.80056059139311,4.200509420861069,51.308126317903856,26.25826547628457,0
4400,79.42788514140075,5.9598544357281265,51.230588531882916,39.21830063864207,0
4401,74.87305237044995,6.072854875836849,49.72872698567926,47.275473737906204,0
4402,80.71929865211797,4.409973312765691,43.51543693364009,38.5102833523564,1
4403,61.20717217588012,2.6192178954823193,54.35408775931732,32.13172369264963,0
4404,73.4859511986098,4.689025855987633,53.71755335167298,37.7649293970349,0
4405,68.74825571616836,5.935288698238788,46.62215735704392,39.80523534698654,0
4406,78.46882103884914,7.7081252696296705,53.53743603602681,20.70517737373918,0
4407,68.84775767447802,3.203063056489007,51.87453843150388,38.57225046829307,0
4408,66.15057111589918,4.36014312075414,43.59693927319446,26.556595278551082,1
4409,75.4090851856099,4.415894657711935,45.73035542714321,46.590259520210964,0
4410,78.76169167191233,7.033708009147252,55.6914072244479,24.38957424413222,0
4411,63.31654805153198,4.947587749312051,51.547080925710254,50.12692204550936,0
4412,69.38924328647624,3.6390101609416017,47.17848527094687,35.90834930786058,0
4413,59.41559366358347,5.838042924382728,45.70762054413679,34.57024293227988,0
4414,45.019389825070604,4.393042219938581,47.42303100942289,42.94454597301972,0
4415,72.00459631413729,3.1634190899630683,47.777602350611474,31.33965554776608,0
4416,76.08905356254633,3.660840039085774,45.770184836853744,42.78745754130064,0
4417,72.62066809086726,7.601062931633929,41.29117943808349,32.678912253116295,1
4418,50.50438282245633,5.576313832474193,55.70006643200393,34.43265487675231,0
4419,66.49150569923525,5.161640083178814,54.853168363057215,44.05354169329135,0
4420,47.81652239948919,4.625159396281931,43.6337227409657,28.614192662656173,0
4421,83.69701107654186,5.438223263178198,50.68155647781834,27.356626982376433,1
4422,59.139454178819136,5.420353919003741,45.488808986426164,42.48225507410342,0
4423,82.55403609459896,5.4382532423109895,48.69216388386732,39.731001475106154,1
4424,79.45869643684145,5.172267635416629,48.27616710063172,41.68692744809392,0
4425,60.994096474639385,6.303197507458324,47.860828921410636,43.27639236721421,0
4426,58.672150487322554,5.034656519001096,60.01473542038143,40.57375553806981,0
4427,73.50370216386338,3.533091746671042,47.79837157661905,46.08092623967069,0
4428,61.55675962816929,4.081365663648698,45.958680874665376,40.97436286978658,0
4429,71.02484642158207,2.0314719597654314,46.18709285251476,19.92696100324697,0
4430,65.17172409193081,8.040225674063588,55.21888478200878,22.521154053381444,0
4431,52.18841585534366,6.29413188792903,41.73948834153533,59.27949180242083,0
4432,47.695319808755414,3.7548942573061446,46.186885417822396,40.00071867058863,1
4433,72.26684248494597,4.57723272590435,57.23411420055767,49.50241651717097,0
4434,64.38442253669375,4.04468528869035,51.21993093998823,36.54296094372924,0
4435,64.46910183085868,7.313820817061176,50.95961002518057,39.4198490560607,1
4436,76.95863839093785,2.8701842535936066,60.66073230071851,35.46635345729156,0
4437,81.73442276632444,5.171714088228169,51.23173976474249,64.65927331461364,0
4438,67.2745527863819,4.837208236152728,46.45906919320209,42.53242422364143,0
4439,66.59401293090139,6.240257946063672,48.589614715618254,34.651420944938025,1
4440,75.00143033113883,4.8439861584129575,44.32283845484716,23.484602865698093,0
4441,56.43064430300424,2.3626866850168473,56.27968520007848,59.73733442735852,0
4442,72.23153054747696,4.623323248036339,52.87280858768358,38.36721614771697,0
4443,75.51885971822153,3.5417566730850125,55.622070749854444,47.44229119561597,0
4444,76.80230208417629,5.119369319834841,56.06491964274685,48.55997290306546,0
4445,50.63247297497535,7.15126555478049,47.928946095362335,35.3716947656963,0
4446,62.38644730191059,2.3908621336515825,45.27623573995555,46.72452775386156,0
4447,61.217367471765336,3.7996658969001444,49.741434443459774,33.95861713248382,1
4448,70.99886954409213,4.1709605693247545,45.636194646057305,30.095736379605842,0
4449,74.80744579767983,4.427553356880183,50.82478437704513,51.644646925122125,0
4450,84.96710407445981,6.110188496157866,55.660484404173445,38.41810620177801,0
4451,65.05034519631927,4.739683373657919,49.159301769754165,45.18512833602655,0
4452,65.02427501690786,5.623704088580668,50.749975449538695,44.10920993881771,0
4453,81.49672018878746,4.061340434402336,49.53077191888317,46.37931960055289,0
4454,72.96576938530305,5.3448865181269065,54.01363786218849,24.434630657983753,0
4455,82.67651511187974,6.166696446316572,46.66108802855855,34.1470946868363,0
4456,72.88728003009837,3.9015506753943674,39.017768691784504,36.75524842503575,0
4457,58.42883381286729,6.172037179709772,52.3543442968769,31.685213270985095,0
4458,56.668716452221936,5.078559153091352,54.93917210653997,44.29006848016388,1
4459,54.48487750941071,6.568190360723379,52.23187122379268,51.86893077595897,0
4460,76.62051834758473,4.697870149884539,46.79884752265993,53.45184655346298,0
4461,81.88596823087008,5.571866982743148,44.32493950906966,36.60795234790116,0
4462,88.4936214138638,4.939090652482205,52.472487658901606,42.91965862457907,0
4463,78.4310533232324,4.8556816069391315,50.70739476467337,44.45643504490099,0
4464,81.62838577534986,5.388395642338534,49.371036861708355,46.212560942035296,0
4465,64.19983667346315,5.805211203837356,59.112316714968955,31.218649269273563,1
4466,58.43584183256144,3.1256526321139924,45.26599952909334,58.20580268264966,0
4467,78.50079332417553,7.1504504132268165,58.87518510563733,49.265201843464446,0
4468,74.176807522394,2.2105054391753023,50.1589195243532,49.52649343692441,0
4469,71.07444374340892,3.972781835391656,40.822147615645626,52.03460056900397,0
4470,73.8737148063299,4.858596393852649,49.103986728404294,45.34135942265984,0
4471,73.23185482458206,5.618533953628922,54.79748038299721,29.726865769490274,0
4472,82.83816859853562,7.364258791612068,48.17472483597515,38.61027268444893,0
4473,82.94985584816956,2.212562767662339,42.626107293808026,23.489466049380844,0
4474,75.44220352340346,4.238458807415434,49.17742734101915,44.15072509699084,0
4475,78.45802872562928,1.809749768301102,45.71413813054147,38.30786341834453,0
4476,75.14062552424775,5.047432960865372,52.459072005439815,39.59477616473068,0
4477,65.3883026796538,5.407525376750046,53.866999080338054,52.04001130085651,0
4478,77.5656467491314,7.386193613256879,44.71864796125947,35.43005961443541,0
4479,56.05504931140739,5.180952141340181,46.47097972442175,37.47876841227924,0
4480,80.53891552295883,6.566037694163569,53.78321232553469,40.21973295963216,0
4481,58.05477060233965,5.8757556223085885,45.705778608505206,21.600077505863673,0
4482,72.85803286794733,4.347127704492247,44.58920932086002,37.33936344237997,0
4483,61.54846041573841,2.886558879811941,44.106544341018726,15.142050877138168,0
4484,75.53388983074427,5.412503447437716,51.7601930647906,34.144784381042605,0
4485,69.66074774072091,2.761846974281954,51.54578859758732,48.55189053392827,0
4486,54.05244041836667,6.942810609004466,46.57976984810479,44.47266558251069,0
4487,74.20699631018479,4.756906846944764,50.02542698064117,34.05179689545924,0
4488,64.22079223167289,6.792766117267124,57.635661920775654,40.40798218223812,0
4489,78.81146720813369,4.279678348801401,45.12969921540889,29.250104328695947,0
4490,70.01325688734407,5.403276179601487,40.24128695494775,39.9765659685048,0
4491,73.95420985388039,5.314023286002033,52.27537787860185,69.3032028549251,1
4492,60.42431044984788,4.932433822983614,49.44799418049206,58.45801320371932,0
4493,64.10667768572638,4.351010729905112,46.449874565924496,40.52622130017261,0
4494,65.41361363898915,5.5886840277057805,53.26040118677454,41.60144164915374,0
4495,78.56702480242555,3.610755104775188,54.19612572334395,30.204346853654492,0
4496,86.77377087805489,3.1858470065614117,38.95860990059954,31.982108920489495,0
4497,61.94828248257124,6.864240339990241,46.737010453342556,43.621843221046944,0
4498,80.7684814465768,6.090751983338151,61.587581155984275,34.75107434363515,0
4499,48.30322582274298,5.09883741290336,52.917024578990954,49.041495948515816,0
4500,58.058105989077106,7.497713573815672,53.38051819148575,55.69685680977757,0
4501,60.41221543813225,4.598351721912733,55.864471393157395,43.32620784781039,0
4502,56.474913105592776,6.984054829983469,50.08534412599863,41.01737205839927,1
4503,54.1641161021242,5.263361127388733,53.9834208004581,23.192203750893484,0
4504,74.12998912137797,3.462873874885415,53.590310219186016,47.4761024527205,0
4505,67.85932302272138,7.7720602876562745,52.695207483763795,28.56328698460942,0
4506,73.7940539760511,6.486066269936128,48.38994014691298,35.819908713665804,0
4507,76.90472686121512,4.818468453485654,50.86029461183129,49.59575892385135,0
4508,72.65616993172533,6.090756889300923,47.05819217846611,50.297581643090325,1
4509,76.57763176150374,4.39444484900314,50.06407152283248,35.334924726498826,0
4510,69.3046771375773,6.243723552589313,44.157545539503666,35.910844650800136,1
4511,58.13006611694256,1.4133821520740608,46.04688004363524,33.00681126743328,0
4512,80.57814180820796,3.4702979994581096,48.588439790375354,28.021462546740892,0
4513,64.10887867218872,6.468889616430444,45.28147284284962,33.65204517895758,0
4514,60.64403701237574,4.625516692671621,47.47491364627412,23.868699810853112,0
4515,68.22082124195602,5.3113134423331125,49.18037011622242,46.83062581508265,0
4516,60.87189080703487,2.9798215068268483,52.01131172332189,43.94523605161876,0
4517,65.82569618010568,7.771800493553155,54.74628650926455,45.605292848705126,1
4518,73.44053921563466,6.785794465576515,47.68107814310946,30.455959494248575,0
4519,73.48341739246126,4.6989721724370055,56.67552308634312,28.049294364849437,0
4520,61.021699335743705,4.392956214705011,54.693055393127466,40.5351427431356,0
4521,65.12294627051256,6.54440654212954,52.52046915971971,40.641025649502254,0
4522,80.74333004770244,7.973705675253392,50.768245646483095,38.52730172487055,0
4523,74.96400117733941,6.43064038371703,51.59560420934271,37.10516730812151,0
4524,90.75065039348542,8.257704001094904,55.93525575333191,57.10775777694387,0
4525,81.80128173741528,3.616473006407123,56.11789829879637,44.260250117929786,0
4526,81.44293068559939,3.770919754251814,56.674733641918216,59.70678391466491,1
4527,56.12131449544198,3.2165883229199768,50.20663415938502,52.689650254316334,0
4528,77.63860351633423,5.662640974474219,52.77483582499306,57.03270926017345,0
4529,69.4689319830309,5.2634053247065555,56.71773253311026,29.25537233643998,0
4530,64.4901819646175,4.772073314792022,46.881419825418035,45.9317099099803,0
4531,71.68015340532529,6.213887942184948,48.40791573140848,35.68234511006627,0
4532,79.45211534611484,6.848492907821996,50.080183315067394,23.36613288640467,0
4533,75.00831591004211,2.711506386069737,54.49799368989703,54.96003169555526,0
4534,61.2152619865794,4.104541958148327,54.57586075359311,37.06307474294371,0
4535,77.4245891359262,6.23021539118459,48.84567944401032,29.448983697333155,0
4536,63.62412457924036,4.298391974212127,42.45695272810145,35.854361367513064,0
4537,72.16683118964286,3.802690885462769,51.230919721479836,32.03775877226181,0
4538,66.96649932522865,6.527806141475592,45.408419313357996,33.06302032383333,0
4539,67.81133748264374,3.06574989541403,42.55031897679889,37.78396609817351,0
4540,77.6624297504051,4.547630288313343,43.68064219633142,57.30815193044743,0
4541,59.598062801841024,5.492966038707213,51.6319050392278,33.336827834553745,0
4542,89.45195074276933,4.139270129134822,56.80518680466403,56.59270664219191,0
4543,51.78913930705504,6.174733484019763,50.194472581181216,48.48836795979521,0
4544,64.02332316745142,4.146684537203947,51.05690327322982,43.96271563586086,0
4545,73.70211889941741,7.112929240168879,55.914474694389625,47.48120032251875,0
4546,75.8431416643531,4.811380553756341,42.27772545458223,40.13655663837458,0
4547,68.99524279428294,6.006905205058031,52.60088210800136,52.86050103863426,0
4548,69.42609296998458,6.119035929474224,49.942051078405896,45.66980263267101,0
4549,74.10550085327617,4.058689995883891,52.830287294160335,23.35334014974487,0
4550,67.6893052254232,1.9197701770161668,47.58258045798092,42.96251931889965,1
4551,83.93181257934906,5.541133631995752,45.91031354786759,47.839731429926154,0
4552,78.39349114231602,5.1084325206873045,50.702544521428024,37.10998781398783,0
4553,78.72824351005634,5.833739041362691,58.24595661667231,41.26255872713933,0
4554,60.33843276629583,4.660208791425743,54.304550522707316,33.87142005325593,1
4555,69.20611575594297,4.354358451798927,47.461536149099544,26.223743439364394,0
4556,66.99534051279296,8.01270951647255,43.2951398200936,24.4962312906876,1
4557,59.94398624310534,2.7914689077338335,41.589663581511076,24.629320129311367,0
4558,73.60164183945767,6.100925717546358,56.58049725925241,46.69044742470532,1
4559,64.62354242220184,4.138097212724913,45.224588559320864,15.097182916236711,1
4560,76.55403829850238,4.496332073389367,48.372432935025316,33.33520073036519,0
4561,59.29808437105668,4.524345751139052,56.606055630387885,32.34346714754622,0
4562,87.1904061284182,3.7948485887431143,41.93049272260504,37.17840464012536,0
4563,61.03667341407938,5.856836315354359,57.461322547375296,21.435684500637972,1
4564,72.19302337200436,7.085965393924936,48.731797730537494,44.038880947406184,1
4565,77.91859310388068,5.705020491869992,44.25708342380631,27.26838605840101,0
4566,64.29359569799887,5.155072994318143,48.76324536425543,51.324055407092686,0
4567,78.52468643432951,3.52033925135113,46.38701609299261,33.78234312411168,0
4568,57.70816402199584,5.775237898736677,52.20409899452858,39.0438697658808,0
4569,84.5211769918256,8.234524447593948,46.75933783056111,40.03773856555206,0
4570,70.14149264965758,4.428958064307361,40.44178894540478,42.44241052860572,0
4571,64.0358859203112,4.4360246309722005,48.89718732795505,40.37014377496142,1
4572,67.00818227572566,4.158366303528504,43.217274738567305,35.72889451267368,0
4573,78.08919269392719,4.2658786482583695,51.0215994199416,43.43048530694043,0
4574,64.15544708149562,0.8820506694914236,44.06434833858338,44.66147130494954,0
4575,62.50642310577223,5.607553078783569,47.55993598413957,32.348653328903794,1
4576,67.78463402416261,3.7316717354680793,50.91293902107168,44.26367818973557,0
4577,58.23037887230032,2.5846053218122997,48.93770637482865,51.917203024016956,0
4578,88.20543907941816,6.129784924598823,51.25215141500522,47.05894196104553,0
4579,64.33605408785277,3.3769733224370957,53.40143582858878,49.32375241647187,0
4580,78.31616786180403,4.491996419174363,44.21033150134347,41.719208489074454,0
4581,72.09470083647773,7.19966358678287,49.67801229687646,30.63849553925121,0
4582,60.15465949518032,2.88617630296323,33.35248101245935,31.903555402963548,0
4583,69.94045290787271,2.701102648103357,51.23666650841262,43.19887967854412,0
4584,77.84002779310748,5.403959284343507,48.49592934812579,49.4276372515231,1
4585,68.11738664913693,6.724231046015553,45.082751182610146,67.85911913994056,0
4586,81.93112945851028,2.6384874234020557,51.57859711148262,49.81821944438604,0
4587,80.21515392781863,5.611534605255765,55.86348788592534,28.29564242502498,0
4588,79.1891485465833,5.871499309942538,47.61991126200528,32.327274276400175,0
4589,65.40343227727003,1.9112592744615196,45.2759275487914,62.78517315955999,0
4590,59.20157552218513,6.1977520068608305,50.82512631219356,37.85611068023222,0
4591,63.864123946372054,6.31490881976327,43.3219666667682,40.475146347612885,0
4592,71.9624094066672,4.5323216401159625,46.698093147322304,30.395830795907713,0
4593,75.45786713532355,6.8785195434470126,56.11201080825251,55.65103405574244,0
4594,48.28428595239552,6.704683361487268,50.310896149061435,45.00333207320625,1
4595,69.91886798388249,5.154676888575807,40.60266518026917,32.253986521146885,0
4596,71.58089225323184,4.3228319145126,41.015041763602994,30.061747111427287,0
4597,67.22455743684448,3.5407581611255643,50.810428463233876,43.07203945897872,0
4598,82.9127383901588,4.943654735950713,54.31195287958844,40.44206174880453,0
4599,74.21780074250871,5.854638379556269,41.91189270686925,48.32110217221127,0
4600,83.10191908080897,4.5137347084390385,52.24856303748254,45.469684731272,1
4601,67.84039479649768,1.7037484921069552,56.65171753744859,37.355196512313775,0
4602,79.37477492506925,6.903070841864856,59.43929493979319,34.56198404538634,0
4603,86.35066394527519,5.28533483276734,51.65611379929938,38.40057851701166,0
4604,83.11693449272661,4.430563254984749,52.53401297276237,34.49319153343237,0
4605,59.07858406571267,6.285737582634932,39.33407786185928,38.69804467195238,0
4606,67.46323922457618,7.286957894724134,60.498762739979945,40.164409286193816,0
4607,66.54835294550203,0.7971326457681629,47.12254893451939,31.02069106619943,0
4608,74.89254535076327,5.651395474883107,45.33264420787479,46.3067986209788,0
4609,76.86353555014533,2.860026183784479,48.723969327801875,36.295722855303296,1
4610,61.61107325974264,5.748665760198412,57.558367070927154,31.581156497146566,0
4611,70.67838513916938,5.1918908035618685,61.040230237717736,36.48392571718132,0
4612,49.800726678438636,5.953589789660825,50.627043397379225,42.422581566202865,0
4613,84.4194500580189,4.251128578258017,54.99042086301827,40.830381998133035,0
4614,64.87625759323306,2.190139832271272,50.21602024342752,44.22118114904462,0
4615,70.55863939844497,4.324447713114997,44.81102263490908,48.98346125075529,0
4616,66.90350286011939,5.610271452709675,57.383718353941454,53.04940204008033,0
4617,81.46027575013414,6.523088493012835,46.88936259821806,42.854861626880535,0
4618,41.62493558602621,3.2422530492912123,57.677653866859416,29.30597612764503,0
4619,69.83389657674091,6.540590640309526,56.49270664884542,37.30889197469699,0
4620,68.94181242502302,4.028191565530218,53.07018131978604,29.956816156169918,0
4621,65.46363612408317,5.5436748223917895,59.14487378127177,56.968540737122815,0
4622,87.26226545635632,4.235159070701551,61.16173016592869,59.87400882527163,1
4623,61.12670541144229,5.273255941568152,49.12378318517844,46.50311197496343,0
4624,77.71796177235662,6.337816451855412,45.956029407917846,48.584588426390305,0
4625,73.56252788706084,3.1594788840671963,40.67865081371764,42.50943193236659,0
4626,82.61519252535516,3.9801411548797527,61.22341127715128,43.66055915460791,0
4627,63.32810915222495,5.27744388101313,47.80158995540775,24.025457816708773,0
4628,62.67031100876241,8.602375491545528,55.6751842855087,39.260676347430895,0
4629,80.96069907477398,3.7052154317497576,46.29372316245259,31.1884693765374,1
4630,74.2532130833011,8.060200828995377,57.69132820456018,42.8135653753837,0
4631,54.55062653323242,8.006634955512755,46.499412040922934,39.40390154611466,0
4632,64.60694985536729,4.854033273947613,44.041404331913284,59.46821962346114,0
4633,73.86382653848061,4.55277121070015,48.95746784523125,49.16627688722841,0
4634,78.3776422154659,3.961902202002962,47.341121495191814,42.84511982521645,0
4635,63.207693468070445,4.897696204500996,52.98149892730606,37.33060312860374,0
4636,40.85744010183059,2.889920851160663,49.74302536403738,56.76021458759929,0
4637,75.23223185737034,4.885641474019104,53.13851197275961,39.7004535387347,0
4638,57.796793100560244,7.2453204107762845,48.54489263457353,43.31673961635278,1
4639,49.82661201877589,4.083372406284924,46.67446314490597,40.42249604426835,1
4640,41.676740750158594,4.6389135440164235,47.082197260519635,35.95846094292678,0
4641,78.1398086019774,2.4482892885991374,60.22469399015513,40.365062223855205,0
4642,71.28617450404967,5.561093132196565,51.12585466113468,20.38033149321684,0
4643,67.74343619287748,5.396722527427061,40.08118895273478,24.522935987588127,0
4644,83.89024362962762,5.095553539648656,47.398954932729595,43.49630541669627,0
4645,76.37324683023073,4.674759424666785,50.48433016237938,55.68199690527486,0
4646,86.16300042721917,4.560863121841318,59.226998406251894,43.48221104144169,0
4647,56.072645278330036,5.752850350551008,55.1434935794495,32.79631145103346,1
4648,69.65449376046037,4.956775097617065,45.391410817590426,25.571462459326646,0
4649,53.83286625051986,5.472457807332998,62.09177876786225,47.84527260475639,0
4650,67.70617668144533,5.322474226181822,49.84419817599261,34.32804848984899,0
4651,67.51384146233323,6.685140930643643,56.231649055374724,46.4323541855256,0
4652,76.26613637263071,6.0154911460625815,44.22495751300049,43.89865158065717,0
4653,70.45563881141898,5.289292764725286,38.00918452374551,44.7830039225469,0
4654,76.23407138279916,7.27763304597827,42.9578425481582,40.33601707353556,0
4655,77.03440133138895,5.630402793584842,33.74833261902147,43.836443849696415,0
4656,91.54928677383143,6.957444033185628,60.560446636264544,38.80545598743665,0
4657,66.84703344713876,5.910413912579957,51.07266459443208,33.64693465631797,0
4658,60.58977299333621,2.2371213816026856,45.37677990775984,30.365009394839483,0
4659,72.46083615316408,6.957252144978995,52.2631201499006,16.149912020290213,1
4660,61.97719972860457,5.202764362014004,50.94667018090083,38.188904375954905,0
4661,84.81960768436537,4.922067843648833,53.10466697806996,55.19378182951953,1
4662,67.16781961054767,5.422022521234366,56.047657005681344,47.300800925375974,0
4663,64.3442363212601,4.482525257064399,48.55039423487492,42.277091184759584,1
4664,65.28684278848883,5.340543290583418,45.60080346949506,32.65995005710849,0
4665,77.18417423471641,4.112185900485361,54.138876071859585,49.973392257590774,0
4666,68.42253016768515,6.911408388101555,54.01166388942233,38.80690688196975,0
4667,63.58333179869618,4.8296178295684244,50.50367904060673,55.749343137890584,0
4668,86.6535191762353,4.426124235916349,60.887770943403865,30.18912736705319,0
4669,61.4383015933825,3.612611276421089,47.81088938569174,32.500304720273434,0
4670,70.35566074032994,5.403163683722962,45.50071014182366,31.527300557803716,0
4671,76.5230615161023,5.280660650187638,52.09045713753301,25.17881629565987,0
4672,53.686648895829265,5.58263692051626,46.625310715432505,30.629553148082373,0
4673,74.80260501405925,3.4591221687423066,52.477582620724476,41.03216259765917,0
4674,59.4489232451955,2.5982282017826406,45.8349587208028,32.87798975149372,0
4675,78.22782780834002,5.9383869537598395,47.99878858534057,1.4362467075940302,0
4676,60.37348988081024,7.226962792814762,59.45420210019583,50.74273297420122,1
4677,76.9276903184886,3.460469566415156,47.9720632162616,23.159062706525944,0
4678,81.05833066294713,7.384161925342548,46.00574227991352,45.89228284886637,1
4679,78.61436525632806,5.425866588104571,55.8533939435325,40.31214589669565,0
4680,72.51316648238102,4.989405643173756,44.74479024856653,61.173728164203425,1
4681,67.686990570703,4.403676955181333,46.53528384926466,49.969574815226196,0
4682,64.23580423665156,2.923222970862505,52.88280560254497,34.953954045150255,0
4683,84.71034690817103,6.4815927738868995,54.69205711936646,32.97936437644688,0
4684,63.00504779832357,3.836590457843595,56.10238195540537,55.027276807992855,0
4685,59.62933926430004,3.8302899863935993,46.263890838897574,25.241289028985882,0
4686,76.6536893503283,6.487889464830432,52.9800433649306,41.90879935918708,0
4687,62.03863196813505,2.17552482999241,47.669459002279105,38.68879536750328,0
4688,60.499365025338726,2.71460328399775,46.97172183244684,36.56773931295324,0
4689,55.56395737830235,4.972798634737877,56.01606391146143,43.535139844484256,0
4690,65.17090160539482,5.439926643507278,47.25222802070207,41.895598605086754,0
4691,69.17284976103507,5.7271019719533856,51.3910229801049,44.574007427917444,0
4692,72.43091727660699,4.547302259905621,50.777897346153196,41.38975652363284,0
4693,79.51306244299484,8.795554502962535,44.64622811830749,44.176814050172474,0
4694,75.26897923665794,4.658161161851249,54.830464276781605,40.93365192931595,0
4695,68.0912778044682,4.653820771845917,52.80140446839477,33.40573112783686,0
4696,68.0180432362028,3.8045199967791836,40.06854694064789,40.040012602365955,1
4697,75.10157468915183,5.185860224781607,51.38710555618672,32.856134402959796,0
4698,82.7257016292857,5.922441848070162,46.13513282916689,32.1962339526915,0
4699,71.263141994832,6.80536708180019,55.48537653206314,36.63849997282248,0
4700,65.3086914578959,2.766073603339673,42.77300081609621,38.805768392641575,0
4701,60.07133998914455,4.631006992466449,48.21761515685228,40.35225306347811,0
4702,55.547947355877746,5.6700554162137164,51.81012275494233,49.1637882736333,0
4703,76.66269672043524,5.880586301891803,50.271701470709374,35.015359174591566,0
4704,75.77978523639557,5.0098229867068085,53.81479128356986,41.9685192647482,0
4705,75.77363525106662,5.813635954298153,42.40789006995355,41.18027713943819,0
4706,68.71340553647944,3.786554160611299,58.25957168433689,33.913717125339346,0
4707,84.0693474589175,7.3368581484775355,52.625723293941356,40.737407862065446,0
4708,65.15881505415183,6.488942154469145,56.79859106500448,50.02721415177314,1
4709,79.55269237207206,2.9826083194022415,54.37120084616621,41.865062168834,0
4710,69.61257105010456,3.3873454278248665,49.94194942772478,42.26583929027308,0
4711,63.91649235320662,3.4296173748396406,43.579008945444194,32.946716690573325,0
4712,75.92530307317762,6.016954956344793,47.18223409375649,59.68858851204876,0
4713,74.09636118683994,3.0729083503737993,57.94781666431289,33.51643629677499,0
4714,73.56972759266927,4.503463498687879,56.92718890828191,23.32216539452522,0
4715,70.812784220562,5.682056594625162,46.90200009948155,48.601841202180765,1
4716,69.62106918283169,4.900751098180348,35.90847856898911,38.85182960351574,0
4717,93.88371992870438,5.388331273569059,48.93655132847441,36.96958179052925,0
4718,81.84256645196173,3.4012959329768626,48.561485559354416,34.544462195884726,0
4719,77.22826894985512,5.892281560095867,48.75113693979808,58.71714624315838,0
4720,71.11799158203388,4.080182161286006,52.64269600915701,43.545902786046824,0
4721,80.07157200596669,4.513070488403088,54.38106289660831,45.49751221645085,1
4722,75.17994776391451,5.356597591858979,54.95149773549762,41.62615623582268,1
4723,70.26204752774035,5.154617332296272,52.22854570067683,42.70049613445196,0
4724,66.96435674734084,5.03597002852339,40.99614649038682,53.98624610559414,0
4725,69.19082662337311,3.8740597670348667,48.29400133653352,37.49145338772305,1
4726,38.29574264121945,4.550675883201212,61.52044891774595,25.4306245447927,0
4727,72.10600839297642,5.003275386255554,51.87108367401239,48.68054654227777,0
4728,65.1152391988964,2.937372150249373,51.839097842219324,44.96701612242392,0
4729,85.92669998282884,4.3062005505299314,51.79742969886929,41.07979812885043,0
4730,70.19344070811755,5.581519818549269,52.076898112529946,44.707532415477864,0
4731,58.110365804650385,3.083845094231986,38.084439094570385,36.29255779705826,0
4732,69.50119845871882,6.7348724773913595,48.80237841544466,40.206925828542595,0
4733,59.538789149374956,6.904419893899764,49.81053584102655,38.6829974614009,0
4734,74.73407415712467,3.1322741360598716,56.407476996267064,34.08511742929083,0
4735,72.90947364339485,7.036429449575209,50.23836447311148,51.89172783105003,0
4736,79.57839631108267,4.7846276169317985,41.767443066990296,25.877413725821995,0
4737,62.09118208305435,5.627771838735582,52.15044578085876,63.60882171812967,0
4738,70.34008096228146,4.25502342180763,45.98087675878627,48.773622092064755,0
4739,56.34978204573365,6.384567240840143,43.91607179459291,22.22024465297649,0
4740,77.01494781924714,5.609141028273001,45.82920476641709,37.758336705090706,0
4741,75.18871180440122,3.778770115103595,52.71252114832258,38.31454084096442,0
4742,74.9580502102757,3.2521970000520675,56.29380619880034,43.918866289421125,0
4743,70.01619031356941,2.809546347186166,52.414649725887934,30.1062172926028,0
4744,74.14772890788791,5.281912664649135,53.16011611808511,40.320253433682176,0
4745,86.04339108308596,5.858707117669604,52.36522636419001,38.78880601877353,0
4746,67.14905742957986,5.976448518169162,50.50663588430234,32.623816374265616,0
4747,71.38645183710085,4.8230283580889335,53.484653174813786,31.23247768528768,0
4748,59.1387370081859,3.2645053165034543,37.9061226646529,49.18804646702357,0
4749,61.317390384016676,3.9768878029643258,50.55544175652417,23.034174599574065,0
4750,70.97813293093307,6.7285229584428885,44.77537482688874,44.778789360960516,0
4751,81.03933546701907,4.273057153099878,55.8145128627207,47.97510306878124,1
4752,67.43719175748427,5.215126446022214,49.2642234739157,37.81441661661584,0
4753,67.64083470687876,3.3865242746376687,50.15474044133915,40.52372839724996,0
4754,65.93114755495625,5.504874568188552,42.47464062873098,51.634949996973816,0
4755,64.65243329155678,4.313473157481384,55.08415444506426,32.95148489275943,0
4756,72.94971455708821,6.570069070663646,53.136640601369045,33.98347571110876,0
4757,55.027423548213555,6.16033655931022,52.78473941170252,35.045163189006914,0
4758,82.80939576666728,4.25644108013765,45.93488573915589,51.653255992232815,0
4759,63.34577701870539,4.810003958978505,46.13180077530935,52.922937468847074,1
4760,77.21903485438142,4.173325639939057,51.11799727222952,26.04109765536381,0
4761,57.30001402606124,2.870850205182485,46.52750794875975,50.062407473116366,1
4762,76.68840130546218,3.713836355679175,52.17446481338669,48.189083063472836,0
4763,76.71944607814497,5.29732599158123,39.19543698616639,55.535948104498274,1
4764,73.84202072005897,5.487889247344373,47.562277217967036,43.851080321263794,1
4765,60.05571478200208,5.2228218553889585,58.983767327132455,39.55739879721423,1
4766,72.49548189598077,4.547400419062046,52.19742913997882,51.45216686571659,0
4767,58.16943815265611,6.399599908581478,50.83396832265496,46.989037915017654,1
4768,67.47236744903815,5.095312856841406,59.92613267835678,62.448984141487266,1
4769,80.29413100955325,6.05488074214392,38.32023190599282,49.587078449618275,0
4770,77.96701927070742,2.3393373016962222,45.92344442605946,41.535479764239156,0
4771,70.15182942540433,-0.8836003774275136,47.99413414126305,28.258956196238287,0
4772,60.25193424077158,5.4256820417571205,54.29175616502695,34.19082822805882,0
4773,76.45587712174193,2.8628515194177657,54.37828181614118,25.64045021971984,0
4774,70.19381237698025,4.681322445930416,45.66996645508687,37.849379639391366,0
4775,46.79684401769577,4.546854438463091,54.98977161071275,49.26067593232845,0
4776,77.82629826316519,7.381100903623306,47.983426163391464,39.96328911519485,0
4777,69.75767166130308,5.59999482941541,56.058198128245834,50.21725268760073,0
4778,82.02451247983072,5.248788540198009,44.83678650938971,43.37573733439014,0
4779,59.04729481157195,6.25548673195051,49.3834420046692,35.969077102459906,0
4780,38.23296186803999,5.552746380258558,47.5491634231172,40.87625155169964,0
4781,72.79083858345186,4.31348451051735,55.28015185782857,44.72096691055096,0
4782,72.91563676681973,6.60721389538184,47.38609391716915,41.39223398463616,0
4783,53.093283723935485,3.3353748081675887,49.78775735494122,41.50684228851914,0
4784,60.21500454133394,5.4848707813003434,52.53405698831524,32.30949892413294,0
4785,97.55217743719902,2.6786453087955335,52.7262924151306,35.67023734757784,0
4786,66.94389385846196,5.305915786273992,54.434763037365855,62.58460796154644,0
4787,77.30958976376216,5.289484462659394,51.05562388422334,52.28466490423543,0
4788,63.493401726316165,7.514682442871994,47.908755423600844,25.261591031902842,0
4789,49.09697101146843,2.652539159837331,48.251506273206246,16.330310424936382,1
4790,68.29741753204094,4.098669236219282,50.12836157603806,40.76192421448722,0
4791,67.34395439713894,6.234023639861215,51.247962380371916,48.9347289442599,0
4792,66.00121761331629,5.502975884595962,49.264141760757816,34.80058162577793,1
4793,68.85359164493607,5.270457577006255,50.09601710482774,50.21658728197938,1
4794,72.64268271645636,3.5657964455621913,42.41373069713947,40.596545650070844,1
4795,68.49883048746193,4.113772477862856,53.33677642227339,38.36938720273025,0
4796,57.35993832052636,6.867561512334885,50.90556144444715,47.561151761751816,0
4797,74.86184791561939,4.922736209369108,55.00935206770544,34.68124207097731,1
4798,50.50628244677577,5.56303954421671,50.000802537035426,37.132936781963465,1
4799,49.496425427158,4.827217506835281,41.308012107391065,46.70167262130463,0
4800,77.39180494701569,3.225371727125352,48.20776905346663,39.68604062933976,0
4801,75.07020272135357,6.400715639112494,49.000350384407916,59.08776273377735,0
4802,69.42604634925964,5.754848576798745,53.714516527167994,46.93825412856018,0
4803,56.04551495244928,8.458455256050783,39.64863227743302,46.28813828332762,0
4804,62.920890593259244,3.4766279305241823,50.205897584744676,39.504953539349316,0
4805,67.37253252313496,6.233859381800721,52.56837607896653,48.74754676709606,0
4806,54.041060314258864,3.032684050944498,46.6925605735924,36.77392227198354,0
4807,62.60971341976767,5.236019851509616,50.373140049084235,42.823777511995154,0
4808,76.5233033817668,6.464759883594747,46.864817454250776,30.837069529954398,0
4809,84.27305364289217,1.8917973258552694,46.35213533389805,50.394413922305915,0
4810,65.8056524734145,4.692601288637588,47.957900749343416,42.906046972617915,0
4811,77.56488354316099,4.155185398936069,46.446540037664946,59.82513063697877,0
4812,50.859399294125325,3.9470640525573173,53.41809155968166,63.92298383669758,0
4813,76.59451241113612,5.577818978389031,46.32524061582311,47.63319451433148,0
4814,61.96051585272519,6.6810285596338925,45.48544996476036,40.684253112079034,0
4815,73.0734561670797,4.800081927156267,58.83964333419767,30.539354878744312,0
4816,67.52247581760291,5.308229641340031,54.803700059120175,49.047498032588244,0
4817,83.20414009783835,5.171463129588871,40.692433196704,42.10284563895228,0
4818,61.25564351660082,5.002705259534621,46.176158550737334,45.38034839154462,0
4819,76.27606297561832,3.3659860434318407,51.21231485861355,57.297873874562434,0
4820,67.20492536703466,6.6626669025843395,51.61877533615747,31.75576711336653,1
4821,68.41694521990337,5.442793052238254,42.54753567131553,30.756958315186637,0
4822,68.1614610684079,5.592322235003866,55.79282746411161,37.6357406162932,0
4823,61.54326895505887,3.7902355564616266,54.12612209590813,48.21201149751823,0
4824,69.85901034093328,4.311169403016139,52.409508160201696,45.54867240214488,0
4825,69.37351777878179,4.735798703433833,56.7836424535606,31.043114883042275,1
4826,72.41240248406729,2.6988129598267228,52.26144996285459,47.56552900702482,0
4827,70.84505145692863,2.467948512203483,52.242904396259235,27.98787181106737,1
4828,77.97994549612237,4.098878104042148,57.78839635911121,31.622583256511426,0
4829,79.23508616047368,5.783781149663585,55.50609790363855,38.8454268281081,1
4830,59.49376678172199,4.020293915105089,45.79246270544235,34.4656875402478,0
4831,78.68772500590771,3.47179220361393,53.16597589335958,48.89859488650934,1
4832,58.13663572890145,3.7779715201434945,46.67866067520709,42.86378483001094,0
4833,75.87855888137734,4.316986365282031,52.52077275475139,57.65561177627261,0
4834,76.1973878470287,4.469211555769844,52.38306753509907,37.528146346455856,0
4835,50.88683108337496,8.248282178309836,43.08266343772007,38.77797848959256,0
4836,70.9297924652941,6.581930942730978,49.390771943444825,52.10382609061763,0
4837,65.31503886639685,6.5371611684225925,51.32628511790201,39.09079196876204,0
4838,62.41234742064625,6.7528705464100724,47.818549045029215,54.940052477075454,0
4839,83.50852330699006,3.501768695998926,51.573549711953795,45.40828210384492,0
4840,63.46320859362581,3.166453077519141,54.02948888500534,16.47213530114641,0
4841,61.9362307088195,3.3396945626989147,49.84703467884622,51.77570414149464,0
4842,70.75694940005093,7.001759200006757,51.122997383541296,49.127268131198086,0
4843,76.85589746298416,4.179212316676264,56.91712039277988,49.513326061105445,0
4844,68.58351413989872,3.1229657266410698,52.36598291612613,20.89021621454742,0
4845,81.66370545669253,4.353505699670281,51.004121448372366,33.370100387289526,0
4846,75.30975661964091,4.642091702428059,45.2096031017932,34.1129516644323,0
4847,48.2178868026857,5.402619910541843,53.35513005694425,31.588786324396075,0
4848,64.70533036492992,5.376426531068065,51.65074974695969,57.41922531893938,0
4849,64.38157900648301,3.7577291541897377,56.41869716850704,39.88232162176366,0
4850,74.79360953429422,6.028484588770566,50.23439271651656,39.634390573708295,0
4851,43.75182943625888,4.041209699374763,40.91866749933002,45.52008310315779,0
4852,95.49009708717722,4.765585494942435,41.49939565585869,45.69301667889382,0
4853,75.3102609489421,6.030161105755033,53.678403818798664,6.651072893741706,0
4854,71.4887680391769,4.037267894083488,47.149032011509235,33.53642462850637,0
4855,81.81567716419147,4.145972864628294,52.183838755552486,25.872114222087234,1
4856,93.43654052812624,5.887502074539697,50.57116322251178,44.0030609315482,0
4857,78.70746644588404,3.713400235092471,49.165801661530395,37.111075856659525,0
4858,79.4881309647162,4.422811964593894,49.518193572058884,40.15387564501269,0
4859,71.30690024464383,5.833613267064338,45.67305247477387,19.21480251109477,0
4860,68.58474246633051,8.081138662153963,49.921111555501646,36.90147775309502,0
4861,65.242045559951,5.90810675714412,47.077532836028006,51.15130251832815,0
4862,61.73888008285458,5.7089596444850175,48.13871739937147,54.09449483102168,0
4863,63.12985900300502,5.796202375509094,48.381754776454194,47.188634195407,0
4864,56.494440356570166,3.390214588899426,48.866533650506405,26.645347065518813,0
4865,69.24128549314976,5.173395108019862,54.61086728253543,52.59401802992124,0
4866,53.153324227736135,4.9553502674953975,49.35104585397653,47.240022550000155,0
4867,71.90916524143711,5.482376810559134,55.11851168295049,38.82810965935462,1
4868,69.63669391957659,5.1747620787138064,57.68927475663241,19.74963685490256,0
4869,71.46935298386688,5.569549516125669,54.27472325528075,49.53594950662517,1
4870,64.77868429980008,4.532799207651197,52.672342675342556,34.07833670016621,1
4871,100.76860370180503,5.087913376057689,51.6341610474176,43.46165821054781,1
4872,83.60115900180313,3.158257150914512,54.326793545250354,40.683938606366624,1
4873,57.55457499915277,4.520139082995629,50.4468036929812,55.383949844382784,1
4874,72.32868087426898,7.086250322264965,54.922849229785996,38.74633014002492,0
4875,63.91993857062676,5.4782125094423835,53.07052902644842,39.84886409914052,0
4876,59.85520273292586,4.968618443925385,48.200797696098064,55.7861539047863,0
4877,56.599279288760656,7.84418491438152,54.47925440051403,33.41777756249812,0
4878,74.32216690759253,2.958747532548381,50.45740002988784,48.14322851407777,0
4879,63.18619764930426,3.33581666683067,49.46933996193842,38.01384277121536,0
4880,79.67826024025204,7.569067116914409,47.619004198005065,29.97458037995071,0
4881,79.9378221453044,5.068941404073401,50.83009423937286,40.011609867208726,1
4882,83.7391438521145,4.636125445565309,54.982313077064916,46.91705113607988,0
4883,61.47613233925897,3.201193512356535,54.44470002796518,53.537098399765114,0
4884,74.7536561069201,5.671544399592518,51.76696898729478,54.74693985345682,0
4885,76.32454216642302,5.816689804291194,52.99821820362518,37.052359257744676,0
4886,65.25821824896035,3.3582584587476556,56.35848395761279,30.127507679677862,1
4887,62.28228042607125,4.789586621674357,49.250168544145694,36.812611004225204,0
4888,86.09520665775973,4.496726251950401,44.422899982348966,28.184692466698444,0
4889,72.27495875732053,5.383965719628157,56.505649260892866,37.82613800583495,0
4890,76.35967750711738,3.321124636669034,47.35110873984641,36.583347163802415,0
4891,61.77923988172073,6.877921181769736,46.548309383280476,47.27490204156766,0
4892,57.80715533477806,6.373735672396407,41.01901122332724,17.940648200856216,0
4893,64.30550225507889,4.455236661900775,52.85641526582148,32.6639205391336,0
4894,68.75978612610002,4.675371932542443,41.89273687723889,32.744816955580845,0
4895,59.35779993182651,4.7953667745835755,46.24870596154132,51.871272524080254,1
4896,69.90155191349616,3.832537170490245,52.941183972575296,28.86155622598983,0
4897,53.114948119315,4.334855872647447,53.60960626204186,42.26657359648994,0
4898,58.79952577530128,4.5945944484880865,46.74147925890883,38.71871585580219,0
4899,76.70911248276875,7.419302556060693,49.32923336503797,50.43042526836382,0
4900,76.03790520277894,6.4199274624956555,45.63702736796923,45.95831864510547,1
4901,66.08123234613133,6.401982061004936,47.25801606094409,41.2124373182038,0
4902,59.82235690923047,5.554888419506586,51.331076300764536,34.45333125411932,1
4903,59.72596448473989,3.324009486603148,47.49176660601771,21.47657496890124,0
4904,66.26731754058686,4.937763343133931,48.778924799121654,42.470856556874054,0
4905,76.44518491645292,6.45573268942007,42.67646659191217,45.30489798529873,0
4906,79.28245691344324,3.112603055949068,55.664780824030686,24.25132387525347,0
4907,65.03468264518031,5.954829810309897,52.550332965855326,27.663058356714508,0
4908,58.46507574015216,8.48391383789415,53.96452685918601,42.52329973371676,0
4909,72.67843637866333,6.592724968984598,56.45212662308431,43.3914168620787,0
4910,61.764650293741504,7.1210437033429805,45.87393562227142,30.093526899079407,0
4911,64.81747361138798,5.3275081256632415,48.208027584859884,34.25935286431962,0
4912,83.25276090437038,6.4518979231474844,40.52582816208894,21.635111614295734,0
4913,78.27115428565767,3.923220178468947,65.70211455051118,53.77263903813234,0
4914,71.57974312251451,6.19379571851184,49.25207342341312,27.001255926315476,0
4915,57.280809988872775,5.981582201091145,55.19363949957456,45.42259391248551,0
4916,72.11396567470659,5.434866761056495,43.80919427832271,39.6503930384662,0
4917,80.62657290787527,6.974011129577748,54.981942128215046,52.89593619624759,0
4918,66.24366334234465,4.191822743228917,59.28795438324833,32.07745907225244,0
4919,83.51114089986714,4.719413725289506,49.69859625486009,40.61252710340387,0
4920,82.92745289518207,5.143193062037445,44.94559251705199,23.015730907626498,1
4921,86.63732832143474,3.4555835433658992,49.30601799527232,20.614731630602463,1
4922,73.05243126531353,5.340397915700372,38.86619237521387,45.963335838654736,1
4923,75.87391699806012,2.4216043805692298,49.81056649489079,22.14974160930298,0
4924,84.1418728833109,6.5704318016423136,54.104835696564976,37.717824655654695,0
4925,74.47393937068975,5.069956049848948,49.82121177813243,50.1129544797292,0
4926,64.98765892209788,4.2186606441443555,48.579302226555164,47.466848560946794,0
4927,65.51457163472139,3.7484395815573177,52.637840580560166,33.35414512051406,0
4928,72.38554953773739,4.648131455571218,53.02012423474776,24.114968635918274,0
4929,57.09438578053781,6.032389566158621,41.70047218747409,45.094948616555286,0
4930,68.56741084635807,5.821608468106341,50.444114811393945,53.42256782860181,0
4931,80.96547118230254,3.9416930790823086,62.17992562114622,33.37761921334376,0
4932,48.08746148834719,3.7309404910585484,43.32491877175988,31.966871415928836,0
4933,85.34482101794515,5.985348059479471,49.57290583583467,34.750980371310014,0
4934,81.22374218703159,3.916478893077456,59.70873061025851,45.71608710807116,1
4935,65.40235384169523,5.089864661119256,55.52087578271838,52.28517606414913,0
4936,75.43390827871809,5.185631963786416,47.43301659611969,27.60393188619478,0
4937,70.03147726906326,5.4680931975901075,51.03067689811302,25.01718190675347,0
4938,82.29990368438683,6.287405645272807,49.989441600075885,63.399963219324476,0
4939,79.82683142769942,3.105555594699016,46.259640978391666,38.226772121099614,0
4940,55.99929276816991,2.1332610121092683,49.62873946253459,42.5289279569031,0
4941,75.87262413464177,4.148829078157473,48.60016933596735,33.08069159382361,0
4942,67.94372146356753,7.702292611748279,50.56374469038375,44.89962309452716,0
4943,70.828325705181,8.033261150131068,46.258084096544835,49.60060874701522,0
4944,62.71828099030184,7.7467657033488315,43.616908998776694,42.997961715729296,0
4945,87.48137069120835,4.7105279483589655,49.79359613303814,57.40858077014435,0
4946,80.40061819902576,2.3268273770227568,58.5755910908939,36.732554100589084,1
4947,62.60228836027033,1.4854413475222388,50.41101463131398,37.37117526964624,0
4948,56.653893930897674,4.078942757675883,48.34203110534227,42.314063512774155,1
4949,66.14327369022152,4.70288955477596,53.77042902519249,44.64961645506097,0
4950,74.34502646091306,6.950938101583938,49.208401937023105,42.279472620626095,0
4951,72.40205843946222,6.301708189313668,59.34016462479555,27.15584973044909,0
4952,82.53132824768244,5.341107618487431,49.98043745352461,43.12515166195561,1
4953,77.89919722180852,3.6652328435882877,53.502485315790814,36.258264151965626,0
4954,79.69569025752907,3.5588306626326647,46.22697808803363,34.19022985925354,1
4955,73.26855400610437,5.381191530607153,52.51544626668331,40.32482054753244,0
4956,56.1070126978901,6.04557646825959,51.37546738471877,30.384773126707856,0
4957,68.04301468853099,5.5878218933683765,49.71746937670396,28.646086761267686,0
4958,80.60089739908665,3.448103060590018,47.4912111941514,13.845310399961505,0
4959,69.48477071475354,5.976001443188129,46.80984917173813,57.47237328509891,0
4960,75.03090368623747,5.638866450652117,51.41176331989826,45.557313191030026,0
4961,66.81251684753867,3.3940003907147327,53.14469554848237,38.83235878693695,0
4962,59.70188151458155,3.8235185445496165,49.364186018529345,33.32776763113352,0
4963,68.76655935953889,6.03274396184235,51.436339645603965,11.239677179535832,0
4964,73.09047443032654,4.648238697281164,49.810426609336155,32.71471123778515,0
4965,63.44312280538556,7.383720952454686,50.49263012452694,47.15866337164076,0
4966,67.64288755143332,5.751693914096864,48.99777508661388,49.42174303593869,0
4967,60.605367580140175,4.270053217716097,50.08986289684154,46.42291993603302,0
4968,81.19244917564096,4.984691599413601,63.49020228408713,41.58391955752469,1
4969,67.05544242411966,5.095075088956578,51.558171494037126,53.03874145931379,0
4970,84.52755545126183,3.907414530137435,53.22648479215521,36.71462777911459,1
4971,85.28747850540908,3.63111770273356,52.190118026640484,50.851889161343614,0
4972,69.18954035278256,6.052084840714249,48.6859158835147,36.15417556279787,0
4973,59.915512674526504,6.267909945563144,56.46994606645834,31.188586911222377,0
4974,49.14102122266662,5.905672204329438,48.544181147868294,29.942870195774788,0
4975,55.279629269732084,7.272977141485702,55.27527274471276,29.35503578827047,0
4976,56.2616517510134,4.187340145982597,48.328965009667755,46.590680288024856,0
4977,83.78469627461504,7.511406149106696,45.20013740427979,32.57254428902922,0
4978,71.15824587226946,3.6486183221687707,51.826981041180964,29.66971154965056,0
4979,73.89604524091988,3.4809716549472607,44.476658219489465,47.1373521966136,0
4980,47.795789910648736,2.360061676776125,52.67820112508305,43.279703904722325,0
4981,58.020335707827385,4.331307029259774,44.02920671954342,49.625919828458024,0
4982,78.87079776446286,4.24441649475582,48.40495984763573,45.125995112727985,1
4983,72.86774112382587,5.788905920381976,42.841351517376296,32.468884198026885,0
4984,68.52794721314403,5.365836412430676,64.12083504701364,40.76102416468587,0
4985,75.64842358600123,3.2105399434712947,41.73020220191843,41.25132990769677,0
4986,86.35797806135815,4.410910642361274,50.04906870198202,30.808413415259977,0
4987,67.7895753646295,4.442806968368472,55.71652137165007,28.953750259060072,0
4988,70.69369802658069,2.336026629557161,55.18192954293512,33.19278390882295,0
4989,71.92596918731306,3.5285799094799457,54.25671061086569,60.365823566720806,0
4990,93.92109635273992,3.843779554078866,48.41385805889262,35.872559057784514,0
4991,49.006437355809744,7.15043752973142,56.75544473168501,52.32866791386714,0
4992,76.83223014788808,5.2871760739360285,54.566955454010916,35.31339490520202,0
4993,68.85197751240936,5.993253130921249,51.061498088302386,48.88838819539992,0
4994,75.6677172618418,2.752046754276182,51.20290378863296,49.02491655557847,0
4995,63.42627446005275,6.791321724520987,48.480386761923135,49.52590507952045,0
4996,69.5103496914155,6.951653094536139,45.45173987083481,43.878273420089585,0
4997,77.11410579465495,2.002482549283061,56.185754877393585,53.77366578781151,0
4998,101.1291020104384,3.9420249141262276,56.56103996800766,43.78353969352728,0
4999,78.08036189402071,5.743648359523266,45.57945429485039,57.1352972934028,1
5000,61.51934401969491,5.9665826803072735,49.23107417426904,23.800801968115664,0
